{"type": "FeatureCollection", "features": [{"type": "Feature", "properties": {"name": "India", "admin_level": 2, "source": "OpenStreetMap via Nominatim", "osm_type": "relation", "osm_id": 304716, "licence": "ODbL \u2014 \u00a9 OpenStreetMap contributors", "fetched": "2026-09-09", "simplified_deg": 0.002, "note": "Simplified to ~220 m, inside a 375 m VIIRS pixel, so the simplification cannot move a detection across the border. Used to clip FIRMS detections; the FIRMS API only accepts a rectangle."}, "geometry": {"type": "MultiPolygon", "coordinates": [[[[67.9544415, 23.4747156], [68.1966065, 23.2588137], [68.422641, 23.0681938], [68.7392676, 22.2210143], [68.7506346, 22.1773778], [68.7677491, 22.1423611], [68.785285, 22.1168315], [68.893673, 21.995666], [68.9243589, 21.9678382], [68.9459083, 21.9416183], [69.0770196, 21.8035782], [69.1366166, 21.7479218], [69.2307971, 21.6731845], [69.2915326, 21.6156949], [69.3337705, 21.584078], [69.4021427, 21.5199355], [69.4188969, 21.4968851], [69.4410397, 21.4743144], [69.4744294, 21.4503723], [69.5107195, 21.4335028], [69.5529548, 21.3946552], [69.7969138, 21.120012], [69.8893938, 21.0204255], [69.9508114, 20.9605159], [69.9801043, 20.938199], [70.0378352, 20.8862922], [70.1234621, 20.8167461], [70.1987073, 20.7627831], [70.2831338, 20.7130619], [70.3270926, 20.6814817], [70.4381263, 20.6257885], [70.5020716, 20.5967884], [70.5544077, 20.5813505], [70.6623543, 20.5344288], [70.7034621, 20.5228038], [72.4523373, 19.7037532], [72.4788871, 19.5923532], [72.4929884, 19.4978149], [72.5411156, 19.3010346], [72.5635345, 19.1161681], [72.5787669, 18.9062657], [72.6051886, 18.6666106], [72.7124814, 18.2162023], [72.8308751, 17.878953], [72.9330121, 17.5130782], [72.9848858, 17.2562883], [73.0470206, 16.9935927], [73.1048496, 16.5031086], [73.2516433, 15.8470836], [73.2639168, 15.8095226], [73.5796622, 15.2470584], [73.7281845, 14.9924317], [73.8761662, 14.714523], [74.1766682, 14.2739099], [74.1195172, 14.0461466], [74.1179355, 13.9904903], [74.1305189, 13.9385874], [74.4492782, 13.3419703], [74.4662333, 13.1752221], [74.4781194, 13.1280456], [74.6223883, 12.8039449], [74.6311796, 12.7773181], [74.667803, 12.696854], [74.8206216, 12.3298927], [75.0163343, 11.9200111], [75.3515104, 11.3905271], [75.7272426, 10.7015409], [75.8345657, 10.4619373], [76.025362, 9.9216449], [76.1149362, 9.4657484], [76.1469602, 9.3497007], [76.1964022, 9.2302002], [76.3239251, 8.9534132], [76.3418752, 8.8744471], [76.3680723, 8.8080015], [76.3869459, 8.7790278], [76.42432, 8.7357458], [76.449604, 8.7148597], [76.4833227, 8.6948532], [76.5106293, 8.6604207], [76.5408585, 8.6132968], [76.7235897, 8.3885073], [76.7802759, 8.3229218], [76.8035692, 8.2789639], [76.82767, 8.2477021], [76.884636, 8.1984952], [76.9174123, 8.1776341], [77.0271109, 8.0940101], [77.0534037, 8.0668709], [77.0880481, 8.0430222], [77.1185253, 8.0154258], [77.1558311, 7.9933581], [77.1778676, 7.9723703], [77.207759, 7.9513525], [77.2577708, 7.9283994], [77.2900609, 7.9214282], [77.3247677, 7.9195988], [77.3883185, 7.9013302], [77.4988945, 7.8787861], [77.5500687, 7.8723669], [77.5895154, 7.8749436], [77.619401, 7.8822318], [77.6444187, 7.8922806], [77.8475422, 8.0016825], [78.1736262, 8.1998735], [78.2096606, 8.2282567], [78.2287814, 8.2491647], [78.2448315, 8.2727728], [78.3141411, 8.4095154], [78.4031948, 8.6351276], [78.6788914, 8.9139986], [79.0839963, 8.9850575], [79.4778566, 8.8988555], [79.4924888, 8.8978796], [79.5216667, 9.0], [79.5333333, 9.1], [79.5333333, 9.2166667], [79.5116667, 9.3633333], [79.4623914, 9.4749949], [79.3926717, 9.5132042], [79.3359656, 9.5279474], [79.2993848, 9.5290693], [79.2605625, 9.5230929], [79.2124963, 9.5056135], [79.1808144, 9.4892345], [79.1385876, 9.4933656], [79.123675, 9.5049349], [79.1245025, 9.5132417], [79.1420616, 9.5427658], [79.1631406, 9.5919497], [79.1796207, 9.6119711], [79.21301, 9.6433566], [79.2859222, 9.7366868], [79.3047041, 9.7675288], [79.3265105, 9.8150066], [79.3500046, 9.8371183], [79.3717385, 9.8659823], [79.4152808, 9.9008349], [79.4440061, 9.9396379], [79.461371, 9.9798867], [79.4695398, 10.022907], [79.4681218, 10.06666], [79.4564418, 10.1109563], [79.7042583, 10.0744084], [79.7946233, 10.0719649], [79.878653, 10.0790002], [79.94243, 10.0987042], [79.9798037, 10.1175344], [80.0070598, 10.1362279], [80.0454521, 10.1775553], [80.0678851, 10.2135102], [80.0796477, 10.2395385], [80.0888221, 10.2733887], [80.0919004, 10.3104627], [80.0892201, 10.341021], [80.0825807, 10.3686], [80.0614992, 11.21056], [80.0472892, 11.3797197], [79.9942112, 11.6839846], [80.1754124, 12.1267818], [80.3258437, 12.3512654], [80.3457006, 12.3915759], [80.4013362, 12.5398364], [80.4582748, 12.7462758], [80.5487212, 13.2415309], [80.5536025, 13.2924497], [80.5521736, 13.3347415], [80.528938, 13.4781986], [80.459751, 13.8091043], [80.4050334, 14.5651611], [80.4171979, 15.3486289], [80.9611896, 15.5185482], [81.0080438, 15.5287826], [81.1214884, 15.5805902], [81.1593779, 15.6057613], [81.1950798, 15.6425863], [81.2182622, 15.6804993], [81.232683, 15.7222304], [81.3021934, 15.8176325], [81.7944802, 16.1145218], [82.0477333, 16.2130189], [82.4157119, 16.391253], [82.4507585, 16.4127131], [82.4812983, 16.4410873], [83.3629538, 17.4465973], [84.2762745, 18.1685765], [84.5190508, 18.4256701], [84.7026955, 18.6446938], [86.5092486, 19.7943737], [86.9539559, 20.2107529], [87.2389871, 20.5779062], [88.8077165, 21.1930385], [89.1956604, 21.3648404], [89.166009, 21.5689759], [89.1265441, 21.6286704], [89.0836141, 21.7062112], [89.0322983, 21.7787588], [89.0296968, 21.7881995], [89.0302838, 21.798846], [89.0433674, 21.8346413], [89.0442423, 21.8587722], [89.0415691, 21.8684926], [89.0240105, 21.8875189], [89.025655, 21.913829], [89.0290024, 21.9210766], [89.0364517, 21.9246429], [89.0650562, 21.9263342], [89.0736815, 21.9295606], [89.0816757, 21.9571098], [89.0850429, 21.9874139], [89.0766885, 22.0192951], [89.0527408, 22.0524606], [89.0460885, 22.0665475], [89.0408509, 22.0995496], [89.0518835, 22.11598], [89.0925308, 22.1443342], [89.0984997, 22.153546], [89.0971835, 22.1583078], [89.0916921, 22.1603059], [89.0778914, 22.148264], [89.0700625, 22.1504766], [89.0632317, 22.1712958], [89.0717926, 22.1896913], [89.0714841, 22.1960575], [89.0396187, 22.2282015], [89.0331498, 22.2585099], [89.0295996, 22.2599892], [89.0151227, 22.253801], [89.0131723, 22.2573941], [89.0191906, 22.2658692], [89.0186975, 22.2699372], [88.9959784, 22.2857459], [88.9951222, 22.2934094], [88.9987966, 22.296613], [89.0086632, 22.2976978], [89.0228937, 22.2939503], [89.0240524, 22.2987086], [89.0001526, 22.3237696], [88.9896076, 22.3222424], [88.9847735, 22.3261886], [88.9887975, 22.348644], [88.9865186, 22.3585487], [88.9895089, 22.3644175], [88.9832937, 22.374727], [88.992074, 22.3911531], [88.9742174, 22.4057048], [88.9723429, 22.4112788], [89.0000865, 22.4295816], [88.989829, 22.4448976], [88.9948945, 22.4564005], [88.9962042, 22.4694074], [88.9822148, 22.4825992], [88.9763859, 22.4943008], [88.9724775, 22.5174066], [88.9614371, 22.5489892], [88.94153, 22.5602767], [88.9385551, 22.5901137], [88.957271, 22.608018], [88.9600096, 22.6166466], [88.9550698, 22.6206478], [88.9345419, 22.6189977], [88.9268534, 22.6520653], [88.932443, 22.6521268], [88.9362991, 22.6592616], [88.9449936, 22.6625976], [88.9482725, 22.6778881], [88.9551433, 22.6850287], [88.9622942, 22.6852532], [88.9621343, 22.6941597], [88.9555345, 22.7041322], [88.9479067, 22.7051783], [88.9274341, 22.7185508], [88.9252874, 22.7269724], [88.9183342, 22.7305314], [88.9154035, 22.7365058], [88.9209392, 22.7522367], [88.911741, 22.7576992], [88.9182244, 22.7697044], [88.9266411, 22.7697108], [88.9251336, 22.7800134], [88.9305362, 22.7809083], [88.929807, 22.7832947], [88.9369265, 22.782433], [88.9371917, 22.7914981], [88.9429258, 22.7908684], [88.9500226, 22.797635], [88.9591469, 22.7968345], [88.9607379, 22.8086672], [88.956429, 22.8089655], [88.9566611, 22.8123536], [88.9629962, 22.818822], [88.9685893, 22.8446661], [88.9581523, 22.8570096], [88.9572854, 22.862792], [88.9531148, 22.8642565], [88.949647, 22.877004], [88.9452782, 22.8808118], [88.9402742, 22.8748245], [88.9297672, 22.873101], [88.9234498, 22.8805752], [88.9189421, 22.8770287], [88.9162242, 22.880078], [88.910689, 22.879846], [88.9137383, 22.8813375], [88.9066652, 22.886359], [88.9092837, 22.8873202], [88.9063006, 22.8892094], [88.9089191, 22.8937503], [88.898495, 22.8984243], [88.901284, 22.9065953], [88.8953899, 22.9130906], [88.9054066, 22.9145556], [88.9081591, 22.9196751], [88.8905834, 22.9276292], [88.887087, 22.9336097], [88.8926822, 22.9380016], [88.8939693, 22.9524104], [88.879337, 22.9542649], [88.8749899, 22.9482334], [88.8686389, 22.9512556], [88.8595155, 22.9426868], [88.855279, 22.9565619], [88.8559425, 22.9656645], [88.8588264, 22.971679], [88.8711447, 22.9785187], [88.8646218, 22.9877476], [88.8653177, 23.0009049], [88.8518527, 23.001986], [88.8449027, 23.0092408], [88.8467262, 23.0111684], [88.8545072, 23.0070135], [88.8769853, 23.0031973], [88.8799706, 23.0069289], [88.8791891, 23.0099181], [88.8743283, 23.0102827], [88.8721236, 23.0169501], [88.8775431, 23.026098], [88.8806957, 23.0259493], [88.8797173, 23.0321909], [88.8840795, 23.0403456], [88.8747277, 23.0444367], [88.8739883, 23.0658621], [88.8609142, 23.077447], [88.8650727, 23.0775893], [88.8634221, 23.0799813], [88.8669155, 23.0862529], [88.8742984, 23.0900525], [88.8684233, 23.1011008], [88.8834971, 23.104498], [88.8827946, 23.1111359], [88.8910286, 23.107796], [88.8997052, 23.1113257], [88.9102645, 23.1298704], [88.9176482, 23.1292722], [88.9230782, 23.1455428], [88.9303642, 23.1431933], [88.9322122, 23.1542676], [88.9278036, 23.1635468], [88.9337539, 23.1619365], [88.9333852, 23.1686141], [88.938664, 23.1768782], [88.9557282, 23.1820524], [88.9620826, 23.1931451], [88.9742761, 23.1928495], [88.9759315, 23.1819168], [88.9799518, 23.1825671], [88.9778452, 23.1875961], [88.9798515, 23.193615], [88.9874264, 23.2029266], [88.9862103, 23.2081705], [88.979892, 23.212367], [88.9847289, 23.2156618], [88.994619, 23.2104311], [88.9958861, 23.2130182], [88.9826339, 23.221611], [88.979597, 23.2159952], [88.9811746, 23.2221897], [88.975189, 23.2242545], [88.9783803, 23.2150056], [88.9704271, 23.2228253], [88.9637482, 23.2149585], [88.9425658, 23.2062865], [88.9291641, 23.2118006], [88.9297573, 23.215711], [88.9264731, 23.2179944], [88.9222578, 23.216233], [88.9226875, 23.2184959], [88.9166157, 23.2199479], [88.9210507, 23.2164632], [88.9173391, 23.2127146], [88.9141842, 23.2139362], [88.915176, 23.2289003], [88.9067369, 23.2360169], [88.8990227, 23.2320171], [88.8867009, 23.231601], [88.885996, 23.2261163], [88.8855958, 23.2297877], [88.8730894, 23.2344936], [88.8597896, 23.2324081], [88.853684, 23.2364171], [88.8498037, 23.2305359], [88.8444793, 23.2306403], [88.8365947, 23.243816], [88.8241259, 23.2338799], [88.8235864, 23.2384208], [88.8290391, 23.2446725], [88.813848, 23.2523388], [88.8116533, 23.2566127], [88.8058601, 23.2375854], [88.8114514, 23.2215728], [88.789814, 23.2185165], [88.7874058, 23.2227441], [88.7787688, 23.2208277], [88.7743379, 23.2245378], [88.773212, 23.2314051], [88.7761482, 23.2311626], [88.7777247, 23.2364783], [88.7693552, 23.2452233], [88.7595582, 23.2458711], [88.758878, 23.2421401], [88.7552934, 23.2413812], [88.733889, 23.243333], [88.724722, 23.248056], [88.718748, 23.2559549], [88.7244004, 23.2719077], [88.7111127, 23.2785901], [88.7098199, 23.2892828], [88.6975197, 23.291874], [88.696208, 23.302238], [88.7105897, 23.3130354], [88.7128079, 23.3108874], [88.7074327, 23.3086409], [88.7068105, 23.3037733], [88.7150395, 23.3057588], [88.7198782, 23.3034925], [88.7192344, 23.2977822], [88.7255269, 23.2986297], [88.7271416, 23.3134985], [88.7248561, 23.3178056], [88.7304568, 23.3197746], [88.7286329, 23.312661], [88.7315592, 23.3081803], [88.7389272, 23.3048424], [88.7453055, 23.3076162], [88.7498438, 23.3211539], [88.7440073, 23.3278829], [88.7328708, 23.3278336], [88.734722, 23.341111], [88.7469006, 23.363703], [88.7587861, 23.3621166], [88.7631738, 23.3675273], [88.7565224, 23.3739164], [88.7577905, 23.3838465], [88.7463467, 23.3963976], [88.7479248, 23.4015157], [88.7591243, 23.4078455], [88.7538564, 23.4170806], [88.7647462, 23.4490735], [88.7702179, 23.4501759], [88.781944, 23.441667], [88.7887923, 23.4471124], [88.791389, 23.465278], [88.7876067, 23.4671091], [88.7907338, 23.4842255], [88.7992072, 23.4988489], [88.7863243, 23.5032175], [88.7711586, 23.4983184], [88.7677063, 23.4885323], [88.773744, 23.4841941], [88.774028, 23.4799242], [88.7667498, 23.4820352], [88.7615415, 23.4908486], [88.7559372, 23.48686], [88.7608092, 23.47867], [88.7462678, 23.4837075], [88.7429881, 23.4808225], [88.7421153, 23.4876873], [88.7294698, 23.4968614], [88.7305212, 23.5027058], [88.7243628, 23.5124065], [88.7144709, 23.5086188], [88.7062955, 23.5167745], [88.6966241, 23.5168561], [88.6654788, 23.5445696], [88.6576936, 23.5479923], [88.657655, 23.5521667], [88.6515577, 23.5558457], [88.6472304, 23.5846099], [88.6371869, 23.590683], [88.6367247, 23.5985387], [88.6410669, 23.6075947], [88.6369976, 23.6051649], [88.6302939, 23.6071472], [88.6204821, 23.6008747], [88.6091412, 23.599213], [88.6038137, 23.5989074], [88.6034031, 23.6041019], [88.6005577, 23.6051649], [88.5991126, 23.6010228], [88.5946306, 23.6002632], [88.5776782, 23.6026789], [88.5847301, 23.6178182], [88.5904638, 23.6184741], [88.5911076, 23.6383896], [88.5618798, 23.6351866], [88.5612339, 23.6442326], [88.5557976, 23.6494897], [88.5621524, 23.6591855], [88.5677992, 23.6617906], [88.567191, 23.6665552], [88.5705095, 23.6693993], [88.5697522, 23.6839089], [88.5665643, 23.6847988], [88.5592615, 23.7118271], [88.5649696, 23.7156611], [88.5701293, 23.7314823], [88.5686583, 23.7489771], [88.5786921, 23.7620334], [88.5766815, 23.7732044], [88.5607592, 23.7775419], [88.5542365, 23.7849991], [88.5619336, 23.7882886], [88.5722374, 23.7851134], [88.5797532, 23.7913453], [88.5799738, 23.7980107], [88.5899358, 23.7994168], [88.5900957, 23.8069627], [88.5839996, 23.8111068], [88.5844148, 23.8148019], [88.596004, 23.8124674], [88.600351, 23.8166748], [88.5848556, 23.8319648], [88.5889141, 23.8524157], [88.5839665, 23.8535877], [88.5776407, 23.8489114], [88.5745832, 23.8631689], [88.5805849, 23.8642045], [88.5810001, 23.8683122], [88.5868737, 23.8729657], [88.5987588, 23.8722444], [88.6066888, 23.8652404], [88.6075288, 23.8746343], [88.6192612, 23.879154], [88.6269414, 23.8739262], [88.6259789, 23.8670916], [88.6362271, 23.8728561], [88.656111, 23.8675], [88.669722, 23.868056], [88.677778, 23.874722], [88.6875, 23.891944], [88.699722, 23.902222], [88.7369676, 23.9191584], [88.7374377, 23.9477859], [88.7302628, 23.9612552], [88.7347484, 23.9694558], [88.7338503, 23.979099], [88.7404926, 23.9858722], [88.726111, 23.992778], [88.722778, 24.002222], [88.7357013, 24.0191253], [88.747177, 24.0243455], [88.7470533, 24.0316089], [88.7301762, 24.0365639], [88.7224533, 24.0423903], [88.7226477, 24.048862], [88.727222, 24.053611], [88.725833, 24.060278], [88.701389, 24.079167], [88.698611, 24.090556], [88.708056, 24.1025], [88.7075, 24.132222], [88.699722, 24.147222], [88.708333, 24.171389], [88.716944, 24.183889], [88.743889, 24.1875], [88.745278, 24.192778], [88.7454425, 24.206778], [88.7375, 24.250833], [88.706389, 24.302778], [88.691111, 24.316667], [88.679444, 24.318333], [88.674444, 24.315556], [88.652222, 24.294167], [88.577222, 24.316389], [88.5675, 24.310833], [88.554722, 24.309444], [88.497778, 24.320833], [88.466389, 24.347778], [88.424167, 24.369444], [88.365556, 24.411944], [88.323889, 24.434444], [88.307778, 24.438889], [88.260833, 24.462778], [88.226111, 24.468889], [88.170278, 24.498333], [88.125556, 24.508611], [88.111111, 24.523889], [88.107222, 24.541944], [88.106389, 24.572778], [88.097222, 24.602778], [88.082222, 24.625556], [88.075556, 24.633611], [88.0244193, 24.6519228], [88.007915, 24.6678238], [88.0627926, 24.725324], [88.0659888, 24.739399], [88.0709133, 24.7437219], [88.0641274, 24.7506533], [88.0715303, 24.7601414], [88.0673875, 24.7635519], [88.06765, 24.7707103], [88.0722163, 24.7745705], [88.0780116, 24.7711794], [88.0889571, 24.7842865], [88.103657, 24.7810872], [88.1090197, 24.8125055], [88.1230564, 24.824616], [88.1263627, 24.8194203], [88.1321166, 24.8193729], [88.1300391, 24.8367695], [88.1381551, 24.8357264], [88.1452698, 24.8540822], [88.1622588, 24.8513729], [88.1593628, 24.8572917], [88.1649029, 24.8617427], [88.1573352, 24.8726464], [88.161111, 24.8775], [88.1508525, 24.8848011], [88.1602069, 24.8966327], [88.1519415, 24.8994699], [88.1520806, 24.9062754], [88.135278, 24.918333], [88.142778, 24.924167], [88.1369792, 24.9306297], [88.1368512, 24.9375266], [88.1563037, 24.9348544], [88.1574451, 24.9427994], [88.1623542, 24.9423165], [88.1695082, 24.9516316], [88.1765728, 24.9500436], [88.1826437, 24.9552624], [88.1896635, 24.9517991], [88.2072449, 24.9612129], [88.2227518, 24.9618552], [88.2295648, 24.958024], [88.2434561, 24.9332155], [88.2605165, 24.9248648], [88.2634495, 24.9200865], [88.264167, 24.885556], [88.276944, 24.888056], [88.284444, 24.880833], [88.2975, 24.880556], [88.305556, 24.874167], [88.324167, 24.873889], [88.332222, 24.8675], [88.338333, 24.866944], [88.3425, 24.870278], [88.359167, 24.901389], [88.396111, 24.9375], [88.3989143, 24.9571138], [88.3936554, 24.9618444], [88.3975875, 24.9690929], [88.4083986, 24.9757494], [88.4142351, 24.972326], [88.4174323, 24.9741349], [88.4179687, 24.9834129], [88.4125399, 24.9878085], [88.4136128, 24.9934486], [88.4242547, 25.0067579], [88.4364735, 25.0064692], [88.4460716, 25.0269614], [88.440556, 25.039444], [88.441111, 25.045278], [88.46, 25.069444], [88.462778, 25.079722], [88.458333, 25.118889], [88.460833, 25.147222], [88.450556, 25.175833], [88.4429845, 25.1830495], [88.4429201, 25.1975239], [88.4417983, 25.1993056], [88.4394296, 25.1970002], [88.4373662, 25.1981551], [88.4374884, 25.2063336], [88.4386866, 25.2078061], [88.4427767, 25.2092045], [88.4382671, 25.2063379], [88.4387864, 25.1977464], [88.4414958, 25.2004047], [88.4454201, 25.1973736], [88.4631565, 25.1953055], [88.472255, 25.1983384], [88.4692805, 25.2016337], [88.4745296, 25.2121903], [88.4987633, 25.2108489], [88.5023663, 25.203477], [88.5124356, 25.203962], [88.53786, 25.1977935], [88.5327456, 25.1939319], [88.5340328, 25.1877534], [88.5378226, 25.1872037], [88.5415715, 25.1939948], [88.547348, 25.1957569], [88.5581612, 25.192839], [88.559191, 25.1860307], [88.5558869, 25.1791987], [88.5638056, 25.1752662], [88.5795906, 25.1768723], [88.5813861, 25.1825957], [88.59116, 25.1855686], [88.5897697, 25.194449], [88.5978281, 25.1908953], [88.6105994, 25.1982775], [88.6130734, 25.2042073], [88.6206111, 25.2052505], [88.6289854, 25.2016333], [88.6430542, 25.2065443], [88.6635819, 25.203533], [88.66927, 25.1981988], [88.6785385, 25.2031021], [88.6813428, 25.2096146], [88.7090774, 25.2075937], [88.7155365, 25.2067821], [88.7177407, 25.201743], [88.7238102, 25.2019776], [88.7244722, 25.1987152], [88.7331855, 25.1977816], [88.735112, 25.1847245], [88.7425344, 25.1867388], [88.7435256, 25.1835301], [88.7506486, 25.1828945], [88.7491124, 25.1767476], [88.7533307, 25.1775303], [88.7587641, 25.1862357], [88.7668738, 25.1832653], [88.7691868, 25.1899434], [88.7726449, 25.1891725], [88.7739492, 25.1792737], [88.8058201, 25.1705327], [88.8058765, 25.1735132], [88.8133712, 25.1745464], [88.8178498, 25.1889457], [88.8273656, 25.1921422], [88.8302693, 25.2053771], [88.8366432, 25.2064299], [88.8375149, 25.2107212], [88.8422756, 25.21052], [88.8410686, 25.2132692], [88.8435496, 25.2135374], [88.8469357, 25.2109894], [88.8455276, 25.209179], [88.8492155, 25.2096484], [88.8512271, 25.200261], [88.8583346, 25.2023397], [88.8644364, 25.2003281], [88.8638329, 25.1898009], [88.8709405, 25.1911419], [88.8746283, 25.1962379], [88.8722815, 25.1891303], [88.8748965, 25.1791396], [88.8892457, 25.1781338], [88.8893128, 25.1844367], [88.9047013, 25.1786031], [88.910736, 25.1800112], [88.9118088, 25.1681094], [88.9227384, 25.1644216], [88.9238447, 25.171395], [88.9335673, 25.1810505], [88.9416807, 25.1730713], [88.9480171, 25.1766921], [88.9489558, 25.1809835], [88.9433905, 25.1831962], [88.9474136, 25.187454], [88.9469443, 25.1939581], [88.9394344, 25.1928853], [88.9343049, 25.1987859], [88.9368529, 25.2106541], [88.9451003, 25.2058264], [88.9608912, 25.2086426], [88.9527108, 25.230971], [88.9519732, 25.246963], [88.9560807, 25.255143], [88.9744496, 25.260209], [88.9886041, 25.2748504], [88.9971167, 25.2694729], [89.0036622, 25.2695912], [89.0044757, 25.265005], [89.0082203, 25.2648377], [89.0060337, 25.2762263], [89.0088293, 25.3031977], [89.0007358, 25.2958852], [88.9962873, 25.2956222], [88.9861947, 25.2991791], [88.9857525, 25.3060108], [88.9756585, 25.3059053], [88.9732758, 25.3012027], [88.9613939, 25.3058426], [88.9591367, 25.3010146], [88.9492872, 25.3036282], [88.9399814, 25.3010773], [88.929667, 25.304275], [88.9285015, 25.3167311], [88.923585, 25.31205], [88.9151048, 25.312496], [88.9065111, 25.3269341], [88.9061191, 25.3377469], [88.8879706, 25.3370052], [88.8860895, 25.3332431], [88.8884456, 25.3261976], [88.8842119, 25.3256884], [88.8756439, 25.3368782], [88.8663324, 25.3429397], [88.8672296, 25.3520397], [88.8643061, 25.3551599], [88.8549282, 25.3547525], [88.8544303, 25.3631863], [88.8408379, 25.3639731], [88.8381896, 25.369286], [88.8389089, 25.3811868], [88.8416343, 25.3815859], [88.8378627, 25.3841457], [88.8410699, 25.3976061], [88.8366808, 25.4017444], [88.8236732, 25.4011632], [88.8232155, 25.4095494], [88.8138262, 25.4105853], [88.8190018, 25.4182592], [88.8204507, 25.4151511], [88.8303167, 25.4177019], [88.8291253, 25.4264801], [88.8342982, 25.4276714], [88.8347371, 25.4308692], [88.8321586, 25.4369311], [88.8279026, 25.4373274], [88.8259589, 25.4442246], [88.8378708, 25.453398], [88.839595, 25.4583322], [88.8351377, 25.4634865], [88.8375587, 25.471531], [88.8289686, 25.4903414], [88.8145, 25.4881876], [88.8121983, 25.4915526], [88.8076933, 25.5158631], [88.8103853, 25.5233387], [88.7923317, 25.5228782], [88.7849834, 25.5185227], [88.7863093, 25.5165322], [88.7802239, 25.5153572], [88.7664673, 25.5254188], [88.7593827, 25.5265852], [88.7608344, 25.5153107], [88.7584704, 25.5091938], [88.7701804, 25.5033754], [88.7655074, 25.4960727], [88.761612, 25.4936303], [88.748658, 25.4950834], [88.744081, 25.4881127], [88.7398685, 25.489271], [88.7425572, 25.4957803], [88.7414251, 25.5050491], [88.7225404, 25.5020457], [88.7091471, 25.4938275], [88.7099112, 25.4797475], [88.6994113, 25.4713136], [88.6872416, 25.4755588], [88.6631003, 25.4731532], [88.6599719, 25.4818342], [88.6468639, 25.4779373], [88.6433035, 25.4925917], [88.6479408, 25.493417], [88.6486089, 25.4967968], [88.642321, 25.4997835], [88.6233788, 25.497229], [88.6128903, 25.5097975], [88.6071437, 25.5087485], [88.6088975, 25.5165038], [88.6028115, 25.5160386], [88.5954625, 25.506102], [88.5917511, 25.5090523], [88.575056, 25.5087121], [88.5678458, 25.5137515], [88.5557901, 25.5141779], [88.5537355, 25.5211555], [88.5481922, 25.5181706], [88.5483389, 25.5136725], [88.5442756, 25.5104093], [88.5459747, 25.508499], [88.5398226, 25.5087153], [88.5401292, 25.5192561], [88.5371055, 25.5211943], [88.5413696, 25.5263887], [88.5391213, 25.5346843], [88.5329577, 25.5326686], [88.5327252, 25.5421271], [88.5272981, 25.5431738], [88.5230728, 25.5355372], [88.5184598, 25.5389484], [88.5190413, 25.5450732], [88.513808, 25.5473216], [88.5089237, 25.5446856], [88.4994264, 25.551857], [88.4972031, 25.5588428], [88.4937801, 25.5593135], [88.4995327, 25.5840526], [88.4918119, 25.5829964], [88.4838534, 25.5864194], [88.4817256, 25.5821701], [88.4812005, 25.5855209], [88.4698794, 25.5831766], [88.4694035, 25.5881802], [88.4668369, 25.5872573], [88.4657782, 25.5918819], [88.4580499, 25.5984129], [88.4445316, 25.5971377], [88.4499818, 25.6045351], [88.4450003, 25.6155228], [88.4486891, 25.6238832], [88.4561824, 25.6286387], [88.4542444, 25.6645068], [88.4245498, 25.670497], [88.4185142, 25.6677595], [88.4034555, 25.6722513], [88.4034983, 25.6860717], [88.3907904, 25.684403], [88.3914384, 25.6935378], [88.3822756, 25.6973249], [88.3711725, 25.696774], [88.3720922, 25.7072944], [88.3696957, 25.7087974], [88.3749219, 25.7121384], [88.3742316, 25.7170499], [88.3679781, 25.7164534], [88.3570335, 25.7213759], [88.359149, 25.7279464], [88.3441631, 25.7296607], [88.3377348, 25.7377314], [88.328406, 25.7403264], [88.3210876, 25.7375306], [88.3207043, 25.7451727], [88.3150204, 25.7467374], [88.3166639, 25.7529295], [88.2887766, 25.7680075], [88.2907249, 25.7737946], [88.2783212, 25.7742865], [88.2664749, 25.7832898], [88.2718011, 25.7896898], [88.2692283, 25.8083869], [88.2595374, 25.8138861], [88.2586462, 25.8113273], [88.2488457, 25.8131758], [88.2470135, 25.8061202], [88.2444888, 25.8094024], [88.2366248, 25.8100414], [88.2300384, 25.8023334], [88.233797, 25.7998694], [88.2308259, 25.8003586], [88.2305992, 25.7964151], [88.2263515, 25.7998157], [88.2228316, 25.7969222], [88.2147537, 25.8002512], [88.2155173, 25.7976024], [88.2104423, 25.7960114], [88.213143, 25.7912634], [88.2098039, 25.7913334], [88.210182, 25.7863472], [88.2003242, 25.7896164], [88.1933325, 25.8017033], [88.1837892, 25.8019017], [88.1806543, 25.7939697], [88.1753733, 25.793591], [88.172575, 25.7870161], [88.1634904, 25.7895724], [88.151801, 25.7757646], [88.1468936, 25.776706], [88.1479009, 25.7815316], [88.1416257, 25.7803024], [88.1441924, 25.7937804], [88.1313582, 25.7983039], [88.1145054, 25.798346], [88.1199779, 25.8124636], [88.1075202, 25.8146833], [88.1114967, 25.8217737], [88.1072533, 25.8221882], [88.1010189, 25.8292323], [88.1083197, 25.8377534], [88.101061, 25.8434762], [88.1071205, 25.8453698], [88.1136007, 25.8532912], [88.1098977, 25.8606867], [88.1109918, 25.8672721], [88.1060685, 25.8691657], [88.1023376, 25.8619348], [88.1018185, 25.8718062], [88.0969577, 25.870648], [88.0938778, 25.8736303], [88.1021972, 25.8894585], [88.0987677, 25.8940872], [88.0895981, 25.8957187], [88.0929607, 25.8992209], [88.0902045, 25.9034815], [88.093613, 25.911182], [88.0907038, 25.9148008], [88.0865226, 25.9135279], [88.085681, 25.916747], [88.0962435, 25.9324575], [88.1014818, 25.9350936], [88.1113671, 25.9332241], [88.1121122, 25.9427146], [88.1215747, 25.9474755], [88.114295, 25.9582584], [88.1150314, 25.9624558], [88.1241837, 25.9666006], [88.1193195, 25.9725281], [88.1276552, 25.9764788], [88.1309374, 25.9892814], [88.1295067, 25.9968662], [88.1357134, 26.0004851], [88.1401739, 25.9970135], [88.1435192, 26.0003168], [88.1437615, 26.0073165], [88.1394478, 26.0130068], [88.1476084, 26.013882], [88.1480893, 26.017359], [88.1544218, 26.0199483], [88.1744737, 26.0210949], [88.182271, 26.0254777], [88.1817051, 26.0302498], [88.1718734, 26.0321937], [88.1713074, 26.0365564], [88.1751173, 26.0402184], [88.1695319, 26.0459702], [88.1738227, 26.0497431], [88.1792971, 26.0463031], [88.1757461, 26.0577143], [88.1805584, 26.0583061], [88.1858849, 26.0640764], [88.1811872, 26.0679973], [88.1828148, 26.0730648], [88.173253, 26.0757465], [88.1684445, 26.0831443], [88.1624633, 26.077448], [88.1586904, 26.0800373], [88.165219, 26.0874906], [88.1613351, 26.0890071], [88.1586571, 26.0967379], [88.1634102, 26.1005108], [88.16415, 26.1083525], [88.1730422, 26.1114966], [88.1734861, 26.1193198], [88.1782947, 26.1230187], [88.1740409, 26.1300097], [88.1800332, 26.1386652], [88.1769631, 26.1411434], [88.1773699, 26.147894], [88.1889254, 26.154663], [88.1958794, 26.1521847], [88.196214, 26.1547323], [88.1915886, 26.1554768], [88.1962123, 26.1591757], [88.1960643, 26.163115], [88.2047975, 26.1588613], [88.215713, 26.163078], [88.212088, 26.1674058], [88.2135676, 26.1696621], [88.2196111, 26.1660492], [88.2242205, 26.1696251], [88.2274072, 26.1681849], [88.2258147, 26.1722514], [88.2329167, 26.1727877], [88.2371593, 26.1775593], [88.2332828, 26.1837735], [88.2357668, 26.1818381], [88.2419121, 26.1888088], [88.2445588, 26.1868434], [88.2478002, 26.1901167], [88.2520134, 26.1858241], [88.2552011, 26.1883877], [88.2751979, 26.1879108], [88.2797221, 26.1951847], [88.2840794, 26.1945982], [88.2853742, 26.2004515], [88.2871406, 26.1971277], [88.2921986, 26.2020251], [88.2920701, 26.1986852], [88.2961696, 26.199744], [88.2987861, 26.1967325], [88.3012641, 26.2015242], [88.3043035, 26.199286], [88.3082457, 26.2039686], [88.3248543, 26.2043083], [88.3233257, 26.2098512], [88.3312811, 26.2124944], [88.3312413, 26.2166082], [88.3507229, 26.2204792], [88.3497479, 26.2257899], [88.3536587, 26.226132], [88.3507274, 26.2298845], [88.3559442, 26.2322785], [88.3546444, 26.237694], [88.3599507, 26.2418575], [88.3511609, 26.2459579], [88.3501333, 26.2480774], [88.3547096, 26.247403], [88.3484571, 26.2506149], [88.3519078, 26.2671334], [88.3480743, 26.2691668], [88.3513857, 26.275993], [88.3495412, 26.2824716], [88.3581283, 26.2873749], [88.3704046, 26.305202], [88.3731585, 26.3056353], [88.3729536, 26.3026795], [88.3796462, 26.3094216], [88.3838407, 26.3088623], [88.3845344, 26.313463], [88.3894524, 26.3150379], [88.3897198, 26.3124675], [88.4002802, 26.317196], [88.4151355, 26.3153049], [88.4156117, 26.3243977], [88.40696, 26.3237394], [88.407883, 26.327722], [88.4035514, 26.3281642], [88.4033457, 26.3289511], [88.4126749, 26.337454], [88.4352059, 26.335562], [88.4437163, 26.360197], [88.457624, 26.3765599], [88.4587397, 26.3622538], [88.4629082, 26.3579604], [88.4777399, 26.3575006], [88.4772283, 26.3535738], [88.4823389, 26.3498313], [88.4921973, 26.3511255], [88.4882146, 26.3603589], [88.5018737, 26.3597314], [88.5074233, 26.3625444], [88.5039304, 26.3486762], [88.5098489, 26.3505236], [88.5093175, 26.352776], [88.5182422, 26.3516427], [88.5175469, 26.356432], [88.523871, 26.3597579], [88.5227624, 26.3634869], [88.5178996, 26.3617483], [88.5151784, 26.3644191], [88.5216286, 26.3663592], [88.5245513, 26.3753668], [88.5175973, 26.3707055], [88.5129209, 26.3768029], [88.514735, 26.3850924], [88.5198246, 26.3900686], [88.5130217, 26.3877128], [88.5045306, 26.39861], [88.5094942, 26.4014824], [88.5098638, 26.4081162], [88.5030693, 26.4033721], [88.5011544, 26.4086128], [88.4958154, 26.4091404], [88.5034215, 26.4177133], [88.4945741, 26.4182271], [88.4986142, 26.4259672], [88.4894911, 26.4303518], [88.4952864, 26.4324724], [88.4967369, 26.4366401], [88.4918481, 26.4399107], [88.4916538, 26.4442571], [88.4861111, 26.4458597], [88.4872119, 26.4504571], [88.4789496, 26.4521082], [88.4862941, 26.4601153], [88.4581362, 26.4666944], [88.4358907, 26.4662469], [88.433139, 26.4684184], [88.4343656, 26.4715347], [88.4305796, 26.4703412], [88.4283153, 26.4729437], [88.4227787, 26.4727614], [88.4223652, 26.4659677], [88.4195065, 26.465849], [88.4055658, 26.480602], [88.4056316, 26.4860818], [88.388355, 26.477859], [88.3862769, 26.482745], [88.375814, 26.4838377], [88.3746764, 26.4880737], [88.371997, 26.4880288], [88.3602767, 26.4840323], [88.3622266, 26.4737818], [88.365595, 26.4712643], [88.3601524, 26.4646605], [88.3603179, 26.4533046], [88.3523696, 26.4477655], [88.3470048, 26.4683364], [88.3404013, 26.4690514], [88.3407823, 26.4778255], [88.3335166, 26.4787156], [88.3344403, 26.4815061], [88.3315922, 26.4819499], [88.3319746, 26.4950752], [88.3498406, 26.5107398], [88.3584452, 26.5481573], [88.3707297, 26.55905], [88.3689058, 26.5747491], [88.3795665, 26.5968537], [88.3976091, 26.6019491], [88.3885449, 26.6059873], [88.3871019, 26.6095749], [88.3971912, 26.6178306], [88.3976158, 26.6269136], [88.4073482, 26.6304863], [88.4093822, 26.635823], [88.4177314, 26.6318743], [88.4213305, 26.570658], [88.4357721, 26.5452658], [88.4430203, 26.5442929], [88.4434936, 26.5394676], [88.4480691, 26.5355583], [88.4563073, 26.5370695], [88.4587195, 26.5473087], [88.4624325, 26.5438968], [88.4757742, 26.5446118], [88.4770833, 26.5418097], [88.4851379, 26.5411257], [88.4824585, 26.5299778], [88.4903058, 26.5310307], [88.4890723, 26.5101743], [88.4995245, 26.511987], [88.4995427, 26.5157885], [88.5047585, 26.5164446], [88.5080402, 26.516318], [88.5106222, 26.5107597], [88.5213653, 26.5105774], [88.5222664, 26.5054356], [88.5186339, 26.5020634], [88.5244561, 26.4930562], [88.5228336, 26.4868215], [88.5277406, 26.4868215], [88.5236694, 26.4857103], [88.5273276, 26.4848548], [88.5263154, 26.4806979], [88.5567888, 26.4854319], [88.5552693, 26.4784876], [88.5521388, 26.4769476], [88.5570498, 26.47509], [88.5544237, 26.4716275], [88.5606037, 26.4735232], [88.5583258, 26.4666608], [88.5626649, 26.4673286], [88.5594761, 26.4619372], [88.5637646, 26.4600082], [88.5577604, 26.4594441], [88.5598929, 26.4575762], [88.5787717, 26.4567327], [88.5845009, 26.4541285], [88.584308, 26.450353], [88.5919059, 26.4495328], [88.5949841, 26.4533809], [88.5943408, 26.4708622], [88.6228888, 26.4710188], [88.6283243, 26.4404544], [88.6249296, 26.4405454], [88.623766, 26.4350626], [88.6372669, 26.4295869], [88.6497787, 26.4295034], [88.6510799, 26.4204962], [88.6444395, 26.41899], [88.6504594, 26.4155816], [88.6595454, 26.4163785], [88.6677686, 26.4072368], [88.6780104, 26.4080927], [88.6795565, 26.411767], [88.681532, 26.4085413], [88.6804822, 26.4137854], [88.6837098, 26.4108031], [88.6859193, 26.413016], [88.6832949, 26.4072896], [88.6863055, 26.4062845], [88.6866854, 26.4012191], [88.6786753, 26.4021686], [88.669566, 26.3971974], [88.6780739, 26.3935922], [88.6889888, 26.3961804], [88.6849859, 26.390627], [88.6875498, 26.3915466], [88.6873031, 26.387136], [88.6986246, 26.3906045], [88.7017246, 26.3888417], [88.7017999, 26.3858418], [88.6819557, 26.3828996], [88.6809531, 26.3797918], [88.6862307, 26.3788124], [88.6904624, 26.3634065], [88.694855, 26.3636244], [88.6955088, 26.360991], [88.6914528, 26.3612211], [88.6926999, 26.3572377], [88.6984679, 26.357274], [88.6942424, 26.3457597], [88.6984776, 26.3414071], [88.7036692, 26.3415868], [88.7015408, 26.3382957], [88.7046265, 26.332605], [88.7093404, 26.3337921], [88.7138971, 26.3431071], [88.7261749, 26.340937], [88.7295445, 26.3468191], [88.7359403, 26.3471617], [88.7330851, 26.3511021], [88.7372596, 26.354641], [88.7370826, 26.3491034], [88.7460484, 26.3474473], [88.7457629, 26.3429929], [88.7431327, 26.3425912], [88.7446674, 26.3375491], [88.7368849, 26.3329454], [88.734627, 26.3279738], [88.7500458, 26.331343], [88.747533, 26.3214635], [88.7318287, 26.3212922], [88.7312948, 26.3168323], [88.7189224, 26.3116411], [88.7161684, 26.3171612], [88.696015, 26.3115109], [88.6969004, 26.3141823], [88.6933381, 26.3140674], [88.6903504, 26.3225709], [88.6967855, 26.3258459], [88.6956938, 26.3283166], [88.6908101, 26.3287762], [88.6895542, 26.3227169], [88.6751471, 26.3201688], [88.6752394, 26.3113669], [88.6786293, 26.3144121], [88.6827087, 26.3097581], [88.6777675, 26.3066842], [88.678674, 26.298827], [88.66803, 26.2971872], [88.6696059, 26.2900631], [88.6662244, 26.2892423], [88.6657976, 26.2848103], [88.6696059, 26.279738], [88.6667168, 26.2730407], [88.6717727, 26.2722528], [88.6721994, 26.2688056], [88.666487, 26.2629947], [88.6780169, 26.2645048], [88.6794943, 26.2591535], [88.6860603, 26.2632245], [88.6859947, 26.2677222], [88.6899014, 26.2668686], [88.6925279, 26.2705292], [88.6850754, 26.2780638], [88.6958989, 26.2772091], [88.7077296, 26.2829734], [88.7098961, 26.2800967], [88.7213779, 26.2814315], [88.7237194, 26.2844582], [88.7210924, 26.2930243], [88.7264608, 26.2925673], [88.7285164, 26.2875991], [88.7318737, 26.2930599], [88.7455343, 26.2893123], [88.7418569, 26.2938794], [88.7490835, 26.3092266], [88.7569201, 26.309502], [88.7600988, 26.3009284], [88.7635967, 26.2994747], [88.7826705, 26.3032241], [88.7934488, 26.3100595], [88.8191225, 26.2946716], [88.8132086, 26.2885258], [88.809951, 26.2770992], [88.8151687, 26.268678], [88.8121203, 26.2648878], [88.8129548, 26.2559286], [88.8228063, 26.2537069], [88.8233177, 26.2490522], [88.8289505, 26.2500952], [88.8275286, 26.2397815], [88.8380551, 26.2382194], [88.8382523, 26.2323243], [88.8417029, 26.2307824], [88.8518837, 26.2352989], [88.8586528, 26.2315464], [88.8777936, 26.2335177], [88.8777109, 26.2422601], [88.8721523, 26.2399043], [88.8721661, 26.2452575], [88.8614186, 26.2520418], [88.8614042, 26.2640467], [88.8645216, 26.2687337], [88.8617421, 26.2734751], [88.8757486, 26.2865878], [88.8983441, 26.2887677], [88.9182865, 26.2878023], [88.9265191, 26.2825361], [88.9532528, 26.2420565], [88.9670685, 26.2392758], [88.979688, 26.2446273], [88.993604, 26.2455804], [89.019945, 26.2427778], [89.0207764, 26.2451739], [89.0274456, 26.244151], [89.0274606, 26.247701], [89.0330512, 26.2466673], [89.0339803, 26.2429677], [89.0370027, 26.2423797], [89.0378092, 26.2455378], [89.0455273, 26.2410482], [89.0507129, 26.2415507], [89.0479593, 26.245872], [89.0520324, 26.2560153], [89.0556739, 26.2572776], [89.0625607, 26.2536027], [89.0600948, 26.2568733], [89.0637574, 26.2608472], [89.062771, 26.271278], [89.0600261, 26.2761412], [89.0539351, 26.2770962], [89.0629156, 26.2798263], [89.0574662, 26.2856494], [89.0608664, 26.2914099], [89.0569475, 26.2942619], [89.0529761, 26.2920739], [89.0522963, 26.2961265], [89.0457186, 26.2955898], [89.0427672, 26.2896992], [89.046307, 26.2895093], [89.0446298, 26.2842337], [89.0467652, 26.2826438], [89.0476617, 26.288341], [89.0498527, 26.2887402], [89.0481333, 26.2800139], [89.0430842, 26.2801202], [89.0450532, 26.2752209], [89.0398026, 26.276626], [89.0402279, 26.2812479], [89.0373908, 26.2825984], [89.0407197, 26.2854915], [89.0274989, 26.2825791], [89.024612, 26.2879641], [89.0200558, 26.289381], [89.0231432, 26.2936996], [89.0211226, 26.2976599], [89.026532, 26.3054993], [89.0215116, 26.3093003], [89.014205, 26.3003825], [89.0200626, 26.295507], [89.0183347, 26.2902724], [89.0131993, 26.2920619], [89.0127494, 26.2980666], [89.0068999, 26.3047577], [88.9999824, 26.2907786], [88.9954472, 26.2919731], [88.9969555, 26.299491], [88.9941688, 26.2962626], [88.9921359, 26.3001973], [88.9848133, 26.3006745], [88.9823899, 26.3088367], [88.9848127, 26.317956], [88.9958816, 26.3130847], [88.991431, 26.3222948], [88.9958756, 26.3205622], [89.0008786, 26.3298263], [88.9897665, 26.3346331], [88.9862283, 26.3318054], [88.9817876, 26.3410775], [88.9892002, 26.3374386], [88.9850965, 26.3499666], [88.9780168, 26.3465417], [88.9717841, 26.3507174], [88.9665257, 26.351402], [88.9648426, 26.3483501], [88.9611091, 26.3519605], [88.9591385, 26.3479982], [88.9628479, 26.3456483], [88.9628795, 26.3357004], [88.959402, 26.3354685], [88.9598129, 26.3300098], [88.9522855, 26.3316826], [88.9528319, 26.3429724], [88.9557947, 26.3412146], [88.9589503, 26.3435749], [88.9528745, 26.3463037], [88.9518113, 26.3431283], [88.9461125, 26.3440214], [88.9508189, 26.3543841], [88.9584456, 26.3563971], [88.9526099, 26.3654875], [88.9493951, 26.3644873], [88.9476091, 26.355745], [88.9349941, 26.3567144], [88.926714, 26.3645836], [88.9190456, 26.3589094], [88.9217602, 26.3641689], [88.9120421, 26.3661124], [88.9109465, 26.3704168], [88.9132259, 26.3743066], [88.9198205, 26.3746773], [88.9206361, 26.3785794], [88.9089345, 26.3801884], [88.9165188, 26.3841688], [88.9181833, 26.4003498], [88.9172383, 26.4032549], [88.9100625, 26.4028277], [88.9100015, 26.4006006], [88.9047234, 26.4086703], [88.9272809, 26.4075121], [88.9296936, 26.41506], [88.9218118, 26.4194802], [88.9256413, 26.4205259], [88.9251932, 26.424369], [88.9346503, 26.4259036], [88.925807, 26.4277097], [88.926084, 26.4306838], [88.9346715, 26.4307472], [88.9381363, 26.4246749], [88.9450659, 26.4249249], [88.9448444, 26.4308901], [88.9520241, 26.4338905], [88.9474391, 26.4387696], [88.9495538, 26.4418547], [88.9461345, 26.4479836], [88.9517961, 26.448451], [88.9511151, 26.4520829], [88.9613887, 26.4481706], [88.9650685, 26.4505605], [88.9597874, 26.451832], [88.9572807, 26.4591437], [88.9655054, 26.4576596], [88.9657488, 26.4513212], [88.9749724, 26.4501347], [88.9764898, 26.4463119], [88.9792774, 26.4493927], [88.9784437, 26.4462381], [88.9831973, 26.4465543], [88.980793, 26.4432416], [88.9831297, 26.4388999], [88.9789605, 26.4360624], [88.9788066, 26.4328725], [88.982919, 26.4309668], [88.9807675, 26.4252782], [88.9835602, 26.4244741], [88.9830907, 26.4200243], [88.9941167, 26.4167807], [88.9937379, 26.4128769], [88.9984888, 26.4137333], [88.9928736, 26.4205224], [88.9953785, 26.4236481], [88.9956693, 26.4207714], [89.0058141, 26.4213643], [89.007152, 26.4127984], [89.0215165, 26.4143265], [89.0232384, 26.4082712], [89.0189394, 26.405101], [89.0298215, 26.4070103], [89.0334671, 26.3955424], [89.0373338, 26.3952422], [89.0393992, 26.4003697], [89.0578488, 26.3958376], [89.0632298, 26.4006753], [89.0639264, 26.3969331], [89.0668142, 26.4000995], [89.0744756, 26.3963349], [89.0744515, 26.3911053], [89.0751086, 26.396251], [89.0873725, 26.3976258], [89.0799965, 26.3911994], [89.0916402, 26.3939566], [89.0960559, 26.3908635], [89.0905653, 26.3878798], [89.0883033, 26.3657724], [89.0798845, 26.366738], [89.0794787, 26.3629596], [89.0858279, 26.3642441], [89.0979563, 26.3592582], [89.0933857, 26.3531497], [89.0958348, 26.3538356], [89.0975971, 26.3401537], [89.1010572, 26.3371772], [89.0841877, 26.3220348], [89.0913592, 26.3209872], [89.0968135, 26.3293564], [89.1004349, 26.3233522], [89.1054971, 26.3267804], [89.109602, 26.3255816], [89.1126316, 26.3185901], [89.123452, 26.3222267], [89.1284815, 26.3223885], [89.1241865, 26.3212616], [89.1281952, 26.3188902], [89.136206, 26.3201974], [89.135091, 26.3138729], [89.1294746, 26.3131541], [89.1347685, 26.3132529], [89.1328213, 26.3114959], [89.1359695, 26.3075109], [89.125025, 26.3054063], [89.1310121, 26.3053013], [89.1311398, 26.3010261], [89.1273159, 26.3017702], [89.132351, 26.2988351], [89.1245834, 26.2946082], [89.1232457, 26.2871544], [89.1185274, 26.2876335], [89.1143023, 26.3037441], [89.1090435, 26.3045304], [89.1082563, 26.3131476], [89.1046849, 26.3159112], [89.0996765, 26.3047363], [89.1074896, 26.3006644], [89.103521, 26.2967992], [89.1072209, 26.2918695], [89.1025036, 26.2886775], [89.1000531, 26.2795034], [89.1058713, 26.2811695], [89.1056316, 26.2741644], [89.1087639, 26.275495], [89.1092556, 26.2721137], [89.1247747, 26.2640712], [89.1197368, 26.2527651], [89.1235447, 26.2500729], [89.1292792, 26.2519725], [89.1317274, 26.2394427], [89.1353065, 26.2408235], [89.1336495, 26.2379514], [89.1409092, 26.2357422], [89.1423724, 26.21522], [89.14926, 26.2089007], [89.138895, 26.1988102], [89.1355139, 26.1800681], [89.141003, 26.1761725], [89.140861, 26.1697411], [89.1492422, 26.1699329], [89.1572183, 26.1632945], [89.1553037, 26.1596414], [89.1490816, 26.1595114], [89.1553274, 26.1383238], [89.1600618, 26.1396198], [89.1598989, 26.1354129], [89.1668381, 26.1298738], [89.1753441, 26.132113], [89.1794352, 26.1277002], [89.1851638, 26.1291071], [89.1925001, 26.1243211], [89.2022357, 26.1293058], [89.210037, 26.1273543], [89.2111662, 26.1239025], [89.2178493, 26.1270711], [89.2189568, 26.1240559], [89.2233731, 26.1257743], [89.2267605, 26.1219053], [89.229636, 26.1239392], [89.2281602, 26.1205912], [89.2320024, 26.1142538], [89.2390296, 26.1138799], [89.2389873, 26.1085909], [89.2425899, 26.1073697], [89.2407494, 26.1061184], [89.2455505, 26.1067714], [89.2492867, 26.1006038], [89.2522442, 26.1009022], [89.2512343, 26.0914039], [89.2554388, 26.0941761], [89.2674871, 26.0921058], [89.2567525, 26.0802979], [89.2540688, 26.0640906], [89.2696212, 26.0596501], [89.2701239, 26.0621343], [89.2759752, 26.0611885], [89.278237, 26.0664854], [89.2822089, 26.0656065], [89.2810619, 26.0501819], [89.2935304, 26.0480169], [89.2975442, 26.0520026], [89.3007196, 26.0503494], [89.2994402, 26.047559], [89.3061866, 26.0470219], [89.3090718, 26.0421598], [89.3174883, 26.0383375], [89.3147416, 26.0370947], [89.3190414, 26.0383112], [89.3193158, 26.0397064], [89.3239891, 26.0381117], [89.328978, 26.028338], [89.3368268, 26.0268357], [89.340273, 26.0153486], [89.3493913, 26.0163055], [89.3442, 26.01318], [89.3493369, 26.0096081], [89.3536974, 26.0117671], [89.3550968, 26.0084805], [89.3651487, 26.0082707], [89.3671641, 26.010957], [89.3717485, 26.0087071], [89.3738594, 26.0120206], [89.3759457, 26.0092525], [89.3858863, 26.0106707], [89.3932582, 26.0066801], [89.3947683, 26.0133468], [89.390981, 26.0164991], [89.3911044, 26.0229095], [89.4022655, 26.0266073], [89.4065572, 26.0313667], [89.4069607, 26.0417865], [89.418965, 26.0422497], [89.423717, 26.0439247], [89.423717, 26.0475073], [89.4326637, 26.0383155], [89.4337617, 26.0321044], [89.4266496, 26.0152569], [89.4300876, 26.0115746], [89.4474278, 26.0078795], [89.463594, 25.9981728], [89.4811689, 25.9977696], [89.4912188, 26.0062376], [89.5086973, 26.0020257], [89.5178522, 26.0096677], [89.5403478, 26.0019929], [89.5421556, 26.0048668], [89.5368714, 26.0051449], [89.5438706, 26.0056548], [89.5488299, 25.9990218], [89.5377559, 25.9944614], [89.5362394, 25.989276], [89.5366674, 25.9856657], [89.5417305, 25.9833996], [89.538135, 25.9762109], [89.5402263, 25.9701058], [89.557195, 25.9655588], [89.5659509, 25.9805524], [89.5684643, 25.9789754], [89.5685136, 25.9686227], [89.5770477, 25.9690827], [89.5783619, 25.9735674], [89.5741072, 25.9806674], [89.5833352, 25.978804], [89.5843019, 25.9755451], [89.5864044, 25.9807243], [89.5827433, 25.9901571], [89.585847, 25.9956395], [89.578607, 26.0068543], [89.5809377, 26.0113525], [89.5785325, 26.0262166], [89.5852075, 26.0263472], [89.5831379, 26.0325878], [89.5880183, 26.0390139], [89.5924286, 26.0356641], [89.596927, 26.0379644], [89.5920852, 26.0449055], [89.5992121, 26.0445876], [89.6127269, 26.0528603], [89.6129992, 26.0565212], [89.6074334, 26.057835], [89.6050804, 26.063649], [89.6087608, 26.0646761], [89.6108762, 26.0597778], [89.6178297, 26.0601737], [89.6163214, 26.0559284], [89.620624, 26.0534766], [89.6305174, 26.0628794], [89.6501178, 26.0628307], [89.6482191, 26.0687291], [89.6372443, 26.075021], [89.6336739, 26.0807546], [89.6396462, 26.0901625], [89.6331262, 26.0946595], [89.6323148, 26.0974119], [89.6363152, 26.0993026], [89.629775, 26.1072815], [89.623604, 26.1079063], [89.6210885, 26.100536], [89.6140289, 26.104082], [89.6169055, 26.0952064], [89.6098216, 26.0959935], [89.6092779, 26.0888634], [89.5962786, 26.0985617], [89.5939376, 26.1029484], [89.6001817, 26.1035407], [89.6006387, 26.106903], [89.5966749, 26.1072604], [89.6002733, 26.1084678], [89.5991612, 26.113199], [89.6051347, 26.1062712], [89.6097904, 26.1085967], [89.6158132, 26.1066925], [89.6300876, 26.1185128], [89.6257682, 26.1287235], [89.6198318, 26.1198344], [89.6119266, 26.1279013], [89.6074894, 26.1183635], [89.6039085, 26.1175386], [89.6012069, 26.1234829], [89.6060879, 26.1227096], [89.6071302, 26.1257158], [89.6051772, 26.1287099], [89.6021478, 26.1273604], [89.5963682, 26.1349891], [89.597606, 26.1538718], [89.590835, 26.1573032], [89.5996955, 26.1609209], [89.6044811, 26.156264], [89.6052041, 26.1591194], [89.6077654, 26.153509], [89.6103022, 26.1546365], [89.6113553, 26.1581428], [89.6080595, 26.1584233], [89.6099115, 26.16174], [89.6189797, 26.167829], [89.6111252, 26.1687021], [89.6108507, 26.1739268], [89.6144549, 26.1726364], [89.6152366, 26.1757031], [89.608532, 26.1766351], [89.6089071, 26.1804975], [89.6134928, 26.1766952], [89.6234853, 26.1792056], [89.6213901, 26.1720641], [89.624602, 26.171524], [89.6302843, 26.1796116], [89.6367334, 26.1785226], [89.6318624, 26.1724821], [89.6375752, 26.1722155], [89.6388379, 26.1671946], [89.6491874, 26.1645129], [89.6499922, 26.1699937], [89.6550367, 26.1701583], [89.6582903, 26.1763055], [89.6555543, 26.1812742], [89.6433778, 26.1826873], [89.6383467, 26.1790561], [89.6276987, 26.1845213], [89.6271858, 26.1898542], [89.6323764, 26.1903974], [89.6285405, 26.1924345], [89.6301075, 26.1960708], [89.636038, 26.193694], [89.6379933, 26.1868409], [89.6473076, 26.1853188], [89.6455773, 26.1886122], [89.6486091, 26.1906253], [89.6395137, 26.1994812], [89.6379974, 26.2069704], [89.632068, 26.207666], [89.6360118, 26.217061], [89.633366, 26.2183839], [89.6342379, 26.2296043], [89.6553288, 26.2195865], [89.6718481, 26.2203782], [89.6731317, 26.2309903], [89.6792665, 26.238246], [89.6820271, 26.2277375], [89.6865098, 26.2293389], [89.6838893, 26.2224116], [89.6884023, 26.2220113], [89.6840713, 26.2201066], [89.6789274, 26.2236491], [89.6800046, 26.214017], [89.6847314, 26.2085926], [89.69185, 26.2130631], [89.6856425, 26.2069126], [89.676787, 26.2095038], [89.6735551, 26.2018014], [89.6777978, 26.1972171], [89.686304, 26.1982705], [89.6819124, 26.1934015], [89.6859191, 26.1841123], [89.7012367, 26.1725249], [89.6842236, 26.1690924], [89.6811123, 26.166319], [89.6821385, 26.1629554], [89.6960273, 26.1599993], [89.7020073, 26.1519371], [89.7094348, 26.1559716], [89.714326, 26.1690356], [89.7169332, 26.1653171], [89.7193303, 26.1664059], [89.7218321, 26.1564347], [89.7466345, 26.1586777], [89.7528878, 26.1499799], [89.7534084, 26.1405295], [89.7629819, 26.136413], [89.765532, 26.1285088], [89.7541594, 26.1142712], [89.756422, 26.1089953], [89.7651252, 26.1096027], [89.7690236, 26.1047788], [89.779633, 26.1081287], [89.785532, 26.1023902], [89.7817253, 26.0983008], [89.785923, 26.096444], [89.7808253, 26.0836165], [89.7850344, 26.0835607], [89.7901592, 26.089279], [89.7947965, 26.0877189], [89.7906996, 26.075332], [89.7966085, 26.0763336], [89.7976112, 26.0603298], [89.7851228, 26.0574961], [89.7840071, 26.0526383], [89.7873974, 26.0512311], [89.7869897, 26.0480695], [89.7784208, 26.0442382], [89.7739434, 26.0378131], [89.7759819, 26.0357309], [89.7809502, 26.0414114], [89.7886043, 26.0411099], [89.7875475, 26.0355959], [89.7907448, 26.0348632], [89.793942, 26.0373311], [89.7929549, 26.0427101], [89.7990489, 26.0419582], [89.8016023, 26.0395868], [89.7931909, 26.0263604], [89.7958949, 26.0224851], [89.8080396, 26.0452935], [89.8182714, 26.0255396], [89.8148632, 26.0168926], [89.8180389, 26.0166612], [89.821705, 26.0100682], [89.8188049, 25.9958233], [89.8150544, 25.9976918], [89.819777, 25.9884078], [89.8361277, 25.9825634], [89.8306084, 25.9995331], [89.8308277, 26.0101819], [89.8339605, 26.0128431], [89.8462558, 26.0032779], [89.8501181, 25.9898351], [89.871211, 25.9792843], [89.8713398, 25.9744039], [89.8599887, 25.9694655], [89.8415712, 25.971011], [89.838767, 25.9681152], [89.8495817, 25.9492082], [89.8305127, 25.9551995], [89.8259057, 25.9514934], [89.8254244, 25.9455367], [89.8420189, 25.9440817], [89.8388099, 25.9417796], [89.8448825, 25.9406798], [89.8467557, 25.943217], [89.8872818, 25.9452273], [89.8785279, 25.9245671], [89.852761, 25.8971703], [89.8486055, 25.8876129], [89.8330751, 25.8703205], [89.8349217, 25.8412609], [89.8169619, 25.8147889], [89.8264862, 25.8100456], [89.8288095, 25.8051554], [89.8415115, 25.7611157], [89.8272521, 25.7402816], [89.8277882, 25.7289563], [89.8352501, 25.7157214], [89.8510359, 25.7127827], [89.8515255, 25.7046711], [89.8474145, 25.6950986], [89.8594609, 25.6777167], [89.8627549, 25.6669464], [89.8707971, 25.6630861], [89.8798497, 25.6381583], [89.8822773, 25.6215713], [89.8741105, 25.5888696], [89.8758339, 25.5790866], [89.8677778, 25.5616069], [89.8663831, 25.5472234], [89.8630571, 25.5426448], [89.8522639, 25.5387629], [89.8610292, 25.5153274], [89.8497534, 25.4900792], [89.8528711, 25.4665198], [89.8395237, 25.4497887], [89.8276717, 25.4162917], [89.8266054, 25.4054821], [89.816389, 25.390833], [89.814444, 25.373889], [89.817222, 25.360833], [89.828056, 25.333056], [89.8340262, 25.3298555], [89.841472, 25.3164142], [89.8382959, 25.3011103], [89.83085, 25.296124], [89.8591733, 25.2861985], [89.8629595, 25.2881844], [89.8765547, 25.2854994], [89.8850298, 25.2881386], [89.8990803, 25.3046529], [89.9067923, 25.307881], [89.9389815, 25.2991581], [89.9437397, 25.3043636], [89.9491785, 25.2929109], [89.9543247, 25.3011277], [89.9666066, 25.3038119], [89.9768806, 25.2969812], [89.9807405, 25.2809348], [89.9959823, 25.2767788], [90.004532, 25.2805], [90.033611, 25.262222], [90.0544493, 25.2614957], [90.0597864, 25.2539099], [90.0740767, 25.243997], [90.094125, 25.2373967], [90.1122726, 25.2254014], [90.1713951, 25.223229], [90.1959342, 25.2111022], [90.2192823, 25.2068268], [90.2254783, 25.2005988], [90.2339953, 25.204979], [90.2641737, 25.196289], [90.26801, 25.1985434], [90.2865277, 25.1958605], [90.3104654, 25.1888871], [90.3164495, 25.192896], [90.3301816, 25.1938459], [90.3482248, 25.177309], [90.3705464, 25.1628859], [90.4044379, 25.1601558], [90.4204769, 25.1505667], [90.4410581, 25.1446386], [90.4492496, 25.1450625], [90.4508267, 25.1524985], [90.485973, 25.1612705], [90.4991505, 25.1686396], [90.4990102, 25.172194], [90.5097425, 25.1695308], [90.5090634, 25.1754492], [90.5185409, 25.1723354], [90.5379804, 25.1753885], [90.5757254, 25.1718053], [90.5789338, 25.1748602], [90.586394, 25.1736675], [90.5885656, 25.1766263], [90.6046305, 25.1748572], [90.6093691, 25.1792101], [90.6138868, 25.1737698], [90.6159347, 25.1776272], [90.6176833, 25.1732345], [90.6418406, 25.1749152], [90.6386757, 25.1802044], [90.6402261, 25.1835479], [90.6510328, 25.1820415], [90.6524105, 25.1887195], [90.6477289, 25.1941792], [90.6495871, 25.19529], [90.6574552, 25.1854718], [90.6634091, 25.1980425], [90.6661386, 25.166028], [90.6716164, 25.1687421], [90.6744485, 25.1766699], [90.6744839, 25.1726388], [90.6855374, 25.1745863], [90.6805481, 25.1687966], [90.683015, 25.1635869], [90.6897763, 25.1643576], [90.6976934, 25.1571037], [90.7007238, 25.1649118], [90.7065837, 25.1612206], [90.71, 25.1681731], [90.725651, 25.1629575], [90.7276774, 25.1573079], [90.7333024, 25.1549708], [90.7418944, 25.1611913], [90.7378362, 25.164434], [90.7331344, 25.1620445], [90.7341162, 25.1669374], [90.739369, 25.1667316], [90.7422389, 25.1702395], [90.7419997, 25.1659607], [90.7475314, 25.1641138], [90.7566866, 25.1699073], [90.7603108, 25.1683845], [90.7587827, 25.1724316], [90.7646456, 25.1790163], [90.7802861, 25.1863026], [90.7815332, 25.1807926], [90.7871973, 25.1789094], [90.7949759, 25.181209], [90.7977901, 25.1751637], [90.8054507, 25.1737221], [90.8049916, 25.1664904], [90.8148363, 25.1640272], [90.8137246, 25.1673755], [90.8178663, 25.1677755], [90.8194155, 25.1628227], [90.8370179, 25.1609621], [90.84191, 25.1644911], [90.8443988, 25.1585424], [90.8592748, 25.1601714], [90.8627665, 25.1578626], [90.8838539, 25.1668123], [90.8972408, 25.166417], [90.904275, 25.1621055], [90.9278433, 25.162336], [90.9464255, 25.1676269], [90.9487738, 25.1708725], [90.960691, 25.1704177], [91.005339, 25.180279], [91.0186804, 25.1839987], [91.0191472, 25.1870494], [91.0304021, 25.1852497], [91.0551597, 25.1925782], [91.069167, 25.192222], [91.0723991, 25.1938636], [91.0698929, 25.1979867], [91.0738743, 25.1988049], [91.1256047, 25.194211], [91.1597077, 25.1978846], [91.1643524, 25.1959576], [91.1947055, 25.2020016], [91.250751, 25.1958698], [91.2515658, 25.1994261], [91.2597651, 25.2011385], [91.2601169, 25.2052541], [91.267892, 25.2073482], [91.2762321, 25.1991201], [91.2920933, 25.1934258], [91.2865021, 25.1854841], [91.3169943, 25.1838357], [91.3244937, 25.1806802], [91.3268541, 25.1763304], [91.3312636, 25.1776024], [91.337186, 25.1737185], [91.3514982, 25.1759712], [91.3537083, 25.171291], [91.3645444, 25.1779325], [91.3688065, 25.1707934], [91.3760887, 25.1681449], [91.3846889, 25.1698124], [91.3985227, 25.1645644], [91.4067048, 25.1662057], [91.4108126, 25.163878], [91.4144743, 25.1712163], [91.4235787, 25.1583249], [91.4325237, 25.1570323], [91.4405445, 25.1497687], [91.449547, 25.1492914], [91.4482775, 25.1523973], [91.4514586, 25.1543675], [91.4575178, 25.1502401], [91.4596769, 25.1532568], [91.4694657, 25.1528975], [91.4691129, 25.1434478], [91.4720205, 25.1406968], [91.4657588, 25.1357919], [91.471075, 25.1349615], [91.4822019, 25.1385491], [91.4890015, 25.1367826], [91.4917602, 25.1402452], [91.4991202, 25.1366758], [91.4993321, 25.1447662], [91.5101266, 25.1497108], [91.5274818, 25.1458042], [91.5560668, 25.1511724], [91.5629433, 25.1607866], [91.5716336, 25.1610002], [91.5701986, 25.1659175], [91.5769768, 25.1721183], [91.6127066, 25.1762609], [91.6146066, 25.1697081], [91.6039396, 25.1675767], [91.5988648, 25.1594246], [91.6032703, 25.1580445], [91.599657, 25.1507215], [91.6016779, 25.143311], [91.6036141, 25.1403145], [91.6110206, 25.1464015], [91.6121364, 25.1419582], [91.6153972, 25.1452287], [91.6213735, 25.1436043], [91.6230679, 25.1280987], [91.6375288, 25.1227164], [91.650846, 25.1272139], [91.6526914, 25.1313664], [91.6641255, 25.130255], [91.6639271, 25.1366368], [91.6920353, 25.1375774], [91.6944926, 25.1461504], [91.6988203, 25.1463783], [91.703056, 25.153056], [91.7004683, 25.1568247], [91.7040223, 25.1600563], [91.7070315, 25.156587], [91.711111, 25.159444], [91.7185279, 25.1538315], [91.7327982, 25.1515625], [91.7417082, 25.1431053], [91.744039, 25.1548318], [91.7479015, 25.1569685], [91.7450529, 25.1695716], [91.7521903, 25.1756664], [91.7594223, 25.1675273], [91.7753944, 25.1630461], [91.7850724, 25.166783], [91.8058823, 25.1681233], [91.8071866, 25.1716328], [91.8171042, 25.1715336], [91.8231131, 25.1766152], [91.8417528, 25.1773375], [91.8544802, 25.1732962], [91.870556, 25.173611], [91.8754368, 25.1773696], [91.879828, 25.1739941], [91.914971, 25.1823904], [91.9678119, 25.1758689], [91.9688594, 25.1704655], [91.9760156, 25.168339], [92.008481, 25.1843016], [92.037125, 25.1822914], [92.0404048, 25.1863279], [92.0630816, 25.1870088], [92.0661284, 25.1841074], [92.0734567, 25.1849169], [92.075556, 25.180556], [92.120278, 25.168611], [92.133056, 25.158889], [92.141111, 25.144444], [92.146111, 25.142222], [92.165278, 25.1425], [92.172222, 25.134722], [92.178611, 25.134167], [92.186944, 25.140556], [92.193056, 25.14], [92.213611, 25.124167], [92.2271132, 25.0963064], [92.2310829, 25.0978124], [92.2561501, 25.0866289], [92.3108572, 25.0703474], [92.3132014, 25.0730684], [92.317568, 25.0714504], [92.3213848, 25.0792901], [92.3331141, 25.0798877], [92.3475015, 25.0736175], [92.3468578, 25.060109], [92.3505351, 25.0593752], [92.3421854, 25.0519497], [92.3672479, 25.0511406], [92.3784676, 25.0419625], [92.3937938, 25.0413161], [92.3983213, 25.0348397], [92.4017867, 25.0358653], [92.4028435, 25.0334253], [92.4044904, 25.0356927], [92.414251, 25.0306475], [92.4176466, 25.0335201], [92.4283755, 25.0312162], [92.4266642, 25.0297508], [92.4309048, 25.0271187], [92.4311006, 25.0210839], [92.4257174, 25.0183059], [92.4263236, 25.0065852], [92.418513, 24.9933927], [92.4250737, 24.9898749], [92.4206706, 24.9670232], [92.447778, 24.966111], [92.4575761, 24.9722029], [92.4699037, 24.9641646], [92.466841, 24.9549975], [92.4553093, 24.9546774], [92.4517888, 24.951729], [92.449444, 24.9475], [92.4511421, 24.9404093], [92.4711024, 24.9425706], [92.4820165, 24.9493459], [92.4895706, 24.9485786], [92.48468, 24.9325], [92.486363, 24.9244665], [92.4947873, 24.9194918], [92.4930204, 24.9125049], [92.4994356, 24.9064757], [92.493056, 24.895278], [92.4950542, 24.8826151], [92.4886146, 24.8774864], [92.4838114, 24.8626721], [92.4763763, 24.8678848], [92.4549293, 24.8740803], [92.4408209, 24.8698608], [92.4412179, 24.8599805], [92.4371624, 24.855444], [92.4241269, 24.853205], [92.4066388, 24.8595716], [92.3998046, 24.8485806], [92.3837757, 24.8533413], [92.3831749, 24.8601946], [92.3783469, 24.8633097], [92.374506, 24.8743286], [92.3634338, 24.8724013], [92.3607301, 24.8787865], [92.354722, 24.8795846], [92.3459136, 24.894417], [92.3431671, 24.8920521], [92.343725, 24.8800518], [92.3386502, 24.8788351], [92.3294127, 24.8882759], [92.3258293, 24.8970932], [92.3157549, 24.895468], [92.3068178, 24.9030878], [92.3038137, 24.9137626], [92.298181, 24.9164968], [92.2862399, 24.912089], [92.2814119, 24.9060072], [92.247439, 24.9089216], [92.2341219, 24.9015406], [92.2375953, 24.899458], [92.2379118, 24.8934535], [92.2493809, 24.8861883], [92.249153, 24.8696515], [92.2456929, 24.8656776], [92.2390652, 24.866494], [92.2369462, 24.8618069], [92.2411948, 24.8587125], [92.2442338, 24.8425347], [92.2542411, 24.8386548], [92.2541392, 24.8332121], [92.2693634, 24.8319268], [92.2743684, 24.8284848], [92.2781074, 24.8170528], [92.2745132, 24.800368], [92.2801566, 24.7984761], [92.2816935, 24.791965], [92.2900888, 24.7884391], [92.2912878, 24.7800768], [92.2869694, 24.7673203], [92.2943187, 24.7564332], [92.2883856, 24.7553956], [92.2812456, 24.7453698], [92.284888, 24.742281], [92.2916391, 24.7438717], [92.2911805, 24.741197], [92.2978806, 24.7363054], [92.2907245, 24.7231522], [92.2772947, 24.7092496], [92.2673276, 24.6894479], [92.2613221, 24.68666], [92.2597772, 24.665129], [92.248587, 24.6551739], [92.2539085, 24.6480216], [92.2508508, 24.6277031], [92.238695, 24.5994872], [92.2328787, 24.5636736], [92.2327003, 24.5306316], [92.2249272, 24.5167514], [92.2145927, 24.5029747], [92.2090137, 24.502943], [92.1952459, 24.5108407], [92.1848631, 24.521432], [92.1759528, 24.5228083], [92.1698588, 24.5308438], [92.1623754, 24.5277058], [92.1567374, 24.5181473], [92.158851, 24.5155264], [92.1566141, 24.5109676], [92.1605247, 24.5065893], [92.1529958, 24.4979689], [92.1553454, 24.4924941], [92.1531272, 24.4893649], [92.1545193, 24.4794764], [92.1584272, 24.4745038], [92.1571264, 24.4706417], [92.1620107, 24.4632176], [92.1609485, 24.4544892], [92.1655351, 24.4447762], [92.1649772, 24.4379439], [92.1689898, 24.4356974], [92.1697247, 24.4269231], [92.1651676, 24.4176207], [92.1538353, 24.4235163], [92.1485996, 24.4204538], [92.137785, 24.4239706], [92.1344429, 24.4143968], [92.1362346, 24.4069914], [92.121622, 24.3911922], [92.1240735, 24.3843277], [92.1221691, 24.3809857], [92.1110004, 24.378186], [92.1060464, 24.3805875], [92.1041876, 24.3742551], [92.1015698, 24.3769718], [92.0910984, 24.370842], [92.0580965, 24.3751199], [92.0438808, 24.3728747], [92.0355016, 24.3784596], [92.025733, 24.3791486], [92.0202134, 24.3858887], [92.0073116, 24.380248], [91.9985568, 24.3915635], [91.9852424, 24.3755866], [91.9821791, 24.3800543], [91.9729149, 24.383717], [91.9759083, 24.3770036], [91.9725006, 24.3741526], [91.9739878, 24.3718046], [91.9776034, 24.3734171], [91.9854891, 24.3616112], [91.9800925, 24.357775], [91.999324, 24.3350977], [91.9982457, 24.3308306], [91.9952738, 24.3305862], [91.99596, 24.3222563], [91.981616, 24.3232051], [91.9732368, 24.3344378], [91.9698572, 24.3468327], [91.9588709, 24.3538312], [91.9441536, 24.3469036], [91.9435126, 24.3426149], [91.9240478, 24.3347238], [91.9219986, 24.3323922], [91.9288811, 24.3174099], [91.9283098, 24.3113848], [91.9379148, 24.2953097], [91.934908, 24.2893079], [91.9384995, 24.2879901], [91.93928, 24.2773548], [91.9477773, 24.2642146], [91.9436037, 24.2560374], [91.9400847, 24.2552695], [91.9403315, 24.246407], [91.9316196, 24.2360739], [91.9319858, 24.2225625], [91.9263223, 24.2171566], [91.9269311, 24.2076015], [91.923058, 24.2056444], [91.9201264, 24.1949361], [91.9149175, 24.1490763], [91.9029736, 24.1360134], [91.8926632, 24.1330443], [91.8799013, 24.1401745], [91.8719673, 24.1731645], [91.8548226, 24.1805445], [91.8499196, 24.1890103], [91.8445229, 24.190263], [91.8418434, 24.2013999], [91.847181, 24.2048175], [91.8492758, 24.2147911], [91.8455958, 24.216978], [91.8465373, 24.2204124], [91.8424362, 24.2208674], [91.8446249, 24.2258108], [91.8393812, 24.2254317], [91.8380615, 24.217208], [91.8235642, 24.2087268], [91.8173039, 24.2086167], [91.8057302, 24.2174819], [91.7880088, 24.2183332], [91.7728597, 24.2300815], [91.7660978, 24.2286164], [91.7660871, 24.2316469], [91.7498463, 24.241183], [91.7477274, 24.2361913], [91.7534043, 24.2020029], [91.7563534, 24.1999931], [91.7534821, 24.1970805], [91.7581344, 24.1875912], [91.7556775, 24.184939], [91.7620772, 24.1546344], [91.7607388, 24.1407424], [91.7394045, 24.1416553], [91.7367384, 24.1460561], [91.7248535, 24.1441127], [91.7177108, 24.1513157], [91.7052224, 24.153046], [91.7013493, 24.1612274], [91.6925248, 24.157625], [91.6867393, 24.160782], [91.6804039, 24.1708741], [91.6780597, 24.1928467], [91.665523, 24.2109897], [91.6661882, 24.2287338], [91.6596758, 24.2274179], [91.6497678, 24.216002], [91.6555694, 24.1977497], [91.6602713, 24.195812], [91.6602927, 24.1831014], [91.6565511, 24.1751612], [91.6477346, 24.177361], [91.645668, 24.1703308], [91.6480994, 24.1564748], [91.6361904, 24.1384269], [91.641009, 24.1277509], [91.6428155, 24.1111079], [91.6369361, 24.1022108], [91.6290235, 24.1014298], [91.6248876, 24.0968341], [91.6114524, 24.0919346], [91.6023423, 24.0968524], [91.593672, 24.0970447], [91.5909415, 24.0915257], [91.5997392, 24.0858645], [91.5923202, 24.0809964], [91.5936144, 24.0751584], [91.586473, 24.0715976], [91.5743601, 24.0783615], [91.5738076, 24.0735813], [91.5565073, 24.0757608], [91.545108, 24.0730915], [91.5135464, 24.0840842], [91.4969006, 24.0866554], [91.4920887, 24.0898655], [91.4920378, 24.0946451], [91.4741072, 24.0990401], [91.4551601, 24.0949732], [91.4497822, 24.098548], [91.4420012, 24.0962464], [91.4397159, 24.1008471], [91.4295638, 24.0993413], [91.425747, 24.1056899], [91.4197656, 24.107367], [91.3759357, 24.1053888], [91.3785052, 24.0805605], [91.3980424, 24.0499569], [91.3928175, 24.0261321], [91.3757613, 24.0040352], [91.3775074, 23.9947852], [91.3807449, 23.9929695], [91.3795835, 23.9757], [91.3728189, 23.9743765], [91.3609448, 23.9842113], [91.3529974, 23.9807093], [91.3410455, 23.9807338], [91.3326877, 23.9890046], [91.3225355, 23.9930405], [91.3157496, 23.9892594], [91.3034061, 23.9944324], [91.3050744, 23.9878773], [91.2988973, 23.976842], [91.3015151, 23.9715777], [91.2869677, 23.9671672], [91.2828622, 23.9774242], [91.2656003, 23.9445958], [91.2738186, 23.9387369], [91.2772304, 23.9218941], [91.237472, 23.9261699], [91.2427425, 23.9232229], [91.2476402, 23.9133492], [91.2455723, 23.9062236], [91.2299243, 23.8978715], [91.2296721, 23.8863699], [91.2322417, 23.8795494], [91.2367853, 23.8785193], [91.2415409, 23.8633808], [91.2501481, 23.85154], [91.2535197, 23.8346662], [91.2353718, 23.8106937], [91.2335612, 23.7988412], [91.2281781, 23.7921482], [91.2319601, 23.7846502], [91.2321505, 23.7650798], [91.2201101, 23.7358205], [91.2088783, 23.7476092], [91.1993283, 23.7493143], [91.1680135, 23.7483543], [91.1580572, 23.7366627], [91.1508098, 23.7118593], [91.1566088, 23.6909663], [91.1967427, 23.6934495], [91.2036976, 23.6878273], [91.2101188, 23.6876676], [91.2042662, 23.6655572], [91.2074903, 23.6561701], [91.2062779, 23.6498166], [91.199787, 23.6458412], [91.189388, 23.646249], [91.1913621, 23.653927], [91.1710685, 23.6551603], [91.1658651, 23.6621719], [91.1600018, 23.6634961], [91.162869, 23.6541776], [91.1602445, 23.6390179], [91.1624104, 23.6313661], [91.1595163, 23.6246133], [91.1610585, 23.6113942], [91.1651087, 23.601251], [91.1634645, 23.5961976], [91.1781509, 23.594155], [91.1767159, 23.5859635], [91.1884841, 23.5788335], [91.1885485, 23.5738726], [91.19674, 23.5626988], [91.1958361, 23.5486203], [91.2024209, 23.5515782], [91.2059708, 23.5468831], [91.2142816, 23.5510447], [91.2143728, 23.5444685], [91.2093624, 23.542328], [91.202091, 23.5206677], [91.2083378, 23.5136952], [91.2245384, 23.5149766], [91.218458, 23.4988377], [91.223889, 23.497355], [91.2352535, 23.5020636], [91.2366611, 23.4892496], [91.2492192, 23.4904501], [91.252399, 23.4809147], [91.2490082, 23.4701797], [91.2500176, 23.4633017], [91.2535318, 23.4608908], [91.2514622, 23.4529295], [91.2554549, 23.4433603], [91.2718391, 23.4301912], [91.2653938, 23.4242895], [91.2775844, 23.4155041], [91.2809855, 23.3778528], [91.2884152, 23.3770539], [91.2929475, 23.37986], [91.2957406, 23.3751846], [91.2942544, 23.3701933], [91.2858497, 23.370048], [91.2872806, 23.3643233], [91.2961319, 23.3618376], [91.2932244, 23.3523894], [91.3005012, 23.3530124], [91.3143334, 23.3622932], [91.3210684, 23.3613181], [91.3192284, 23.3526652], [91.3121098, 23.3522195], [91.3122171, 23.342342], [91.2972289, 23.3397365], [91.2914407, 23.3190307], [91.2966228, 23.3148631], [91.3104093, 23.3152892], [91.3143897, 23.3067786], [91.3160741, 23.2959001], [91.3075662, 23.2984375], [91.3016854, 23.2923599], [91.3034141, 23.287376], [91.3178095, 23.2825988], [91.3113789, 23.2759907], [91.3189736, 23.2542918], [91.3270149, 23.2536362], [91.326634, 23.2462308], [91.320017, 23.2447952], [91.3202208, 23.2408199], [91.3249978, 23.2383418], [91.3252258, 23.1586842], [91.3344634, 23.153678], [91.3382935, 23.1317667], [91.3427943, 23.1296627], [91.3430545, 23.1196257], [91.349076, 23.1196183], [91.3483237, 23.1029473], [91.3707, 23.0715295], [91.3962274, 23.0575036], [91.4123708, 23.0637264], [91.4093453, 23.0659795], [91.4149725, 23.0812098], [91.4073712, 23.0824584], [91.4039648, 23.0865691], [91.4044395, 23.0955131], [91.3988498, 23.0958561], [91.4018673, 23.1132465], [91.3955694, 23.1170898], [91.3958243, 23.1296011], [91.3879573, 23.1521206], [91.3834982, 23.1557236], [91.3837409, 23.1739397], [91.3806577, 23.1737498], [91.3814422, 23.1834931], [91.3784757, 23.1841452], [91.3798919, 23.1927141], [91.3842478, 23.1931826], [91.3861911, 23.2068318], [91.3793877, 23.2088298], [91.3903432, 23.2200525], [91.3848755, 23.2276967], [91.4004886, 23.2324981], [91.3909808, 23.2461015], [91.4059592, 23.2488602], [91.3960147, 23.2556205], [91.3963124, 23.2662973], [91.4007997, 23.2671918], [91.4062272, 23.2577886], [91.4096859, 23.2575372], [91.4074624, 23.2859889], [91.4160763, 23.2841041], [91.4208613, 23.2736623], [91.4183226, 23.2609181], [91.421567, 23.263186], [91.4260431, 23.2605661], [91.4310514, 23.2638667], [91.4553827, 23.2612988], [91.4558145, 23.257515], [91.443974, 23.2471861], [91.4467901, 23.2434952], [91.4578798, 23.2462406], [91.4716583, 23.2280788], [91.4528641, 23.2198436], [91.4595133, 23.2152736], [91.4757568, 23.2222297], [91.4858955, 23.2095003], [91.4834869, 23.197746], [91.475392, 23.1953004], [91.4848387, 23.1898616], [91.4885133, 23.1935549], [91.4925903, 23.1903005], [91.5038824, 23.1933379], [91.5056634, 23.1895485], [91.5034345, 23.1862422], [91.508646, 23.1845064], [91.5071815, 23.1789242], [91.4931563, 23.1768012], [91.4935908, 23.1733245], [91.499548, 23.171914], [91.4927325, 23.1573426], [91.495239, 23.1538173], [91.50819, 23.1552736], [91.5085307, 23.1529504], [91.4975926, 23.1470808], [91.5052342, 23.141793], [91.5165102, 23.1456479], [91.5158746, 23.1381427], [91.5043491, 23.1286909], [91.5186466, 23.1263599], [91.5158129, 23.1219938], [91.5203565, 23.1186489], [91.5204692, 23.1133945], [91.5134632, 23.1123682], [91.5127015, 23.105589], [91.5230977, 23.1051646], [91.5206087, 23.0951875], [91.53108, 23.0923057], [91.531198, 23.0855353], [91.5267563, 23.0825349], [91.536667, 23.063144], [91.5270031, 23.0592744], [91.5264988, 23.0565252], [91.5375978, 23.0548716], [91.5321153, 23.0396532], [91.5516365, 23.038345], [91.5408647, 23.020587], [91.549539, 23.0201476], [91.5439868, 22.9998985], [91.5479565, 22.9956419], [91.5575802, 22.9981356], [91.5585136, 22.9792068], [91.5772351, 22.9673258], [91.5904641, 22.9770633], [91.5924811, 22.9733493], [91.5989412, 22.9759282], [91.6015981, 22.9715737], [91.6061463, 22.9719805], [91.6055178, 22.9656832], [91.6137315, 22.958377], [91.6052699, 22.9623844], [91.6000771, 22.9549949], [91.602298, 22.9534071], [91.6084027, 22.9572276], [91.6071367, 22.9501935], [91.6159074, 22.951514], [91.6126942, 22.9470518], [91.6189599, 22.9376459], [91.625483, 22.9439692], [91.6235089, 22.9493439], [91.6270923, 22.9562397], [91.6243887, 22.9615743], [91.6307616, 22.9591244], [91.6357398, 22.9612385], [91.6410613, 22.9750878], [91.6459322, 22.9774387], [91.6452455, 22.9849059], [91.6505456, 22.9818638], [91.6524339, 22.9761941], [91.6580219, 22.9783656], [91.6567423, 22.9816747], [91.664395, 22.9816644], [91.6706729, 22.9767275], [91.6756081, 22.9825552], [91.6786551, 22.9771226], [91.6876888, 22.9801056], [91.6915297, 22.9867529], [91.6970658, 22.9889752], [91.7032027, 22.9884024], [91.7085457, 22.9819033], [91.7114532, 22.9830293], [91.7100565, 22.9883835], [91.7206076, 22.9875011], [91.7243798, 22.9977773], [91.7433986, 23.0062894], [91.7534459, 23.0223792], [91.7612189, 23.0261314], [91.7613208, 23.0302241], [91.7680424, 23.0344006], [91.7716527, 23.0334182], [91.7686218, 23.0412082], [91.7740425, 23.0392509], [91.7739916, 23.0274446], [91.7801124, 23.0290096], [91.7789268, 23.0367529], [91.7817003, 23.0341957], [91.7838728, 23.0399987], [91.7743242, 23.0694443], [91.7850691, 23.0715739], [91.7890307, 23.0675244], [91.7894518, 23.0718305], [91.7898783, 23.0688298], [91.7957094, 23.0674849], [91.7942637, 23.0623519], [91.7991319, 23.0652096], [91.8063283, 23.0634611], [91.8057972, 23.0671962], [91.8123445, 23.0666434], [91.8129078, 23.0739971], [91.8187577, 23.0726745], [91.8158931, 23.0748435], [91.8161988, 23.082715], [91.819624, 23.0800106], [91.8244439, 23.0838229], [91.8222445, 23.0862878], [91.8356287, 23.092318], [91.8248248, 23.0991646], [91.8131304, 23.0985404], [91.8174353, 23.1016293], [91.8180335, 23.1121092], [91.8155283, 23.1191496], [91.8110946, 23.1215424], [91.8146458, 23.1335994], [91.8083212, 23.1351188], [91.8085653, 23.1400961], [91.8140101, 23.1458254], [91.8061271, 23.1574807], [91.8099667, 23.165335], [91.804672, 23.1686221], [91.8059072, 23.180157], [91.7947975, 23.186665], [91.7986397, 23.1907529], [91.7983447, 23.1954064], [91.7889516, 23.20448], [91.7882529, 23.2078413], [91.7919803, 23.2085917], [91.7877549, 23.2160092], [91.7918717, 23.2183772], [91.7911535, 23.2269532], [91.7840206, 23.2326596], [91.7833344, 23.2432325], [91.7804492, 23.2433142], [91.7799185, 23.239917], [91.7761645, 23.2432008], [91.7803184, 23.2468837], [91.7797236, 23.2539181], [91.7748909, 23.2566573], [91.7774998, 23.2598002], [91.7752933, 23.2617548], [91.7770086, 23.2693348], [91.7651966, 23.2708189], [91.7593521, 23.2772227], [91.7599797, 23.3004649], [91.7627826, 23.3099686], [91.7798173, 23.3206046], [91.791949, 23.3329047], [91.8026161, 23.3345302], [91.8040323, 23.3431079], [91.8129882, 23.3489], [91.8125752, 23.3533177], [91.8186289, 23.353468], [91.8187442, 23.3603085], [91.8267077, 23.3683282], [91.8309832, 23.3675107], [91.8313587, 23.3721544], [91.8359452, 23.3730653], [91.8356837, 23.3877325], [91.8406096, 23.3895728], [91.8410307, 23.4094159], [91.8534815, 23.4065507], [91.857934, 23.4110109], [91.8620056, 23.4107303], [91.870712, 23.4165588], [91.8757546, 23.4249515], [91.8850672, 23.4278064], [91.8866497, 23.4340624], [91.8978211, 23.4366365], [91.8995833, 23.4421858], [91.9084722, 23.438182], [91.9198206, 23.4413983], [91.9287443, 23.4346432], [91.939728, 23.4386299], [91.9355491, 23.4435294], [91.938006, 23.4434827], [91.9358388, 23.4505843], [91.9382367, 23.4522502], [91.9340846, 23.457068], [91.9360051, 23.4619079], [91.9336849, 23.4659774], [91.9466212, 23.4696851], [91.9471979, 23.4731221], [91.9498426, 23.4718428], [91.9521546, 23.4764656], [91.9578034, 23.4773562], [91.9569612, 23.483996], [91.9658124, 23.4838951], [91.9673292, 23.4863896], [91.9649313, 23.4990457], [91.9679891, 23.5042406], [91.965284, 23.5091439], [91.9546947, 23.5131332], [91.9561592, 23.5161227], [91.9621539, 23.5151611], [91.9625589, 23.5186707], [91.9598418, 23.5185157], [91.9544613, 23.5273275], [91.9586, 23.5349337], [91.9626823, 23.5345304], [91.9596139, 23.5440492], [91.9524792, 23.5435132], [91.9572294, 23.5482834], [91.9516236, 23.5521806], [91.9552445, 23.5536706], [91.9548663, 23.5702096], [91.951004, 23.5758442], [91.9527206, 23.5928547], [91.9479972, 23.6057857], [91.9503763, 23.6160465], [91.9455886, 23.6178454], [91.9412649, 23.630592], [91.9421232, 23.6491778], [91.9385236, 23.657057], [91.9393283, 23.6633512], [91.9360077, 23.6625724], [91.9384968, 23.6725266], [91.9359058, 23.677582], [91.9276285, 23.6823277], [91.9347149, 23.6939604], [91.9443977, 23.6986662], [91.9449234, 23.7106019], [91.9502234, 23.7186861], [91.948126, 23.7269516], [91.9505051, 23.7311651], [91.9618267, 23.7368321], [91.968492, 23.730318], [91.9764367, 23.7362355], [91.985532, 23.722124], [91.988976, 23.7012794], [91.9961911, 23.6920446], [91.9935358, 23.6880999], [92.0006785, 23.6728336], [92.00671, 23.6732132], [92.0072073, 23.6772073], [92.0106059, 23.6656642], [92.0148861, 23.6653877], [92.015267, 23.6623415], [92.0244294, 23.6636189], [92.0403805, 23.6504824], [92.049779, 23.6540719], [92.067959, 23.647878], [92.0748067, 23.6479272], [92.0779422, 23.651932], [92.0745653, 23.6568604], [92.0694423, 23.6550006], [92.072441, 23.6688295], [92.0770678, 23.6716226], [92.0787898, 23.6791958], [92.0833737, 23.6817971], [92.0905593, 23.6790435], [92.1013686, 23.6835165], [92.1014383, 23.6895982], [92.1117541, 23.6924842], [92.1122745, 23.6961217], [92.1195352, 23.6958712], [92.1233627, 23.7068052], [92.1377233, 23.719413], [92.140266, 23.7319484], [92.1467972, 23.7378707], [92.1547633, 23.7347917], [92.1599239, 23.740434], [92.1716827, 23.7422951], [92.1772349, 23.737883], [92.1773368, 23.731919], [92.1712375, 23.7275655], [92.1718007, 23.720712], [92.1746278, 23.7211], [92.1818697, 23.7126721], [92.1858904, 23.7160095], [92.1920219, 23.7082198], [92.1962437, 23.7076598], [92.1954229, 23.7105577], [92.1967399, 23.7120852], [92.1973327, 23.7078023], [92.2048241, 23.7085095], [92.205213, 23.7041233], [92.2138739, 23.6987349], [92.2109449, 23.6953554], [92.2139168, 23.6906396], [92.2207564, 23.6909884], [92.2157246, 23.6844892], [92.2167009, 23.6815859], [92.2142655, 23.6833446], [92.2079676, 23.6727771], [92.2102475, 23.6602139], [92.2153383, 23.6539294], [92.2270381, 23.6638523], [92.2264051, 23.6668765], [92.2319654, 23.6683455], [92.2289398, 23.6711951], [92.2278428, 23.6825684], [92.2348112, 23.6870732], [92.2320887, 23.6963157], [92.2391939, 23.6972466], [92.2347897, 23.7026719], [92.2370803, 23.7047914], [92.2341862, 23.7061077], [92.2323757, 23.7164024], [92.2379333, 23.7205082], [92.2384939, 23.7254832], [92.2416937, 23.7247809], [92.2463715, 23.7304261], [92.2637656, 23.7261781], [92.2657087, 23.728474], [92.267124, 23.7239111], [92.2717828, 23.7222713], [92.2792232, 23.7263524], [92.2825223, 23.7090842], [92.2850114, 23.7134015], [92.2858644, 23.7067978], [92.2914755, 23.7001226], [92.2891561, 23.6972128], [92.291216, 23.6817682], [92.2729931, 23.6423282], [92.2819785, 23.6387555], [92.2766946, 23.6317426], [92.2786794, 23.6249112], [92.279248, 23.6298161], [92.2830729, 23.6304304], [92.2903202, 23.6283024], [92.2963391, 23.6213381], [92.2875521, 23.617121], [92.287182, 23.5961416], [92.288963, 23.5985553], [92.2934423, 23.595183], [92.2966824, 23.5882858], [92.2984526, 23.5928824], [92.3017357, 23.5924448], [92.3082427, 23.5780155], [92.305185, 23.5736003], [92.3072288, 23.5693128], [92.3068211, 23.5716926], [92.3092619, 23.5703601], [92.3069284, 23.5636829], [92.3135374, 23.5562136], [92.3095463, 23.5530713], [92.3105816, 23.5421196], [92.3063759, 23.5350474], [92.3141328, 23.5333211], [92.3177645, 23.5264993], [92.3134408, 23.5157962], [92.3180542, 23.5172079], [92.3155276, 23.5132679], [92.3197601, 23.5125153], [92.3189018, 23.503705], [92.3224155, 23.5013338], [92.3191807, 23.5004828], [92.3203126, 23.4945793], [92.3172013, 23.4943874], [92.3218254, 23.490304], [92.3160211, 23.4869437], [92.3261599, 23.4788894], [92.3228393, 23.4792585], [92.3239068, 23.4753812], [92.316976, 23.4717302], [92.3317925, 23.4664012], [92.3307625, 23.4600286], [92.3254142, 23.4595513], [92.3297487, 23.4544432], [92.3332033, 23.4561951], [92.3269967, 23.4487886], [92.3298398, 23.4476419], [92.3339061, 23.428629], [92.3354671, 23.4337135], [92.3381762, 23.4321532], [92.3416147, 23.4359136], [92.3460243, 23.43362], [92.347639, 23.4129609], [92.3574344, 23.4107555], [92.3556212, 23.4011458], [92.352998, 23.405808], [92.3531429, 23.3960551], [92.3542211, 23.3892361], [92.358679, 23.3905015], [92.352558, 23.3809935], [92.3650192, 23.3797281], [92.3565171, 23.372022], [92.3638932, 23.3661275], [92.3708508, 23.3734549], [92.3692469, 23.3672503], [92.3789243, 23.361917], [92.3765103, 23.3570366], [92.3803458, 23.3559778], [92.380775, 23.3517817], [92.3761187, 23.3469847], [92.3721919, 23.3319817], [92.3642901, 23.3230855], [92.3680238, 23.3174844], [92.367498, 23.323051], [92.3713658, 23.318046], [92.3763547, 23.3200264], [92.3762581, 23.3130359], [92.3856673, 23.3063358], [92.3808769, 23.2854548], [92.3880384, 23.2812171], [92.3939459, 23.2664705], [92.3929594, 23.2639812], [92.3884157, 23.2659969], [92.389274, 23.2594718], [92.3982165, 23.2557705], [92.3956255, 23.2478895], [92.4041013, 23.2405897], [92.4003086, 23.2381349], [92.4018107, 23.2365181], [92.3464383, 23.2363823], [92.3515164, 23.232645], [92.3538516, 23.2210718], [92.3536861, 23.1848004], [92.3612542, 23.1823879], [92.3545058, 23.1792614], [92.3646713, 23.1566195], [92.3603583, 23.1527575], [92.3589207, 23.1470555], [92.3614393, 23.14508], [92.3567669, 23.134028], [92.3680429, 23.1272054], [92.3580114, 23.1031632], [92.3629386, 23.0975332], [92.3700411, 23.0966549], [92.3748691, 23.0847007], [92.3798929, 23.086566], [92.3805473, 23.0808761], [92.3853324, 23.0772143], [92.3826046, 23.0726368], [92.3923276, 23.0564332], [92.3878751, 23.0396871], [92.3833556, 23.0378359], [92.3821888, 23.0332029], [92.3847155, 23.0273798], [92.3796488, 23.0118201], [92.3845519, 23.0097018], [92.3817329, 23.0007694], [92.3851902, 22.9922833], [92.3821084, 22.9874388], [92.3849435, 22.9858585], [92.3842032, 22.9817249], [92.3794235, 22.9813298], [92.380137, 22.9756872], [92.3782326, 22.977122], [92.3742039, 22.9711903], [92.3738767, 22.9616256], [92.3772858, 22.9597881], [92.3726858, 22.9582692], [92.374448, 22.9532975], [92.3768512, 22.9557995], [92.3780073, 22.9526702], [92.3725946, 22.9400437], [92.3759259, 22.9368029], [92.3714788, 22.9360965], [92.3765267, 22.9348762], [92.3761042, 22.9289955], [92.3961886, 22.9310507], [92.4013384, 22.9243315], [92.3972186, 22.9186397], [92.4015959, 22.9117617], [92.4039134, 22.9180863], [92.4124964, 22.9136592], [92.4202212, 22.9186397], [92.4197062, 22.9108921], [92.4266585, 22.8969769], [92.4334391, 22.8915211], [92.4330958, 22.8863813], [92.4361857, 22.8855115], [92.4459704, 22.8973722], [92.4488886, 22.8952374], [92.4479141, 22.8766858], [92.4602737, 22.8709227], [92.4546196, 22.8700034], [92.4524014, 22.8621516], [92.4614458, 22.8614497], [92.4596729, 22.8579846], [92.4644472, 22.8545194], [92.4565964, 22.8513632], [92.4602308, 22.8502485], [92.4584981, 22.8447043], [92.4638008, 22.8421509], [92.4527528, 22.8428455], [92.4619232, 22.8310295], [92.4551614, 22.8259617], [92.4581681, 22.8233362], [92.4542575, 22.8189628], [92.4590694, 22.818765], [92.4612554, 22.8072066], [92.4627145, 22.8115136], [92.4658795, 22.8093824], [92.4650426, 22.8026769], [92.4721076, 22.79607], [92.4690552, 22.782514], [92.4725957, 22.7834537], [92.4722149, 22.7772415], [92.4759592, 22.7712616], [92.4728532, 22.7675122], [92.4726762, 22.7647966], [92.4760826, 22.7645444], [92.4734433, 22.759667], [92.4765332, 22.7600033], [92.479135, 22.7526227], [92.4740871, 22.7467356], [92.4889787, 22.7463349], [92.4911137, 22.7412788], [92.4939461, 22.7428867], [92.5002171, 22.7375088], [92.505662, 22.7390475], [92.5086204, 22.7319845], [92.5129066, 22.7334738], [92.5096182, 22.72957], [92.5166724, 22.722727], [92.5175093, 22.7157946], [92.5137274, 22.7081097], [92.5233297, 22.6793603], [92.5222353, 22.6741433], [92.5258724, 22.673678], [92.5260548, 22.6650947], [92.528973, 22.6654115], [92.528619, 22.6599465], [92.5235442, 22.6562931], [92.5277392, 22.650798], [92.5245957, 22.649788], [92.5249283, 22.6399754], [92.5264196, 22.6334894], [92.5325457, 22.6329547], [92.5274388, 22.6206254], [92.5300888, 22.6203679], [92.5285439, 22.6154358], [92.5355284, 22.6116129], [92.5339834, 22.6078295], [92.5299064, 22.6095825], [92.5304214, 22.6038083], [92.5355123, 22.6001534], [92.5362633, 22.589525], [92.5393317, 22.5892972], [92.5329213, 22.5879004], [92.534375, 22.5851119], [92.5382642, 22.5862808], [92.538232, 22.5753095], [92.532873, 22.5719362], [92.5273369, 22.5731152], [92.5280504, 22.5656402], [92.5217686, 22.5601316], [92.5317196, 22.5523735], [92.531387, 22.5452789], [92.5373093, 22.5455068], [92.5396697, 22.5412063], [92.5394122, 22.5292652], [92.5455545, 22.5176997], [92.5437198, 22.5135073], [92.5470511, 22.5169663], [92.5513158, 22.5136163], [92.5465201, 22.5101821], [92.5511066, 22.5097707], [92.5471423, 22.5034372], [92.5491486, 22.5011723], [92.5427811, 22.49917], [92.5501464, 22.4974255], [92.5442294, 22.494987], [92.5432424, 22.4908386], [92.5462947, 22.4890443], [92.5456135, 22.4684933], [92.5477807, 22.4668723], [92.5454794, 22.4632485], [92.5491915, 22.4596246], [92.5479416, 22.4560303], [92.5516431, 22.4489258], [92.5497441, 22.4435563], [92.5553928, 22.4300101], [92.5512247, 22.427392], [92.5566856, 22.4247886], [92.5509135, 22.4238018], [92.5549154, 22.4173354], [92.5520561, 22.4090437], [92.5572006, 22.4091974], [92.5547062, 22.4054778], [92.5599311, 22.4019467], [92.5560204, 22.3988866], [92.5600652, 22.3957967], [92.558252, 22.3912385], [92.5616263, 22.3844382], [92.5593035, 22.3822954], [92.5630961, 22.3803014], [92.5626026, 22.3715163], [92.5674574, 22.3706135], [92.5681065, 22.3605974], [92.5721298, 22.3584344], [92.572618, 22.3427489], [92.5753699, 22.3422775], [92.5738089, 22.3383428], [92.5764857, 22.3331477], [92.5744231, 22.3318576], [92.5813459, 22.3220819], [92.5780387, 22.3169383], [92.5806431, 22.3121319], [92.5776176, 22.3111691], [92.5818635, 22.3082485], [92.580399, 22.3042681], [92.5838054, 22.3043178], [92.5802918, 22.3030596], [92.5838054, 22.2995705], [92.5809274, 22.2863901], [92.5844089, 22.2848761], [92.581421, 22.2816894], [92.5864662, 22.2803541], [92.5859029, 22.276574], [92.5806431, 22.2759709], [92.5831751, 22.2726399], [92.5813137, 22.2689267], [92.5867773, 22.2640268], [92.58402, 22.26113], [92.591026, 22.2550284], [92.5891162, 22.2474395], [92.5917555, 22.2350064], [92.5881318, 22.2303983], [92.5902749, 22.2233642], [92.5875954, 22.2160269], [92.591954, 22.2142862], [92.590114, 22.2134842], [92.5937833, 22.2089722], [92.5969617, 22.183651], [92.5943036, 22.1811748], [92.5957896, 22.1754671], [92.6064036, 22.1727089], [92.6087074, 22.1642684], [92.6062865, 22.1604613], [92.6109789, 22.1384449], [92.6054664, 22.1233192], [92.5939894, 22.1256071], [92.5889101, 22.1319397], [92.5918433, 22.1394751], [92.5781972, 22.1435487], [92.5763697, 22.1359668], [92.5657529, 22.1350815], [92.5625471, 22.1282673], [92.5751774, 22.1162521], [92.5850358, 22.0824619], [92.5906344, 22.0811168], [92.5922742, 22.0657332], [92.5952744, 22.0622082], [92.6026222, 22.0618285], [92.5978508, 22.0479093], [92.5990013, 22.0424916], [92.592646, 22.0411758], [92.5932654, 22.0341116], [92.5994668, 22.0287141], [92.6005261, 22.0224264], [92.5973924, 22.0120015], [92.6126152, 21.9914299], [92.6105445, 21.9850615], [92.6034528, 21.9828317], [92.6032279, 21.9786619], [92.6073983, 21.9746709], [92.6228559, 21.9820335], [92.634769, 21.9834849], [92.6468289, 22.0077657], [92.6513893, 22.0108259], [92.6516192, 22.0158474], [92.6664969, 22.0135431], [92.6700137, 22.0097445], [92.6768937, 22.0124056], [92.684444, 22.041944], [92.6815228, 22.1067501], [92.6879104, 22.1062566], [92.688748, 22.0725221], [92.6909124, 22.0723307], [92.6918903, 22.1361577], [92.6966387, 22.1407578], [92.6952169, 22.1536211], [92.6995089, 22.1551653], [92.7009898, 22.151274], [92.711036, 22.1515915], [92.713238, 22.1478458], [92.7264513, 22.1510988], [92.7336279, 22.1360426], [92.7412278, 22.131205], [92.7470608, 22.1316243], [92.7468688, 22.128118], [92.7537834, 22.1241958], [92.7610509, 22.1257079], [92.7736269, 22.1077359], [92.7901264, 22.1051565], [92.7972813, 22.0944288], [92.8041347, 22.0977997], [92.8113229, 22.0955801], [92.8134706, 22.0893845], [92.8189451, 22.0866025], [92.8192885, 22.0745544], [92.8368048, 22.0718734], [92.8418183, 22.0596232], [92.85248, 22.0665217], [92.8598472, 22.0670222], [92.8649814, 22.0525758], [92.8652647, 22.0237917], [92.8791921, 22.0219137], [92.8793914, 22.0147044], [92.8916125, 22.0114865], [92.8982074, 21.9835216], [92.897119, 21.9733019], [92.901233, 21.9598645], [92.8987722, 21.9563081], [92.9016887, 21.9551316], [92.9038441, 21.9401092], [92.9062797, 21.9402494], [92.9121177, 21.9505175], [92.9139062, 21.9758771], [92.920178, 21.9842243], [92.9201212, 21.9906587], [92.9255095, 21.995892], [92.9302668, 21.9962076], [92.9352615, 22.0041694], [92.9349059, 22.0115436], [92.9291286, 22.0085915], [92.9261986, 22.0140851], [92.9300099, 22.0179961], [92.9396693, 22.0136575], [92.942162, 22.0206066], [92.9519714, 22.0302209], [92.9566569, 22.0299966], [92.9615916, 22.0249199], [92.9653494, 22.010289], [92.984722, 21.991389], [92.996389, 21.992778], [93.003611, 21.999722], [93.005278, 22.010833], [92.990833, 22.048611], [92.989444, 22.060833], [93.006389, 22.091389], [93.009722, 22.1075], [93.0219246, 22.1098057], [93.0296838, 22.1018216], [93.0391964, 22.0992109], [93.0595478, 22.1009036], [93.0570387, 22.1027136], [93.0585447, 22.1128761], [93.0544797, 22.1250828], [93.0449178, 22.137306], [93.0391598, 22.1389564], [93.0440269, 22.1434546], [93.0374324, 22.1454973], [93.0369109, 22.1490997], [93.0411045, 22.1505286], [93.0440595, 22.1568677], [93.0417128, 22.1595744], [93.0478403, 22.1628846], [93.048981, 22.169022], [93.038019, 22.1950174], [93.0427341, 22.1954398], [93.0463953, 22.2026722], [93.0569553, 22.200922], [93.0626807, 22.2073091], [93.078056, 22.211667], [93.110833, 22.203333], [93.128611, 22.185278], [93.140833, 22.183889], [93.1573236, 22.186836], [93.161709, 22.1956461], [93.1533658, 22.2093385], [93.1483974, 22.2121637], [93.1524276, 22.217787], [93.1477225, 22.2288552], [93.1396408, 22.2349723], [93.1437571, 22.2384733], [93.1419713, 22.245452], [93.148849, 22.2494515], [93.1563692, 22.2471915], [93.1643936, 22.2501614], [93.1669087, 22.2461702], [93.1766551, 22.2454187], [93.1927583, 22.2550009], [93.1991351, 22.2553796], [93.1981587, 22.26095], [93.2022786, 22.2631642], [93.193884, 22.2865389], [93.1943272, 22.2906431], [93.1997501, 22.2938222], [93.1895649, 22.3010387], [93.1954094, 22.301636], [93.1902408, 22.3093564], [93.1962812, 22.3137137], [93.1891358, 22.3223287], [93.197118, 22.3286706], [93.1945324, 22.3338014], [93.1857026, 22.3390809], [93.1884062, 22.3456501], [93.1882989, 22.3640167], [93.183589, 22.3741863], [93.1900556, 22.38301], [93.1819739, 22.3953795], [93.1874728, 22.4032125], [93.1816256, 22.4183581], [93.1852954, 22.428135], [93.1773126, 22.4331054], [93.1783001, 22.4385223], [93.1683417, 22.4432055], [93.1636088, 22.4511362], [93.1389848, 22.4542866], [93.131597, 22.4680582], [93.135159, 22.4912362], [93.1256527, 22.5020011], [93.1238314, 22.510037], [93.1285448, 22.5242519], [93.1094155, 22.5247481], [93.1064675, 22.5277221], [93.1127894, 22.5346176], [93.1088734, 22.5373428], [93.1130576, 22.559558], [93.1227507, 22.5669236], [93.127445, 22.5771929], [93.1381824, 22.5829902], [93.1408882, 22.5912398], [93.1345768, 22.6139331], [93.12741, 22.6179236], [93.1286573, 22.6242314], [93.1082404, 22.6354216], [93.1098606, 22.6563886], [93.1012869, 22.6622597], [93.0952775, 22.6741602], [93.0951619, 22.6813215], [93.1020526, 22.6825892], [93.1004405, 22.6869045], [93.0966585, 22.6864275], [93.0988863, 22.693082], [93.0961191, 22.7000556], [93.0923512, 22.7011052], [93.0918009, 22.7094346], [93.0979057, 22.7186462], [93.0985141, 22.7284224], [93.107327, 22.7525638], [93.0998772, 22.76434], [93.1024923, 22.76779], [93.0967937, 22.7804769], [93.0982726, 22.7957588], [93.0953615, 22.806921], [93.1105685, 22.8180885], [93.1031803, 22.8234881], [93.1137855, 22.8299215], [93.1102961, 22.8347987], [93.1151605, 22.8359275], [93.1174982, 22.842649], [93.11692, 22.8635218], [93.1250786, 22.8681647], [93.1348345, 22.8919886], [93.1296938, 22.9032378], [93.1353895, 22.911823], [93.1421327, 22.9138318], [93.1502615, 22.9082059], [93.1642207, 22.9096146], [93.1623659, 22.9165306], [93.1537489, 22.9176698], [93.1531416, 22.9221797], [93.1460059, 22.9276789], [93.1465113, 22.9428916], [93.1375492, 22.9511056], [93.1411994, 22.9597518], [93.1355348, 22.9703075], [93.1436241, 22.9745248], [93.1389607, 22.9820764], [93.1404587, 22.990758], [93.1310946, 22.991347], [93.1265001, 23.0018117], [93.119474, 23.0030556], [93.1231591, 23.0075583], [93.1281414, 23.0309201], [93.126075, 23.0407614], [93.1353442, 23.0489973], [93.1329048, 23.0539739], [93.1350526, 23.0601347], [93.1393151, 23.0602771], [93.1398118, 23.0538454], [93.1423757, 23.0529063], [93.1513775, 23.0545075], [93.1541748, 23.0434989], [93.1590164, 23.0441286], [93.1600687, 23.0482812], [93.1687248, 23.0468837], [93.1840414, 23.0598429], [93.1887871, 23.0520858], [93.2004357, 23.0552174], [93.2030578, 23.0500318], [93.2094411, 23.0487379], [93.2124063, 23.0370458], [93.2170632, 23.0350113], [93.2148788, 23.0267026], [93.2300084, 23.0196706], [93.228031, 23.0131416], [93.2301413, 23.0110033], [93.2473029, 23.0064744], [93.2707024, 23.0107999], [93.2748749, 23.0034305], [93.2829787, 23.0084085], [93.2925924, 23.0061482], [93.3059725, 23.0211904], [93.3136075, 23.0198209], [93.3128277, 23.0256767], [93.3197559, 23.0290087], [93.3199922, 23.03692], [93.3274828, 23.0396886], [93.326845, 23.0476627], [93.3332781, 23.0491416], [93.3343406, 23.059712], [93.3431335, 23.0587049], [93.3404149, 23.0678723], [93.3522232, 23.0711836], [93.3443618, 23.0758746], [93.3388776, 23.0743107], [93.3462626, 23.0884236], [93.3443148, 23.0921762], [93.3503865, 23.0917619], [93.3540345, 23.0969501], [93.3585581, 23.110407], [93.3552083, 23.1161313], [93.3629673, 23.1155111], [93.3652993, 23.1214166], [93.3781135, 23.1272282], [93.3759351, 23.131473], [93.3838319, 23.1328625], [93.3868974, 23.1430249], [93.3847278, 23.1448586], [93.372156, 23.1409107], [93.3679975, 23.1441371], [93.3712443, 23.1529913], [93.3695304, 23.1577151], [93.3726507, 23.160817], [93.3726441, 23.1726338], [93.3682319, 23.1757816], [93.3763581, 23.1785853], [93.3802899, 23.187022], [93.3769116, 23.191076], [93.3803955, 23.200263], [93.3753689, 23.2047685], [93.3819799, 23.2170765], [93.3889082, 23.2171731], [93.3813449, 23.2245102], [93.3820096, 23.2325662], [93.3786943, 23.2343075], [93.3764076, 23.2486114], [93.3691064, 23.2502032], [93.3715637, 23.2546084], [93.3697607, 23.2579705], [93.3735836, 23.2610468], [93.3654249, 23.2687444], [93.3691416, 23.2755269], [93.3622295, 23.280029], [93.3662884, 23.2804083], [93.369378, 23.2860431], [93.365658, 23.292991], [93.3686542, 23.3009574], [93.3648845, 23.3059157], [93.3713903, 23.3096914], [93.3634261, 23.3133036], [93.3715424, 23.3132208], [93.3669183, 23.3225961], [93.3728487, 23.3286912], [93.3577006, 23.3428055], [93.3553657, 23.3526817], [93.3710228, 23.3594484], [93.3791633, 23.3608838], [93.3813917, 23.3583909], [93.3837758, 23.3620679], [93.3875892, 23.3596379], [93.3880054, 23.367596], [93.3909782, 23.3699006], [93.3867069, 23.3744424], [93.3945295, 23.3764099], [93.3968105, 23.3837342], [93.4013712, 23.3834984], [93.4023155, 23.3896885], [93.3973468, 23.3973944], [93.3943231, 23.3973165], [93.3908915, 23.4186361], [93.3880377, 23.4216486], [93.3915192, 23.4414992], [93.3877592, 23.4460377], [93.3900384, 23.451003], [93.3948042, 23.4480565], [93.3927131, 23.450241], [93.3958158, 23.4539808], [93.3918723, 23.4577786], [93.3996558, 23.4720573], [93.3921625, 23.4789391], [93.395919, 23.4854309], [93.3936559, 23.4865186], [93.394236, 23.5040475], [93.3977652, 23.5110798], [93.4029684, 23.510988], [93.4035078, 23.5173803], [93.4085605, 23.5179439], [93.4183164, 23.5402034], [93.412258, 23.5565193], [93.4088586, 23.5580631], [93.4136409, 23.5609124], [93.4094875, 23.5638085], [93.4136609, 23.565474], [93.4144075, 23.571498], [93.4183655, 23.5690079], [93.4221428, 23.5716056], [93.4227597, 23.5836683], [93.4285174, 23.5885723], [93.4202105, 23.61272], [93.4222071, 23.6170802], [93.4197697, 23.6240943], [93.4248762, 23.6301897], [93.4236512, 23.6342439], [93.4173968, 23.6364941], [93.4163285, 23.6480387], [93.4203719, 23.6493054], [93.4222015, 23.6526887], [93.419812, 23.6539761], [93.4242973, 23.656242], [93.4218521, 23.6608701], [93.4362877, 23.6783459], [93.4372455, 23.6870339], [93.4279489, 23.6878347], [93.4199506, 23.7014685], [93.4072477, 23.7074928], [93.410203, 23.728751], [93.40497, 23.735902], [93.404272, 23.74445], [93.393458, 23.758927], [93.395376, 23.786662], [93.404271, 23.79957], [93.396099, 23.8165967], [93.3902928, 23.8181033], [93.3928033, 23.8235996], [93.3888336, 23.8252681], [93.390443, 23.834042], [93.3853575, 23.8478984], [93.3893057, 23.8651875], [93.3848854, 23.8766272], [93.3906575, 23.8926372], [93.3917175, 23.9139553], [93.3958074, 23.9156873], [93.3918377, 23.9180215], [93.3947715, 23.9244232], [93.3911081, 23.9238863], [93.3910867, 23.9272991], [93.3935543, 23.928829], [93.3858042, 23.9297572], [93.3813383, 23.9343442], [93.369609, 23.9296248], [93.3594011, 23.9410199], [93.3618044, 23.9445549], [93.3576148, 23.9456923], [93.3556192, 23.9415151], [93.3507483, 23.9416671], [93.3547984, 23.9442166], [93.3487635, 23.9479426], [93.3539991, 23.9514823], [93.3499973, 23.9552375], [93.3524542, 23.9577916], [93.3509736, 23.9623947], [93.3470147, 23.9611349], [93.3471863, 23.964434], [93.3412855, 23.96938], [93.343678, 23.9744876], [93.3369403, 23.9758257], [93.3395581, 23.9807076], [93.3323269, 23.9794234], [93.3342152, 23.9852168], [93.3284062, 23.9850448], [93.3374871, 23.9919122], [93.3321012, 23.9997535], [93.3334412, 24.0144977], [93.3302344, 24.0157678], [93.3294833, 24.0211381], [93.3349947, 24.0184804], [93.3389387, 24.0211303], [93.3375074, 24.0260379], [93.3263108, 24.0304749], [93.3354561, 24.0359799], [93.3318212, 24.0378239], [93.3377649, 24.0401089], [93.328227, 24.0417276], [93.3251348, 24.048582], [93.3264863, 24.0529206], [93.3321619, 24.0536064], [93.3383953, 24.0621394], [93.3332455, 24.0708385], [93.3345759, 24.0744139], [93.3306384, 24.073307], [93.3280742, 24.0800854], [93.3362818, 24.0909086], [93.3441353, 24.0921623], [93.3472359, 24.0879605], [93.3537698, 24.0908793], [93.3426976, 24.0979212], [93.3417535, 24.1030922], [93.3467209, 24.1026907], [93.3482659, 24.1053643], [93.3507013, 24.1004969], [93.3482873, 24.0988516], [93.354156, 24.0993609], [93.3539736, 24.0962171], [93.3591986, 24.0942583], [93.3580077, 24.0910556], [93.3722126, 24.0912123], [93.3898616, 24.0829456], [93.3991957, 24.0854727], [93.4069955, 24.0799875], [93.4067273, 24.0763338], [93.4095919, 24.0766571], [93.4107399, 24.0729544], [93.4140015, 24.074507], [93.4214687, 24.0641281], [93.4259212, 24.0517204], [93.4246552, 24.0437206], [93.431476, 24.028426], [93.44626, 24.013864], [93.455148, 24.011786], [93.457399, 23.999651], [93.464822, 23.997095], [93.466362, 23.990226], [93.462002, 23.984295], [93.461653, 23.977667], [93.465316, 23.972085], [93.48377, 23.963637], [93.502778, 23.948225], [93.509795, 23.94627], [93.526016, 23.951852], [93.548517, 23.968598], [93.555842, 23.97889], [93.56394, 23.978274], [93.586408, 23.961561], [93.59474, 23.96197], [93.612879, 23.9836], [93.611658, 24.001043], [93.626484, 24.011684], [93.650031, 24.009417], [93.659143, 24.002623], [93.689626, 24.00715], [93.722574, 23.998823], [93.756605, 24.006105], [93.776316, 23.966509], [93.796898, 23.949415], [93.801608, 23.932495], [93.810853, 23.925344], [93.815039, 23.923948], [93.860215, 23.933368], [93.888297, 23.945928], [93.894053, 23.951685], [93.932078, 23.950813], [93.944085, 23.947637], [93.956498, 23.933894], [93.973718, 23.923367], [93.979877, 23.930019], [93.984804, 23.930511], [93.996382, 23.921396], [94.022069, 23.925905], [94.028901, 23.914499], [94.043436, 23.90834], [94.046393, 23.892326], [94.060927, 23.891587], [94.074477, 23.88469], [94.094924, 23.885429], [94.105518, 23.874343], [94.112909, 23.8603], [94.11217, 23.844779], [94.116851, 23.837881], [94.1399703, 23.8336205], [94.144287, 23.836257], [94.142225, 23.846751], [94.150355, 23.849215], [94.156096, 23.847133], [94.167598, 23.901198], [94.1692047, 23.9274479], [94.177821, 23.926081], [94.1900893, 23.9330048], [94.202445, 23.982037], [94.238196, 24.033173], [94.228357, 24.055485], [94.233207, 24.058949], [94.237325, 24.052416], [94.240274, 24.052852], [94.255378, 24.080845], [94.252467, 24.124498], [94.260365, 24.164131], [94.276855, 24.171061], [94.293737, 24.2344281], [94.3049669, 24.239471], [94.3219544, 24.277196], [94.3221436, 24.3289381], [94.3526046, 24.3353078], [94.379597, 24.377264], [94.362106, 24.391799], [94.396102, 24.408799], [94.408403, 24.439772], [94.398564, 24.453637], [94.4036232, 24.4671889], [94.4036999, 24.4819958], [94.4226912, 24.4829052], [94.4340082, 24.5054381], [94.4562109, 24.5678197], [94.4747642, 24.5803733], [94.509656, 24.59267], [94.541034, 24.642682], [94.549163, 24.68284], [94.543742, 24.703288], [94.546724, 24.706968], [94.562467, 24.711237], [94.569363, 24.705013], [94.574782, 24.718809], [94.580695, 24.722012], [94.578779, 24.710543], [94.586361, 24.704767], [94.606808, 24.711173], [94.609518, 24.736794], [94.62951, 24.754053], [94.622081, 24.787053], [94.631195, 24.811936], [94.633165, 24.835094], [94.651308, 24.850447], [94.66089, 24.871324], [94.6742542, 24.8736353], [94.68448, 24.881991], [94.697215, 24.916149], [94.702142, 24.923786], [94.71372, 24.930192], [94.714376, 24.936056], [94.71101, 24.937336], [94.706329, 24.949901], [94.697214, 24.960987], [94.703619, 24.982667], [94.710516, 24.989812], [94.722452, 24.993914], [94.728253, 25.000652], [94.73721, 25.00086], [94.745244, 25.06278], [94.740295, 25.066587], [94.742638, 25.087682], [94.73795, 25.113855], [94.740684, 25.125574], [94.737559, 25.13495], [94.725449, 25.133778], [94.687557, 25.157216], [94.681698, 25.152137], [94.648885, 25.167372], [94.638729, 25.16659], [94.618416, 25.186122], [94.603572, 25.184559], [94.59029, 25.195888], [94.577399, 25.21581], [94.584429, 25.231436], [94.588726, 25.259172], [94.5856, 25.267766], [94.625443, 25.347459], [94.634427, 25.357616], [94.635598, 25.395509], [94.650832, 25.405275], [94.660207, 25.405275], [94.673879, 25.426371], [94.674269, 25.44434], [94.686378, 25.466217], [94.72392, 25.473173], [94.74267, 25.482874], [94.7512791, 25.4939069], [94.7570616, 25.49161], [94.762941, 25.481453], [94.782863, 25.481845], [94.790285, 25.490048], [94.807863, 25.495518], [94.812941, 25.511534], [94.825831, 25.526379], [94.828956, 25.545521], [94.844971, 25.560366], [94.8532335, 25.5645936], [94.8801314, 25.5628653], [94.8887648, 25.5671303], [94.8989001, 25.565629], [94.8909299, 25.5789241], [94.8823396, 25.585054], [94.8821997, 25.5913773], [94.8932899, 25.5977291], [94.9003713, 25.5971969], [94.9148064, 25.6075948], [94.9227865, 25.6460117], [94.9323839, 25.6572422], [94.9365166, 25.6681337], [94.9502524, 25.6734897], [94.9525483, 25.6787602], [94.9701351, 25.6885494], [94.9888985, 25.7069811], [94.9926165, 25.7202933], [95.0028148, 25.7288472], [95.0238278, 25.7320436], [95.028379, 25.7379489], [95.0398243, 25.7408031], [95.0487018, 25.7597266], [95.0438934, 25.7737823], [95.0495316, 25.8011235], [95.0328574, 25.8146068], [95.0293659, 25.8403072], [95.0229864, 25.8449576], [95.018159, 25.8602005], [95.0088331, 25.8670568], [95.0101075, 25.8753614], [95.0190932, 25.8812176], [95.0115719, 25.898248], [95.0285613, 25.914116], [95.0310755, 25.9314313], [95.0356027, 25.9271884], [95.0439094, 25.927069], [95.0478432, 25.9345015], [95.0584205, 25.9406709], [95.0732283, 25.9420707], [95.0956361, 25.9557097], [95.1030673, 25.9688895], [95.1132055, 25.9742289], [95.1167346, 25.9850585], [95.1257737, 25.9861352], [95.1453973, 26.014792], [95.1589057, 26.0250042], [95.1644293, 26.0495254], [95.1857753, 26.0733017], [95.1659865, 26.0919674], [95.1507918, 26.0864975], [95.1411029, 26.0948583], [95.1239739, 26.0968397], [95.1174911, 26.101787], [95.115766, 26.1133504], [95.1264917, 26.1301247], [95.1190135, 26.1407081], [95.1234548, 26.1452243], [95.1191128, 26.1483167], [95.1171819, 26.1594294], [95.118868, 26.167435], [95.125899, 26.176811], [95.1221824, 26.185998], [95.142751, 26.2124887], [95.1329935, 26.2158086], [95.1142196, 26.2328253], [95.1255062, 26.2467576], [95.1273467, 26.2536128], [95.117929, 26.2620505], [95.1283095, 26.2933864], [95.1280049, 26.3030012], [95.1225172, 26.3071248], [95.1258864, 26.3234026], [95.122918, 26.3248712], [95.1226706, 26.3308268], [95.1283071, 26.3391601], [95.1211309, 26.3497675], [95.1323104, 26.3775105], [95.125122, 26.3879293], [95.1205301, 26.3864876], [95.1070332, 26.3956562], [95.0997752, 26.393984], [95.0965029, 26.4007592], [95.1039916, 26.4205874], [95.0837731, 26.4463875], [95.0729531, 26.447862], [95.0659847, 26.4415555], [95.0617576, 26.4497976], [95.0717354, 26.464359], [95.0730443, 26.4726091], [95.0829363, 26.4796293], [95.0861549, 26.4880319], [95.0966692, 26.4936013], [95.1000166, 26.5057473], [95.1138782, 26.5177673], [95.1156807, 26.5238152], [95.1130414, 26.5351614], [95.1075911, 26.5417747], [95.1228154, 26.5516795], [95.1257229, 26.5578984], [95.1392627, 26.5561518], [95.1409471, 26.5667367], [95.1477492, 26.5786831], [95.1541543, 26.5828089], [95.1467299, 26.5931515], [95.148983, 26.6159249], [95.1639604, 26.6218909], [95.1677799, 26.6286431], [95.1666641, 26.6341289], [95.1810408, 26.6427503], [95.1991618, 26.6423571], [95.2087212, 26.6480532], [95.2339339, 26.6824637], [95.248847, 26.6838537], [95.2572774, 26.676427], [95.2564894, 26.6614939], [95.2594168, 26.6555072], [95.2742474, 26.6588157], [95.302841, 26.650863], [95.3140137, 26.6628401], [95.3261949, 26.6646366], [95.3271569, 26.6688291], [95.3351506, 26.6735894], [95.3448217, 26.6752354], [95.3605218, 26.6709561], [95.3746132, 26.6842756], [95.3940901, 26.6848001], [95.4011903, 26.68911], [95.4029864, 26.694392], [95.4177843, 26.6937803], [95.4306772, 26.7000927], [95.4329139, 26.7168169], [95.4489619, 26.7283918], [95.4591946, 26.7428781], [95.4681169, 26.7435789], [95.4738992, 26.7403648], [95.4827724, 26.7468467], [95.4845683, 26.7582832], [95.504642, 26.792603], [95.5066549, 26.8080321], [95.5222662, 26.8137607], [95.5247803, 26.8227828], [95.5358996, 26.8274125], [95.5429056, 26.8353867], [95.5564049, 26.8325283], [95.5696069, 26.8165296], [95.5863719, 26.8174849], [95.6012293, 26.8112182], [95.6080131, 26.8132842], [95.6125687, 26.8252839], [95.6206635, 26.8318093], [95.6269079, 26.8426598], [95.6290678, 26.8578855], [95.6269251, 26.8622833], [95.633843, 26.8684205], [95.6317845, 26.8736599], [95.6448016, 26.8768919], [95.646534, 26.8849076], [95.6668965, 26.9032755], [95.674792, 26.9013314], [95.6796845, 26.8955379], [95.6945843, 26.8921897], [95.7059273, 26.8806829], [95.7162564, 26.878999], [95.7238205, 26.8825622], [95.7343441, 26.8940777], [95.7447997, 26.8965036], [95.7506079, 26.9090153], [95.7461597, 26.915956], [95.7479922, 26.9262437], [95.7553367, 26.9293711], [95.7597695, 26.9370102], [95.7553215, 26.9539482], [95.7603415, 26.9578494], [95.7603266, 26.963802], [95.7681367, 26.9770242], [95.7811321, 26.9777346], [95.7834235, 26.9901361], [95.7961592, 26.9984448], [95.8020423, 27.006453], [95.8015801, 27.0148865], [95.8124759, 27.014387], [95.8307625, 27.0076571], [95.8427212, 27.0140716], [95.8698787, 27.0130842], [95.8753385, 27.0150377], [95.8791069, 27.0226974], [95.8867386, 27.0265973], [95.8938994, 27.0261237], [95.9039753, 27.0389754], [95.9102423, 27.0366727], [95.9457812, 27.0514132], [95.9557778, 27.0782672], [95.964372, 27.0865456], [95.9634138, 27.0930201], [95.9845376, 27.112453], [95.9984335, 27.1356066], [96.0104097, 27.14307], [96.0228479, 27.1806796], [96.053528, 27.1958519], [96.0638553, 27.2057133], [96.075772, 27.2075415], [96.0900762, 27.2233332], [96.0997035, 27.224303], [96.1116974, 27.2321626], [96.1196912, 27.2316048], [96.15372, 27.2471721], [96.1852573, 27.2492306], [96.1921127, 27.2604313], [96.2096594, 27.2614309], [96.2285031, 27.278722], [96.2458734, 27.2764456], [96.2479794, 27.2727719], [96.2560592, 27.2746796], [96.2709285, 27.2713697], [96.2753438, 27.2797728], [96.2742417, 27.2835061], [96.3058981, 27.294079], [96.3406995, 27.2849717], [96.3457819, 27.2856322], [96.3522044, 27.2950014], [96.3667936, 27.2870306], [96.3699699, 27.28995], [96.3743973, 27.2851461], [96.3865938, 27.2846422], [96.402547, 27.2931453], [96.4078517, 27.2879144], [96.4215544, 27.3014485], [96.4357398, 27.3025078], [96.4406422, 27.306414], [96.4443707, 27.302133], [96.4508043, 27.3011548], [96.4576212, 27.3068681], [96.4884262, 27.2963117], [96.4902375, 27.302561], [96.5074756, 27.2988818], [96.5175124, 27.285312], [96.5237249, 27.2863625], [96.5312828, 27.2961184], [96.5413073, 27.3003308], [96.5426932, 27.3095471], [96.5513484, 27.3141469], [96.5514223, 27.3185661], [96.5645294, 27.3187353], [96.5886988, 27.3358621], [96.5959412, 27.3338026], [96.5910911, 27.3476456], [96.6006412, 27.3550926], [96.6053347, 27.3658797], [96.6259859, 27.3665017], [96.6469549, 27.3595003], [96.6607877, 27.3642557], [96.6724542, 27.3578034], [96.6759011, 27.3613775], [96.6979221, 27.3579493], [96.7019228, 27.3604179], [96.7035337, 27.3724528], [96.7296155, 27.3619737], [96.729267, 27.3595842], [96.7457619, 27.3580998], [96.7508218, 27.3532671], [96.7670122, 27.35743], [96.7901144, 27.3458096], [96.7966013, 27.3457714], [96.8056731, 27.3288362], [96.8219618, 27.3095547], [96.8355529, 27.3026555], [96.8478908, 27.2902642], [96.8503078, 27.2778922], [96.8469495, 27.2715247], [96.8616714, 27.2602904], [96.88462, 27.2597599], [96.8877675, 27.2481988], [96.8815958, 27.2400398], [96.8822405, 27.2370977], [96.8874615, 27.2357921], [96.8853319, 27.227248], [96.8605547, 27.2111639], [96.8544094, 27.2108549], [96.8581538, 27.2037418], [96.8566513, 27.1927224], [96.8739219, 27.181332], [96.9012468, 27.1688834], [96.9302621, 27.1624022], [96.9562512, 27.164159], [96.964962, 27.1586796], [96.9846069, 27.1554116], [96.9932603, 27.1408961], [97.0100147, 27.1395877], [97.0272154, 27.129546], [97.0306243, 27.1313939], [97.0358924, 27.1242546], [97.0338622, 27.1183926], [97.0415946, 27.1159337], [97.0444281, 27.1083554], [97.0619236, 27.0992251], [97.0634739, 27.0918137], [97.0707113, 27.0898041], [97.0755547, 27.0990927], [97.0861706, 27.0958011], [97.0966204, 27.0967453], [97.0947568, 27.1041813], [97.1018993, 27.1091032], [97.1065402, 27.1044565], [97.1193769, 27.1045859], [97.1247191, 27.096286], [97.1385085, 27.0917751], [97.1485631, 27.1085273], [97.1500239, 27.1180727], [97.161542, 27.1236437], [97.1658344, 27.1357363], [97.1629269, 27.1442735], [97.1515222, 27.1495534], [97.1472527, 27.1656167], [97.1362932, 27.1656461], [97.1246331, 27.1749455], [97.1220257, 27.1904839], [97.0902936, 27.2138741], [97.0924591, 27.2263704], [97.0885121, 27.2389097], [97.0737228, 27.247652], [97.0723882, 27.2542752], [97.0550864, 27.2659179], [97.0544188, 27.275537], [97.0413099, 27.2822259], [97.0293597, 27.3012874], [97.0283637, 27.309162], [97.0208722, 27.3080783], [97.0194357, 27.3113294], [97.0089552, 27.3119762], [96.9991759, 27.3183478], [96.9910494, 27.3445206], [96.9811148, 27.3462486], [96.9781075, 27.357832], [96.9628219, 27.3735293], [96.967477, 27.3829345], [96.9603944, 27.3954419], [96.9609853, 27.4043614], [96.9435913, 27.4101021], [96.9341513, 27.4175218], [96.9311194, 27.4236189], [96.9320326, 27.4319706], [96.9160606, 27.4469109], [96.9029052, 27.4534563], [96.9046952, 27.4698096], [96.9110857, 27.487226], [96.9262484, 27.5076871], [96.9350116, 27.5079866], [96.9284632, 27.5119325], [96.9265032, 27.5262036], [96.9217897, 27.5336707], [96.9074443, 27.5437488], [96.9105723, 27.5769724], [96.907444, 27.5806926], [96.8920027, 27.5778253], [96.8950057, 27.5882015], [96.89326, 27.6135101], [96.894329, 27.6160434], [96.9052299, 27.6144007], [96.9126829, 27.6200105], [96.9140357, 27.6286709], [96.9232911, 27.632441], [96.9325388, 27.6452137], [96.9360939, 27.6570779], [96.9534019, 27.6644021], [96.9661387, 27.6629074], [96.9708255, 27.6673644], [96.979707, 27.664106], [96.9847962, 27.6673352], [96.9853244, 27.6825172], [97.0030273, 27.707879], [97.0081687, 27.7099049], [97.008699, 27.7162549], [97.0177786, 27.7280052], [97.0158503, 27.7342927], [97.0201429, 27.742247], [97.0286578, 27.7419748], [97.0322092, 27.7496236], [97.0401045, 27.7482227], [97.045023, 27.7410703], [97.0497799, 27.741177], [97.0547838, 27.748173], [97.0617038, 27.7488367], [97.0750396, 27.7370828], [97.0880974, 27.7354525], [97.0972705, 27.749506], [97.0975704, 27.7534633], [97.0929593, 27.7564475], [97.0955, 27.7659151], [97.1130077, 27.7792148], [97.1130932, 27.7868342], [97.119339, 27.7859757], [97.1306518, 27.7943459], [97.1365346, 27.8047638], [97.1486848, 27.8045993], [97.1648398, 27.8150836], [97.1655487, 27.8278653], [97.1842641, 27.8319152], [97.1840791, 27.8416647], [97.1982417, 27.8502894], [97.2180689, 27.871255], [97.2256315, 27.8732554], [97.2428228, 27.8969881], [97.2619881, 27.9016516], [97.2671437, 27.9069547], [97.2797833, 27.9101879], [97.2850233, 27.9085065], [97.28789, 27.9130378], [97.2978958, 27.9162838], [97.3045807, 27.913842], [97.3083429, 27.9047337], [97.3153991, 27.900726], [97.3199782, 27.8939533], [97.3191061, 27.8885753], [97.3425077, 27.8855229], [97.3496276, 27.87802], [97.360184, 27.8730554], [97.3662, 27.8772378], [97.3704152, 27.8861043], [97.3791363, 27.8920637], [97.3689617, 27.9222968], [97.3709966, 27.9295644], [97.3669267, 27.9365412], [97.3771013, 27.9497682], [97.374485, 27.9548555], [97.3646011, 27.9597975], [97.3616885, 27.9657567], [97.366092, 27.9774354], [97.3753571, 27.9781117], [97.3757307, 27.9823987], [97.3843563, 27.986102], [97.3862023, 27.9962651], [97.384056, 28.0008264], [97.3950905, 28.0118793], [97.3860404, 28.0215343], [97.3776532, 28.0223746], [97.3755025, 28.0326185], [97.358236, 28.0530236], [97.3586417, 28.0631423], [97.3548626, 28.0666308], [97.3480311, 28.065904], [97.3379668, 28.0583672], [97.3275164, 28.0612437], [97.3186595, 28.0582854], [97.3122714, 28.0623846], [97.321345, 28.0820787], [97.327486, 28.0843493], [97.3240019, 28.1024487], [97.3321328, 28.1043631], [97.3276041, 28.1133916], [97.3229589, 28.1139307], [97.3237573, 28.1259955], [97.3290648, 28.1271345], [97.3248982, 28.1347638], [97.3256437, 28.1398269], [97.3372215, 28.1430867], [97.3405595, 28.1502912], [97.3532177, 28.1530102], [97.3517967, 28.1579889], [97.3592195, 28.1659067], [97.353158, 28.1767536], [97.3574884, 28.181863], [97.360964, 28.2040966], [97.3474051, 28.2081958], [97.3455681, 28.2157244], [97.3269984, 28.2148106], [97.2958761, 28.2335305], [97.2840729, 28.2315179], [97.2808913, 28.245342], [97.274787, 28.2433006], [97.2693554, 28.2461972], [97.2638676, 28.2641338], [97.2434112, 28.2648034], [97.2353039, 28.2860448], [97.2380143, 28.2937316], [97.2137249, 28.3051302], [97.2069306, 28.3027323], [97.178531, 28.333971], [97.1678021, 28.3297896], [97.1577196, 28.3349677], [97.1497413, 28.3435412], [97.1474746, 28.3514087], [97.1377109, 28.3520479], [97.1268741, 28.3616308], [97.0780093, 28.3711577], [97.0680509, 28.3631592], [97.051686, 28.3565156], [97.0217881, 28.3223179], [97.0156533, 28.3204772], [96.997295, 28.3268773], [96.976867, 28.329568], [96.952632, 28.346029], [96.9246376, 28.3530882], [96.921691, 28.364015], [96.889683, 28.385811], [96.883128, 28.400139], [96.884348, 28.405626], [96.8922607, 28.4130024], [96.892883, 28.418581], [96.8867642, 28.4292199], [96.8622203, 28.4527852], [96.8644323, 28.4565443], [96.8611334, 28.4624559], [96.8595165, 28.4837166], [96.8498444, 28.4860803], [96.8208014, 28.5043627], [96.7932731, 28.505801], [96.7897631, 28.51057], [96.759798, 28.519433], [96.7520492, 28.5324973], [96.75163, 28.5420635], [96.7623511, 28.5527037], [96.7530346, 28.5596582], [96.7501161, 28.5680293], [96.745415, 28.571337], [96.7227754, 28.5792897], [96.7174944, 28.5917725], [96.7184301, 28.606284], [96.71465, 28.6100008], [96.7109701, 28.6111371], [96.704022, 28.5981996], [96.6870197, 28.5903057], [96.6633051, 28.6021203], [96.661402, 28.607626], [96.6455426, 28.6194847], [96.6488808, 28.6227921], [96.6479928, 28.6280564], [96.6366373, 28.650819], [96.644391, 28.6550707], [96.6419907, 28.661254], [96.646907, 28.6671573], [96.6417655, 28.6717247], [96.6403204, 28.6791778], [96.6458459, 28.6898947], [96.6285306, 28.7033363], [96.6321122, 28.714378], [96.6306779, 28.7346854], [96.6159081, 28.740311], [96.6035594, 28.759114], [96.6035114, 28.780653], [96.5804154, 28.779237], [96.5740111, 28.7832347], [96.5723363, 28.7913617], [96.5762631, 28.7952371], [96.5796124, 28.8076425], [96.5901723, 28.8185539], [96.5779972, 28.8198732], [96.5684778, 28.8251715], [96.5564878, 28.8366285], [96.5497811, 28.8508881], [96.5393596, 28.8490939], [96.5296874, 28.8607686], [96.5237946, 28.8624056], [96.5213028, 28.8699392], [96.5266292, 28.8807535], [96.5201483, 28.8884301], [96.5176264, 28.9047403], [96.5182157, 28.9099029], [96.5286376, 28.9168433], [96.5237828, 28.9358387], [96.5137756, 28.9451539], [96.5041066, 28.9481812], [96.4961952, 28.9431246], [96.4825822, 28.9422189], [96.4678427, 28.9350538], [96.4523623, 28.9382059], [96.4469919, 28.94286], [96.4359008, 28.9730301], [96.4443592, 28.9946361], [96.4332879, 29.0101114], [96.4205188, 29.0165017], [96.4147802, 29.0237592], [96.3899996, 29.0334027], [96.3795401, 29.0325053], [96.3640932, 29.0426601], [96.3621709, 29.051573], [96.3656585, 29.0810645], [96.3504289, 29.0823513], [96.3297247, 29.1135119], [96.3155115, 29.1171944], [96.3070271, 29.1255966], [96.3105317, 29.1306149], [96.3112967, 29.1409866], [96.3214263, 29.1459094], [96.3249031, 29.1521103], [96.3211264, 29.1540833], [96.3220623, 29.159119], [96.3166059, 29.1642885], [96.3194725, 29.1690704], [96.3130043, 29.1768102], [96.3064869, 29.1782178], [96.2964208, 29.1972469], [96.284361, 29.2026935], [96.2868859, 29.2097147], [96.2736845, 29.210447], [96.2605044, 29.2176036], [96.2651171, 29.2223943], [96.2600068, 29.2330745], [96.2653241, 29.2453838], [96.2250988, 29.2567792], [96.2156582, 29.2654099], [96.1962182, 29.2656811], [96.1852447, 29.2730688], [96.1711607, 29.2941558], [96.1527057, 29.2965214], [96.1490802, 29.3118765], [96.1429749, 29.3148468], [96.1469208, 29.3294989], [96.141598, 29.3350835], [96.14256, 29.3395524], [96.1363233, 29.3455782], [96.1130123, 29.3565862], [96.0627609, 29.373566], [96.0548897, 29.3674809], [96.0193346, 29.3607497], [96.0081846, 29.3650026], [96.0055769, 29.3615468], [95.9955542, 29.3651371], [95.98082, 29.3612851], [95.972789, 29.3733928], [95.9669042, 29.3745566], [95.9568643, 29.3660005], [95.9422758, 29.3628966], [95.940074, 29.3491231], [95.9215032, 29.3418852], [95.9185217, 29.3322152], [95.9113382, 29.3368392], [95.8940926, 29.3315823], [95.877492, 29.314569], [95.867379, 29.317901], [95.862024, 29.315164], [95.849888, 29.316949], [95.841083, 29.321233], [95.8366938, 29.3370304], [95.842383, 29.340016], [95.838883, 29.353088], [95.812326, 29.34753], [95.776839, 29.322964], [95.757408, 29.322608], [95.737147, 29.297963], [95.748403, 29.288366], [95.752431, 29.276162], [95.735962, 29.255427], [95.730275, 29.239669], [95.734422, 29.230072], [95.743189, 29.225688], [95.735251, 29.217512], [95.722218, 29.215735], [95.708829, 29.204005], [95.703379, 29.205427], [95.705748, 29.213247], [95.698284, 29.22474], [95.66416, 29.223555], [95.648046, 29.210403], [95.63762, 29.216446], [95.63608, 29.223318], [95.605629, 29.235996], [95.596861, 29.226043], [95.59461, 29.20673], [95.6040787, 29.193855], [95.595676, 29.18801], [95.5877678, 29.1880103], [95.5848493, 29.1836653], [95.5738324, 29.179612], [95.548875, 29.197014], [95.5331024, 29.194763], [95.529088, 29.189194], [95.5050038, 29.193578], [95.5015724, 29.1873066], [95.5070228, 29.1780824], [95.5066332, 29.1721471], [95.5137615, 29.1666015], [95.5138018, 29.1568781], [95.5163613, 29.155161], [95.5141315, 29.1478899], [95.5167602, 29.1441466], [95.5102328, 29.13249], [95.5112636, 29.1275773], [95.5077871, 29.1259826], [95.479851, 29.1439512], [95.4735674, 29.1425695], [95.4675459, 29.1366033], [95.4596528, 29.1372488], [95.4524697, 29.1485941], [95.4551661, 29.1542255], [95.4502008, 29.1610953], [95.4554096, 29.1673536], [95.4529406, 29.1710046], [95.4546797, 29.1768227], [95.4405667, 29.188165], [95.4331472, 29.1901998], [95.4262994, 29.1845729], [95.4204868, 29.1847444], [95.419016, 29.180664], [95.420556, 29.170355], [95.4197294, 29.1656915], [95.4158776, 29.1645108], [95.4157473, 29.1500345], [95.4101989, 29.1485088], [95.4133356, 29.126702], [95.403139, 29.124028], [95.3972622, 29.1267367], [95.3915646, 29.1355999], [95.3803631, 29.1386025], [95.3466148, 29.1351103], [95.3365168, 29.1398824], [95.3296438, 29.1368562], [95.3127265, 29.1416335], [95.3053718, 29.1405665], [95.2991077, 29.1372224], [95.297688, 29.131611], [95.289038, 29.122725], [95.2782835, 29.1179313], [95.2825976, 29.1102974], [95.2700692, 29.1035586], [95.2726828, 29.0977406], [95.2722522, 29.0744157], [95.2650729, 29.0714091], [95.2594398, 29.0727921], [95.257311, 29.0792845], [95.2513547, 29.0842261], [95.2390681, 29.0849377], [95.231007, 29.1039474], [95.2145245, 29.1082214], [95.208266, 29.1086913], [95.192829, 29.101634], [95.1760462, 29.1065205], [95.1665013, 29.098454], [95.1601598, 29.1004886], [95.1501222, 29.0906153], [95.1345658, 29.0893091], [95.1299118, 29.0990658], [95.1238779, 29.100917], [95.1038865, 29.0974076], [95.0957949, 29.110436], [95.0994577, 29.1349965], [95.0978569, 29.1430294], [95.0884609, 29.1418766], [95.0790269, 29.1465216], [95.058046, 29.1413801], [95.05087, 29.1525168], [95.0427294, 29.1505797], [95.0331995, 29.1536192], [95.0104059, 29.1641427], [94.9973537, 29.1747687], [94.9925174, 29.1752617], [94.988995, 29.1716012], [94.9948257, 29.1695631], [95.0112233, 29.1522276], [95.0160123, 29.1354265], [95.0217624, 29.1275593], [95.013177, 29.127579], [94.9995513, 29.1340204], [94.9952109, 29.1368153], [94.9907822, 29.1483789], [94.9611621, 29.1610259], [94.9539145, 29.1589478], [94.9385025, 29.1623667], [94.9268431, 29.1574546], [94.9164161, 29.157737], [94.908795, 29.161747], [94.90698, 29.167771], [94.899505, 29.173723], [94.884191, 29.179093], [94.847539, 29.182577], [94.807259, 29.164868], [94.804065, 29.16661], [94.797388, 29.186061], [94.800509, 29.205729], [94.803702, 29.208415], [94.79434, 29.217705], [94.770752, 29.218285], [94.751664, 29.22968], [94.744842, 29.243252], [94.749197, 29.2508], [94.747745, 29.256171], [94.735697, 29.275912], [94.7349261, 29.2869657], [94.715521, 29.291516], [94.710005, 29.302185], [94.693603, 29.317934], [94.6675784, 29.3034544], [94.655862, 29.305741], [94.6469163, 29.2965794], [94.6285709, 29.2954986], [94.6112249, 29.2787147], [94.5896855, 29.2718134], [94.5846383, 29.2622138], [94.5728502, 29.2561774], [94.5744049, 29.2513859], [94.5681353, 29.2425976], [94.5598677, 29.2379991], [94.5573461, 29.2282616], [94.552802, 29.228519], [94.5397089, 29.2187134], [94.512289, 29.2298787], [94.5052687, 29.2259042], [94.5038582, 29.218234], [94.491982, 29.207762], [94.456855, 29.213132], [94.451992, 29.203407], [94.4547511, 29.1943769], [94.448073, 29.183376], [94.4296343, 29.1863103], [94.417373, 29.178948], [94.393205, 29.184609], [94.388414, 29.17844], [94.3878756, 29.1612462], [94.378907, 29.154127], [94.3505859, 29.1511869], [94.3345022, 29.1546286], [94.326924, 29.1518534], [94.3183866, 29.1556152], [94.295003, 29.1512924], [94.2930916, 29.1379526], [94.2955594, 29.1327227], [94.292827, 29.1239469], [94.275992, 29.112733], [94.27454, 29.099669], [94.276863, 29.093863], [94.284604, 29.086412], [94.315571, 29.075864], [94.313345, 29.066187], [94.324087, 29.054962], [94.32757, 29.040543], [94.360375, 29.034253], [94.366375, 29.025931], [94.341892, 29.001932], [94.322151, 28.993416], [94.309474, 28.993997], [94.302991, 28.98461], [94.27396, 28.967869], [94.274734, 28.952483], [94.257702, 28.930225], [94.2289341, 28.928552], [94.2149278, 28.9335684], [94.1797568, 28.936924], [94.166448, 28.923839], [94.167029, 28.919097], [94.174771, 28.911839], [94.144191, 28.897904], [94.135869, 28.890453], [94.078678, 28.882711], [94.0595284, 28.873805], [94.0584634, 28.8583361], [94.036874, 28.857358], [94.021487, 28.839358], [94.018197, 28.822908], [94.019745, 28.793489], [93.9977056, 28.7906446], [93.9868125, 28.7952725], [93.9899293, 28.8018795], [93.9863062, 28.8110871], [93.9770842, 28.8182426], [93.9700874, 28.8170923], [93.956358, 28.8041362], [93.9476249, 28.8025411], [93.9457186, 28.7928713], [93.9403678, 28.7878115], [93.9271031, 28.7825621], [93.9218728, 28.7756892], [93.9158115, 28.7733526], [93.9132342, 28.7692214], [93.9222006, 28.7426864], [93.9195946, 28.741108], [93.9107325, 28.7390995], [93.8971873, 28.756051], [93.8666733, 28.7444921], [93.861456, 28.7382971], [93.8442288, 28.7462159], [93.8335205, 28.7403641], [93.8120798, 28.7398755], [93.8000674, 28.733225], [93.7913362, 28.7360215], [93.7851393, 28.7117847], [93.7570904, 28.6993358], [93.7406002, 28.6855691], [93.7292479, 28.6805499], [93.7238184, 28.6677218], [93.7147106, 28.6647447], [93.7064597, 28.6653788], [93.689955, 28.6754543], [93.680601, 28.6707062], [93.6625512, 28.6686521], [93.6393676, 28.6546712], [93.6341677, 28.6588829], [93.6241521, 28.6867562], [93.5366252, 28.6705295], [93.5219436, 28.6733758], [93.5108196, 28.6674352], [93.5070485, 28.6606863], [93.5034718, 28.6296396], [93.4618793, 28.6186893], [93.4559183, 28.6146088], [93.4541609, 28.6052996], [93.4443439, 28.5893214], [93.4322252, 28.582816], [93.4179294, 28.585457], [93.4154223, 28.5773906], [93.3992383, 28.5655463], [93.3903296, 28.5429113], [93.3926648, 28.5341709], [93.389643, 28.5311234], [93.3634471, 28.5356714], [93.3520204, 28.527608], [93.3292664, 28.5215716], [93.3155652, 28.5280963], [93.3060264, 28.5277913], [93.2988894, 28.5417901], [93.2893662, 28.541463], [93.2792902, 28.5496578], [93.2751712, 28.5585708], [93.2603357, 28.5508501], [93.2505135, 28.549311], [93.2092457, 28.5035361], [93.181843, 28.4785541], [93.1674957, 28.4537131], [93.1591934, 28.4526534], [93.1547752, 28.4490961], [93.1563925, 28.4470711], [93.149637, 28.4467974], [93.1704276, 28.4360381], [93.170768, 28.4294302], [93.1633972, 28.4002721], [93.1457805, 28.3792431], [93.1517637, 28.3715919], [93.148613, 28.3665682], [93.1393416, 28.363599], [93.1177494, 28.3460699], [93.1009254, 28.3408452], [93.0859107, 28.3259615], [93.0789029, 28.3265426], [93.0659774, 28.3063459], [93.0610404, 28.3048526], [93.0507244, 28.3119939], [93.0273703, 28.2993314], [93.0059808, 28.2971555], [92.9918893, 28.2711587], [92.9715815, 28.2693381], [92.9449771, 28.2595398], [92.9325519, 28.2486456], [92.9327395, 28.2409614], [92.9276405, 28.2307359], [92.9288877, 28.2237442], [92.9373671, 28.2164342], [92.9329267, 28.2053643], [92.9266587, 28.2056218], [92.9227247, 28.2005569], [92.9162568, 28.1988167], [92.9055166, 28.2015815], [92.8827609, 28.2009069], [92.8677964, 28.1893879], [92.8451787, 28.1805459], [92.8413782, 28.1816171], [92.8325329, 28.1737723], [92.7934026, 28.1865793], [92.7784643, 28.18504], [92.770676, 28.1785317], [92.7735436, 28.1693292], [92.7628469, 28.1613085], [92.746386, 28.1614667], [92.7390826, 28.1536087], [92.7233648, 28.1608544], [92.715786, 28.167915], [92.6947224, 28.1508292], [92.6776561, 28.1513143], [92.6762867, 28.1420865], [92.6690322, 28.1326435], [92.6667452, 28.0998592], [92.6572108, 28.0867662], [92.6568889, 28.0769975], [92.6643562, 28.0703142], [92.6733328, 28.0676092], [92.6813936, 28.0692539], [92.6856443, 28.0666648], [92.6970789, 28.072085], [92.7147817, 28.0663759], [92.731862, 28.0545603], [92.7376985, 28.0378949], [92.7269697, 28.024826], [92.7212619, 28.0009948], [92.7245235, 27.9907257], [92.7326774, 27.9857613], [92.7304887, 27.9800008], [92.7086448, 27.9640062], [92.6979589, 27.9635513], [92.6848268, 27.9478197], [92.6752567, 27.9489949], [92.6671886, 27.9426259], [92.6665789, 27.9335696], [92.6561164, 27.9257536], [92.6469755, 27.9124436], [92.6263761, 27.9100923], [92.6080942, 27.9177905], [92.5993394, 27.9146051], [92.5930309, 27.910737], [92.5814437, 27.8900668], [92.5810146, 27.8808493], [92.5689125, 27.8839219], [92.561059, 27.8738693], [92.5535488, 27.8772455], [92.5435495, 27.8689374], [92.5313343, 27.8659774], [92.52604, 27.8535715], [92.5114488, 27.8469691], [92.5004625, 27.8521296], [92.4749708, 27.8336494], [92.4765157, 27.8255656], [92.4696493, 27.8230987], [92.470745, 27.816289], [92.4664241, 27.805099], [92.4563434, 27.7930959], [92.450509, 27.7988433], [92.4415826, 27.7997165], [92.4344587, 27.8048412], [92.4263906, 27.8029812], [92.4215841, 27.8220359], [92.4270773, 27.8315621], [92.4218416, 27.8356987], [92.4097395, 27.82845], [92.4057483, 27.8208594], [92.3979806, 27.8216564], [92.3699569, 27.8098899], [92.3642921, 27.8044237], [92.3548936, 27.8068911], [92.3374271, 27.7965276], [92.3246812, 27.7975146], [92.3206043, 27.7997924], [92.320488, 27.809811], [92.3116779, 27.8242752], [92.306124, 27.825301], [92.2977733, 27.8337253], [92.303009, 27.8536474], [92.2997474, 27.8546339], [92.2939539, 27.8722759], [92.2656726, 27.8873358], [92.2560695, 27.8801158], [92.2443866, 27.887753], [92.2385931, 27.886653], [92.2242164, 27.8756523], [92.2131013, 27.8732243], [92.2131685, 27.8637789], [92.1925889, 27.8572801], [92.1861693, 27.8472072], [92.1741128, 27.8473865], [92.1646499, 27.8314103], [92.1501016, 27.831638], [92.1429348, 27.8350156], [92.1326351, 27.8271027], [92.128129, 27.8175193], [92.1099909, 27.8027161], [92.0625329, 27.7897144], [92.0572757, 27.7798604], [92.0445563, 27.7804075], [92.0392931, 27.7759738], [92.0341756, 27.7759216], [92.0328056, 27.7793161], [92.0177658, 27.7766281], [92.0112102, 27.7816419], [92.0050692, 27.7806008], [92.0031638, 27.7837613], [91.9994669, 27.7796927], [91.9954133, 27.7819297], [91.9872541, 27.7776819], [91.9784789, 27.7790847], [91.9771613, 27.7630868], [91.9749179, 27.7562204], [91.9673466, 27.7494049], [91.9654155, 27.738979], [91.9529881, 27.7367888], [91.9446659, 27.7275264], [91.9376063, 27.7269566], [91.934452, 27.7211063], [91.9278002, 27.7204035], [91.9247579, 27.7166256], [91.9031886, 27.7292779], [91.8908591, 27.7219899], [91.8734586, 27.7220845], [91.8707335, 27.725494], [91.8724501, 27.7295112], [91.8619214, 27.7358574], [91.8527614, 27.7574849], [91.839518, 27.7671581], [91.8395054, 27.7797332], [91.8288913, 27.7881004], [91.8296651, 27.7905092], [91.8146019, 27.7840802], [91.8084537, 27.7878368], [91.8092901, 27.7806213], [91.8062646, 27.7751161], [91.7843644, 27.7775813], [91.7789483, 27.7709373], [91.7714595, 27.7775443], [91.7709446, 27.789656], [91.7610526, 27.7908139], [91.7445299, 27.7999716], [91.7385986, 27.7911482], [91.7345316, 27.7931025], [91.7245316, 27.7804679], [91.7056703, 27.7933006], [91.689384, 27.813344], [91.65614, 27.8309908], [91.6310406, 27.8322831], [91.6118961, 27.8418361], [91.5908445, 27.8312786], [91.5769184, 27.8327587], [91.5669411, 27.8250273], [91.5655339, 27.8185297], [91.5771167, 27.8117352], [91.5868213, 27.8176486], [91.598351, 27.817928], [91.601653, 27.822131], [91.6085351, 27.823503], [91.6298269, 27.80933], [91.6344371, 27.80382], [91.6379741, 27.777468], [91.644836, 27.770221], [91.6447928, 27.763124], [91.6418893, 27.7523238], [91.6352506, 27.7465239], [91.6392481, 27.7356379], [91.6346438, 27.7218965], [91.627208, 27.7156682], [91.6303727, 27.7082205], [91.628826, 27.6993451], [91.6078749, 27.6907196], [91.6047816, 27.683605], [91.5963583, 27.6798692], [91.5946689, 27.670399], [91.5728492, 27.6608336], [91.5640452, 27.6412268], [91.562332, 27.6314472], [91.5650208, 27.6258079], [91.5844848, 27.6084378], [91.5714453, 27.5963026], [91.5659726, 27.5839056], [91.5720164, 27.5796939], [91.5741579, 27.5722224], [91.5811535, 27.5690578], [91.5838899, 27.5638943], [91.5819625, 27.5570177], [91.588744, 27.5524491], [91.5943595, 27.542146], [91.6124672, 27.5436689], [91.6143201, 27.5321656], [91.6227494, 27.5217004], [91.6235774, 27.5127186], [91.63293, 27.5107781], [91.6364746, 27.5050011], [91.6469791, 27.5004037], [91.651964, 27.4833721], [91.6598815, 27.484622], [91.6706677, 27.4924666], [91.6819988, 27.4936923], [91.6854308, 27.5003928], [91.6945283, 27.5055681], [91.7066765, 27.4980776], [91.7178234, 27.4983493], [91.7148413, 27.4744678], [91.7305485, 27.4694019], [91.7578628, 27.4753452], [91.7663182, 27.4736791], [91.7661099, 27.4671814], [91.7741904, 27.465432], [91.8063033, 27.4755768], [91.8283609, 27.4681767], [91.8433753, 27.4773376], [91.8494905, 27.4863796], [91.8556771, 27.4815969], [91.862411, 27.4847616], [91.8689545, 27.4788843], [91.8722381, 27.470342], [91.884064, 27.4748154], [91.8988881, 27.4706752], [91.9232538, 27.4740778], [91.9310346, 27.4652024], [91.935627, 27.4659876], [91.943503, 27.4598248], [91.9606351, 27.4601104], [91.9722707, 27.4663921], [91.9788142, 27.4632037], [91.9888793, 27.4673439], [91.9945949, 27.4784541], [92.0070458, 27.475708], [92.0167176, 27.480537], [92.0232785, 27.4612767], [92.0224773, 27.4465712], [92.0268308, 27.440537], [92.0417934, 27.4363633], [92.0440114, 27.4265362], [92.0371348, 27.4182556], [92.0561467, 27.3999338], [92.0543421, 27.382438], [92.0483708, 27.3759022], [92.0476854, 27.3622512], [92.052338, 27.35253], [92.0625525, 27.342058], [92.0649877, 27.327373], [92.0884755, 27.304895], [92.1038154, 27.3009146], [92.1232834, 27.2866091], [92.1246964, 27.2781588], [92.1195247, 27.2708906], [92.1037507, 27.2680091], [92.0870255, 27.2694222], [92.0740591, 27.2785374], [92.0660706, 27.2766904], [92.0615545, 27.2719434], [92.046741, 27.2692744], [92.037693, 27.2584847], [92.038621, 27.2549393], [92.0593461, 27.2520899], [92.0607738, 27.2462007], [92.0718383, 27.2347793], [92.0694044, 27.2166771], [92.0616319, 27.2101162], [92.0569226, 27.1882845], [92.0364373, 27.1803888], [92.0269266, 27.1685743], [92.0282883, 27.1562934], [92.0334524, 27.1490739], [92.0359703, 27.1372554], [92.0334524, 27.1272611], [92.0230984, 27.1102014], [92.0302923, 27.099873], [92.0311915, 27.0800385], [92.0381284, 27.0693762], [92.0365612, 27.0633899], [92.0447057, 27.0519825], [92.0533897, 27.0515971], [92.0817027, 27.0405751], [92.0779516, 27.0179659], [92.0928788, 27.0129815], [92.103387, 27.0040149], [92.1076519, 26.989062], [92.1046716, 26.9871607], [92.1052625, 26.980378], [92.1195989, 26.9721307], [92.1213459, 26.9606719], [92.1127904, 26.9509088], [92.1185198, 26.9422762], [92.1148972, 26.9339262], [92.1168498, 26.9291731], [92.1142805, 26.9164811], [92.119139, 26.9080003], [92.1150285, 26.8945174], [92.1024927, 26.882092], [92.1025286, 26.8694964], [92.056567, 26.8496737], [92.0196093, 26.8499264], [91.987106, 26.8608762], [91.9641065, 26.8818853], [91.9277033, 26.904179], [91.8938271, 26.9196926], [91.8593486, 26.9133858], [91.8247896, 26.8638803], [91.7242847, 26.8139053], [91.7064455, 26.8132657], [91.6915139, 26.807182], [91.6271329, 26.8211227], [91.5928041, 26.8057501], [91.4944493, 26.7922837], [91.4691931, 26.8009773], [91.4080056, 26.8389231], [91.3778173, 26.7958175], [91.3386872, 26.7806857], [91.2980699, 26.7873664], [91.2768172, 26.8012433], [91.2348032, 26.8125427], [91.1457881, 26.8110374], [91.0974696, 26.8217849], [91.0542963, 26.7798159], [90.9953208, 26.7906705], [90.9581997, 26.7819195], [90.96235, 26.7885335], [90.8221725, 26.7763569], [90.7423558, 26.7743982], [90.7176303, 26.7689857], [90.6997561, 26.7695412], [90.691098, 26.7717635], [90.6734275, 26.784541], [90.6462354, 26.7781766], [90.6336879, 26.7946546], [90.5857578, 26.8035035], [90.5475193, 26.8164781], [90.4162359, 26.904046], [90.3729559, 26.9020802], [90.3557259, 26.9008155], [90.3473781, 26.8874558], [90.3438965, 26.8731362], [90.3001714, 26.8486455], [90.2534096, 26.8589287], [90.2300262, 26.8587247], [90.2006682, 26.835075], [90.1836851, 26.7992918], [90.1853698, 26.789577], [90.195197, 26.7813221], [90.1906371, 26.7679982], [90.0449532, 26.7298078], [90.0164443, 26.7321288], [89.9685727, 26.7219913], [89.9021157, 26.7228361], [89.8649555, 26.735659], [89.8597599, 26.734499], [89.8638809, 26.7197192], [89.8624254, 26.7014664], [89.8107142, 26.7111532], [89.7715969, 26.7021871], [89.7686047, 26.7106273], [89.7582622, 26.7187328], [89.7597384, 26.7269834], [89.751606, 26.7345917], [89.7257698, 26.7233884], [89.6988153, 26.7375509], [89.6904777, 26.7342387], [89.6705473, 26.7398923], [89.6690054, 26.731726], [89.6577553, 26.7185914], [89.6490179, 26.7175063], [89.6471905, 26.7219036], [89.635198, 26.7259011], [89.6254327, 26.7228744], [89.6176759, 26.728166], [89.6216436, 26.7384137], [89.6373305, 26.746901], [89.6481148, 26.7662021], [89.6523234, 26.7681892], [89.6497891, 26.7766789], [89.6305998, 26.7831275], [89.6206261, 26.7772068], [89.6141629, 26.7862787], [89.5999183, 26.7876406], [89.5927556, 26.7927152], [89.5660406, 26.7995103], [89.5584572, 26.8135437], [89.5472059, 26.8094231], [89.5334332, 26.814417], [89.5193022, 26.8112866], [89.5126204, 26.8130834], [89.4988775, 26.8034266], [89.4667868, 26.8037289], [89.4501471, 26.8183356], [89.4504046, 26.8323236], [89.4395048, 26.8404459], [89.4228852, 26.8360597], [89.4137549, 26.8404083], [89.3899128, 26.8419399], [89.3836123, 26.8592129], [89.3789399, 26.8622805], [89.3306922, 26.8459366], [89.3254042, 26.845331], [89.3242778, 26.8506813], [89.3175195, 26.8515261], [89.2927389, 26.8380094], [89.2784375, 26.8261628], [89.2742297, 26.8285977], [89.2623264, 26.8154816], [89.2342186, 26.819475], [89.1942537, 26.8105222], [89.1757613, 26.8186174], [89.1333927, 26.8066943], [89.124239, 26.8214357], [89.1150832, 26.8245181], [89.100021, 26.8434722], [89.103787, 26.861382], [89.0930154, 26.8722594], [89.0956396, 26.8917031], [89.0796724, 26.8970698], [89.0701576, 26.9040784], [89.0467643, 26.898364], [89.0492796, 26.9160914], [89.0447586, 26.92204], [89.0299094, 26.9233231], [89.0215481, 26.9408303], [89.0171246, 26.9403817], [88.9908457, 26.920348], [88.9803169, 26.9173182], [88.9452798, 26.9327214], [88.9536376, 26.9497043], [88.9520304, 26.9697046], [88.9225459, 26.9930279], [88.9135553, 26.9868469], [88.892711, 26.9615391], [88.8851237, 26.957325], [88.8812613, 26.9472642], [88.8766694, 26.9464608], [88.8710904, 26.9617431], [88.874204, 26.9864029], [88.8702065, 26.9953616], [88.8774163, 27.0333021], [88.8807, 27.0363359], [88.8762742, 27.0450804], [88.8805929, 27.0618913], [88.8749892, 27.0712783], [88.87606, 27.0900522], [88.8704921, 27.1091474], [88.8503261, 27.108148], [88.8468022, 27.1120028], [88.8420456, 27.1114674], [88.8398684, 27.1157147], [88.8338722, 27.1147867], [88.8111721, 27.1270291], [88.8023919, 27.1393428], [88.7817295, 27.1348702], [88.7455742, 27.1420837], [88.7519874, 27.1505291], [88.7600952, 27.152993], [88.7573162, 27.1652549], [88.765067, 27.1777748], [88.7741775, 27.1829603], [88.7866974, 27.1827025], [88.7890753, 27.1853096], [88.7890753, 27.1938185], [88.7994686, 27.20846], [88.8030316, 27.2190959], [88.8023805, 27.248585], [88.8271963, 27.2568949], [88.8318696, 27.2623929], [88.864761, 27.2645814], [88.8794153, 27.2608166], [88.887715, 27.2680636], [88.9062722, 27.2744505], [88.9141257, 27.2899432], [88.909368, 27.3049658], [88.9195943, 27.3190519], [88.9211683, 27.3274652], [88.9158496, 27.3310483], [88.9065607, 27.3290049], [88.896038, 27.332844], [88.8932782, 27.3393293], [88.8847053, 27.3435351], [88.881327, 27.3605731], [88.8630199, 27.3701298], [88.8644986, 27.3797827], [88.8611373, 27.3863041], [88.84571, 27.3850113], [88.8378958, 27.3796103], [88.8312775, 27.3856588], [88.8308286, 27.390125], [88.8216354, 27.3937735], [88.8210895, 27.4046617], [88.8090169, 27.4033463], [88.8056909, 27.4070462], [88.8046754, 27.4151047], [88.8090373, 27.4237113], [88.8011808, 27.4227728], [88.7947216, 27.4290813], [88.7914638, 27.43748], [88.7934784, 27.4471589], [88.7881307, 27.4475171], [88.7828391, 27.453449], [88.7768269, 27.4692925], [88.782645, 27.4748901], [88.7804871, 27.4814619], [88.7863017, 27.488645], [88.7830622, 27.5001261], [88.7898446, 27.5133596], [88.7882359, 27.5220108], [88.7920809, 27.5240903], [88.792434, 27.530152], [88.7829785, 27.5294262], [88.7771129, 27.5325649], [88.773366, 27.5401961], [88.7727971, 27.5554191], [88.7633024, 27.5664244], [88.7705804, 27.571211], [88.7812326, 27.5693866], [88.7840378, 27.5728785], [88.7918063, 27.5742321], [88.7882194, 27.585857], [88.8053991, 27.5951131], [88.8087542, 27.6030605], [88.8062795, 27.6089853], [88.8112288, 27.6193598], [88.804257, 27.6243329], [88.8148218, 27.6469139], [88.8180817, 27.6481988], [88.8224123, 27.643773], [88.8317444, 27.6472307], [88.8482299, 27.6681918], [88.8482621, 27.6763702], [88.842402, 27.6826167], [88.8479527, 27.6961268], [88.8431938, 27.7036935], [88.8385062, 27.7054067], [88.8408297, 27.7120027], [88.8567329, 27.7171851], [88.8591156, 27.7383737], [88.8670014, 27.7427063], [88.8619255, 27.753692], [88.8566502, 27.7534564], [88.8542029, 27.7645871], [88.8608197, 27.8024208], [88.8570853, 27.8155275], [88.8804345, 27.8304652], [88.8829362, 27.8349066], [88.8804707, 27.842031], [88.8820116, 27.851639], [88.8881208, 27.8564067], [88.8780597, 27.8749157], [88.8814315, 27.891503], [88.8707177, 27.9008209], [88.8676359, 27.9197106], [88.8596414, 27.9277958], [88.8376138, 27.9285014], [88.8429421, 27.9541895], [88.8397861, 27.9697691], [88.8425676, 27.9869598], [88.836082, 28.015297], [88.815264, 28.0217454], [88.8042856, 28.0300043], [88.7925518, 28.0486122], [88.7778738, 28.0538442], [88.7547412, 28.0803006], [88.7304464, 28.0726351], [88.7155954, 28.0778377], [88.6896203, 28.0792566], [88.6819583, 28.077062], [88.6795105, 28.0718712], [88.6706135, 28.0741145], [88.667408, 28.0764443], [88.6642373, 28.0893904], [88.6472975, 28.1001515], [88.6329209, 28.1240465], [88.6108439, 28.1093223], [88.6029173, 28.0893634], [88.5890196, 28.0884486], [88.5832783, 28.0841521], [88.5681863, 28.090912], [88.5544455, 28.0822883], [88.5573028, 28.075301], [88.5502376, 28.0476116], [88.5535624, 28.0394295], [88.5459517, 28.0340007], [88.5343928, 28.0340007], [88.5288861, 28.0378191], [88.5246262, 28.0353255], [88.519613, 28.043118], [88.5110153, 28.0421829], [88.4949482, 28.0552091], [88.4911964, 28.0470662], [88.4755026, 28.036188], [88.4681543, 28.0168915], [88.4558987, 28.0157189], [88.4173538, 27.9999832], [88.4142142, 27.9945741], [88.4135914, 27.981077], [88.3898449, 27.9765054], [88.3773277, 27.9892672], [88.3559045, 27.9893652], [88.3404003, 27.9858068], [88.3348665, 27.9842081], [88.3318612, 27.975937], [88.3218642, 27.9799951], [88.3159575, 27.9778293], [88.31481, 27.9729356], [88.3041689, 27.9654519], [88.2943464, 27.9677196], [88.284173, 27.9651641], [88.2792544, 27.9547803], [88.2647171, 27.9565292], [88.2602903, 27.9458448], [88.2513275, 27.941664], [88.237638, 27.969512], [88.223504, 27.9609459], [88.2129868, 27.9640392], [88.2088465, 27.9623736], [88.2053249, 27.9567581], [88.2069905, 27.9406729], [88.1874314, 27.9426717], [88.1796267, 27.949001], [88.1727739, 27.9490486], [88.1631133, 27.9586141], [88.1535478, 27.9586141], [88.1424595, 27.9652766], [88.1342742, 27.951904], [88.1300864, 27.9501908], [88.1367488, 27.9373417], [88.132561, 27.9352002], [88.1297532, 27.9262058], [88.1217582, 27.9237312], [88.1179987, 27.918068], [88.1247611, 27.9036913], [88.137892, 27.8899691], [88.1349737, 27.8815971], [88.1389987, 27.8779644], [88.1486251, 27.8769461], [88.1537676, 27.8709249], [88.1640627, 27.8685915], [88.1778517, 27.8562819], [88.1961627, 27.854216], [88.2011179, 27.8376473], [88.1942413, 27.8357556], [88.1874207, 27.8255837], [88.1729883, 27.8206628], [88.1733811, 27.8176613], [88.1851095, 27.8107888], [88.1866888, 27.8016093], [88.1971486, 27.7910131], [88.1811251, 27.7760767], [88.1832627, 27.7664729], [88.1766018, 27.7585414], [88.1784098, 27.7472236], [88.1695859, 27.7417984], [88.1582819, 27.7409844], [88.1545275, 27.7296343], [88.1552672, 27.7176127], [88.1473138, 27.7031638], [88.1527412, 27.6912329], [88.1466414, 27.6792039], [88.1444803, 27.6658166], [88.1199225, 27.6457581], [88.1171059, 27.6299773], [88.1193509, 27.6274392], [88.1135028, 27.6108535], [88.1054796, 27.6027024], [88.0895029, 27.5953025], [88.0818284, 27.5851855], [88.0750589, 27.5722499], [88.0809091, 27.5650256], [88.0690887, 27.5560161], [88.068397, 27.5465933], [88.0588652, 27.5352888], [88.0670487, 27.5265064], [88.061271, 27.5254993], [88.0572827, 27.5180958], [88.0614087, 27.5123001], [88.054705, 27.5048518], [88.0464087, 27.5016589], [88.0436016, 27.4961706], [88.0438213, 27.4786841], [88.0669089, 27.4580823], [88.0643802, 27.4539707], [88.0723693, 27.4454693], [88.0678183, 27.4385144], [88.0800878, 27.4300117], [88.0799292, 27.426895], [88.0669972, 27.4254604], [88.0504131, 27.4131123], [88.0415404, 27.3722141], [88.0493034, 27.3595666], [88.057479, 27.3558319], [88.0664692, 27.3361035], [88.0523757, 27.3246995], [88.0483887, 27.3128598], [88.0413827, 27.3045373], [88.044665, 27.2938998], [88.0315767, 27.2864117], [88.0307175, 27.2502062], [88.0275526, 27.2495323], [88.0240777, 27.2422184], [88.0246794, 27.2374309], [88.0190988, 27.2360637], [88.0187445, 27.225223], [88.0120333, 27.2162057], [88.0154956, 27.2110235], [88.0116143, 27.2038552], [88.0158603, 27.1963419], [88.0123307, 27.1777311], [88.0192216, 27.1711901], [88.0108403, 27.1659599], [88.0072646, 27.1434549], [88.0005313, 27.140403], [87.9985107, 27.1338156], [87.9910728, 27.130969], [87.9872898, 27.1195069], [87.991479, 27.1056109], [88.0032679, 27.1046062], [88.0117355, 27.0975669], [88.0158324, 27.0885891], [88.0209652, 27.0878841], [88.0161241, 27.0739778], [88.021071, 27.0694475], [88.0274323, 27.0511865], [88.037493, 27.0367855], [88.0456338, 27.0368583], [88.0595565, 27.0292725], [88.077487, 27.0355148], [88.0828777, 27.0291537], [88.0884592, 27.0155326], [88.088162, 27.0084995], [88.0921216, 27.0046811], [88.0990258, 27.0039031], [88.1149399, 26.9889682], [88.1354044, 26.9850549], [88.122421, 26.9685237], [88.1203237, 26.9506055], [88.1458994, 26.9211818], [88.1362424, 26.8988756], [88.1463519, 26.8889838], [88.1572679, 26.885014], [88.1664804, 26.8706314], [88.171693, 26.869503], [88.173383, 26.8656669], [88.1716736, 26.860485], [88.1743646, 26.8597497], [88.1745756, 26.8535681], [88.1672748, 26.8499869], [88.1705302, 26.8453798], [88.1674069, 26.8379059], [88.1738991, 26.8341361], [88.1723809, 26.8261548], [88.1787949, 26.8157543], [88.178248, 26.804955], [88.1877064, 26.7731519], [88.189666, 26.7495485], [88.1823618, 26.7275668], [88.1825566, 26.7196429], [88.1675184, 26.6996209], [88.1684375, 26.6844229], [88.1648755, 26.6788673], [88.1636837, 26.6461319], [88.1584115, 26.6403681], [88.1609316, 26.6367948], [88.1549343, 26.6306582], [88.1426718, 26.6259947], [88.1390862, 26.6064687], [88.1299166, 26.6012854], [88.1320902, 26.5931936], [88.1272783, 26.5818628], [88.1298801, 26.5733231], [88.1233033, 26.5773052], [88.1251701, 26.5750215], [88.122917, 26.5722772], [88.120808, 26.5759551], [88.1176018, 26.5745543], [88.119062, 26.5682536], [88.1136757, 26.5726861], [88.1116847, 26.5649208], [88.1152848, 26.5661405], [88.1106327, 26.5619207], [88.1132464, 26.5580652], [88.1090725, 26.557152], [88.1056479, 26.5608332], [88.1056112, 26.5505812], [88.1115355, 26.5452872], [88.1028557, 26.5396437], [88.1008942, 26.5287627], [88.1042845, 26.5208901], [88.0953433, 26.506999], [88.0991687, 26.5042327], [88.1005881, 26.4937848], [88.1058058, 26.4891391], [88.100207, 26.4798143], [88.1072818, 26.4755594], [88.105139, 26.4722388], [88.0977301, 26.4726417], [88.1036949, 26.4662891], [88.0919771, 26.463039], [88.0969153, 26.4526458], [88.0951105, 26.4378984], [88.088362, 26.4343399], [88.0775474, 26.419006], [88.0694793, 26.4133561], [88.0705522, 26.4081288], [88.0596224, 26.4095641], [88.054476, 26.4009287], [88.0474245, 26.4016048], [88.0450758, 26.3999496], [88.0469316, 26.3973664], [88.0347759, 26.392308], [88.0337388, 26.3874889], [88.0312353, 26.3886058], [88.0307344, 26.3823068], [88.0265964, 26.3827806], [88.0316824, 26.3774049], [88.0260411, 26.3708457], [88.0301876, 26.3650361], [88.0072089, 26.3610329], [87.9914234, 26.3703657], [87.9916822, 26.3927155], [87.9657277, 26.3973093], [87.931977, 26.4181941], [87.9269206, 26.4175272], [87.9258798, 26.4274207], [87.9159766, 26.4316439], [87.9252797, 26.4404207], [87.925556, 26.445], [87.8983782, 26.4489376], [87.9094432, 26.4578132], [87.9088639, 26.4608205], [87.900005, 26.477433], [87.8881188, 26.4869511], [87.8856851, 26.4764446], [87.8579754, 26.4641024], [87.8614481, 26.4491764], [87.8509392, 26.4453237], [87.8486506, 26.4368904], [87.8291358, 26.4402359], [87.8295338, 26.4498447], [87.8160143, 26.4600588], [87.792803, 26.4690046], [87.7848112, 26.4655112], [87.7901255, 26.4596406], [87.7827498, 26.458085], [87.780508, 26.4523535], [87.7762137, 26.4531785], [87.776667, 26.450278], [87.7724858, 26.4489197], [87.777543, 26.4490515], [87.7756122, 26.4405569], [87.7728062, 26.4402869], [87.7745394, 26.4346557], [87.778151, 26.4348097], [87.7764754, 26.4292526], [87.769351, 26.4215912], [87.762218, 26.4204358], [87.7577261, 26.4143387], [87.7599646, 26.4089857], [87.7533254, 26.4080993], [87.7480241, 26.4173126], [87.739077, 26.4177455], [87.7336941, 26.40762], [87.7228969, 26.412613], [87.724266, 26.4168261], [87.7124397, 26.4269126], [87.6980226, 26.4285812], [87.6921402, 26.4356957], [87.6774084, 26.4356246], [87.6779435, 26.4159333], [87.6500098, 26.4060072], [87.6517134, 26.3935809], [87.6273988, 26.3938389], [87.6120215, 26.3902937], [87.6057945, 26.3805202], [87.5872673, 26.3817481], [87.5876368, 26.3929387], [87.5735115, 26.395988], [87.5528258, 26.4058227], [87.54751, 26.4184768], [87.5160757, 26.4308732], [87.4639078, 26.4398641], [87.4432073, 26.4331234], [87.427438, 26.4224961], [87.38843, 26.4191275], [87.3758537, 26.4070006], [87.3686008, 26.4081549], [87.355818, 26.3865066], [87.3533262, 26.3721222], [87.3582201, 26.3610975], [87.3409384, 26.3477581], [87.321816, 26.3603071], [87.3122259, 26.3715997], [87.3014909, 26.36623], [87.2893642, 26.3737567], [87.2658365, 26.3739558], [87.2660797, 26.4056639], [87.2606873, 26.4094151], [87.2498, 26.4093602], [87.2468355, 26.414274], [87.229203, 26.4136789], [87.2188014, 26.4034883], [87.2113209, 26.4089922], [87.2112868, 26.4132927], [87.1868542, 26.4142558], [87.1885674, 26.4055013], [87.1616609, 26.4042328], [87.1391889, 26.4147691], [87.0914995, 26.450408], [87.0800246, 26.5230624], [87.0726602, 26.5427705], [87.0711578, 26.5860156], [87.0446154, 26.5873071], [87.0422565, 26.5683181], [87.0151705, 26.5319823], [86.9901185, 26.5231519], [86.9792976, 26.5251593], [86.974848, 26.5201727], [86.9612002, 26.5239822], [86.9593442, 26.5205375], [86.9458824, 26.5206967], [86.9438831, 26.5173387], [86.9318441, 26.515929], [86.9276896, 26.5014346], [86.9292177, 26.4890348], [86.8941007, 26.4879638], [86.8903977, 26.4825708], [86.8924448, 26.4687722], [86.8953571, 26.4681014], [86.8941021, 26.4619734], [86.8847421, 26.4613577], [86.8731278, 26.4544481], [86.863056, 26.458333], [86.8566175, 26.4486401], [86.8460582, 26.4488814], [86.8430025, 26.4403083], [86.8354138, 26.4412875], [86.8334002, 26.4388673], [86.7654313, 26.4593635], [86.762863, 26.4551884], [86.7645951, 26.4511075], [86.7602947, 26.4520539], [86.7601575, 26.44818], [86.7533732, 26.4470146], [86.7534078, 26.441959], [86.743795, 26.4357278], [86.7473351, 26.4287929], [86.730881, 26.4224377], [86.7306426, 26.4263559], [86.7268958, 26.4246949], [86.719929, 26.4349507], [86.6998141, 26.4374009], [86.6938773, 26.4512215], [86.6390206, 26.4633976], [86.6381987, 26.4658377], [86.632862, 26.4647182], [86.626135, 26.4686873], [86.6272773, 26.4793308], [86.6220934, 26.4809465], [86.6219392, 26.4839], [86.5700779, 26.4965203], [86.5534515, 26.5182227], [86.5556617, 26.5174259], [86.555254, 26.523877], [86.5511531, 26.5250186], [86.5509293, 26.5302933], [86.5417837, 26.5387041], [86.5213589, 26.5437244], [86.5156364, 26.5391078], [86.4977365, 26.5423624], [86.4558921, 26.5676189], [86.3948873, 26.5851543], [86.3971948, 26.5930924], [86.3413327, 26.6061008], [86.3388491, 26.6097642], [86.3440855, 26.6167203], [86.3330643, 26.6191208], [86.3061551, 26.6201665], [86.2928524, 26.6130812], [86.2759394, 26.6173113], [86.2530125, 26.6148959], [86.2524245, 26.617186], [86.2477745, 26.6123398], [86.2484233, 26.6087746], [86.2439355, 26.6088229], [86.2429352, 26.602792], [86.2348122, 26.5983381], [86.2341893, 26.5907722], [86.231032, 26.5931965], [86.2172941, 26.5885714], [86.20536, 26.5966579], [86.1958444, 26.5940437], [86.1954796, 26.6076228], [86.1901098, 26.6118195], [86.1935002, 26.611244], [86.1925108, 26.6147589], [86.1741274, 26.6138865], [86.1708052, 26.6169421], [86.1679438, 26.6138923], [86.1613986, 26.6155433], [86.1423455, 26.6052492], [86.1357955, 26.6064042], [86.1408598, 26.6169015], [86.1387378, 26.6289394], [86.1190358, 26.6299926], [86.0752541, 26.6492503], [86.0691612, 26.6574955], [86.0268816, 26.6667628], [86.0117253, 26.6599686], [86.0111346, 26.6545107], [85.9750662, 26.658486], [85.9674839, 26.651466], [85.9560817, 26.6489708], [85.952232, 26.6373426], [85.9554573, 26.629893], [85.9454942, 26.6208951], [85.9460988, 26.6145458], [85.9487471, 26.6148656], [85.9466779, 26.6127567], [85.9369656, 26.6166814], [85.931806, 26.6131599], [85.9278718, 26.616601], [85.9263339, 26.6094325], [85.9136288, 26.608831], [85.9128454, 26.6044988], [85.9000807, 26.6003263], [85.8996901, 26.5942759], [85.8912883, 26.594432], [85.8923036, 26.5901157], [85.8888293, 26.5891029], [85.8882162, 26.5835515], [85.8786022, 26.5837876], [85.8584039, 26.568745], [85.8562224, 26.5719075], [85.8503648, 26.5684013], [85.8484077, 26.5771151], [85.8578, 26.5899355], [85.8508715, 26.6086141], [85.831057, 26.6113036], [85.8303519, 26.601676], [85.8173249, 26.60292], [85.8033203, 26.6149187], [85.8014816, 26.6243275], [85.7695045, 26.629906], [85.7592449, 26.6364842], [85.748537, 26.638882], [85.7321472, 26.6541461], [85.7365028, 26.6640905], [85.730021, 26.6658189], [85.7254999, 26.6705414], [85.7265805, 26.6739863], [85.7235011, 26.6742996], [85.7252183, 26.6972071], [85.7231499, 26.6998609], [85.7279199, 26.7176223], [85.7255138, 26.7212445], [85.7313156, 26.7306464], [85.7304494, 26.7361761], [85.7337803, 26.7375573], [85.7286588, 26.7499209], [85.735041, 26.7797677], [85.7344079, 26.7959751], [85.7209228, 26.8204411], [85.6802344, 26.8433811], [85.6422349, 26.8532324], [85.6344089, 26.8721927], [85.6238726, 26.873879], [85.6063191, 26.8570121], [85.5893041, 26.8495513], [85.584947, 26.8564823], [85.5781647, 26.856545], [85.5753717, 26.8610553], [85.5657649, 26.8411053], [85.5575997, 26.8442743], [85.5534711, 26.8345515], [85.543102, 26.8383049], [85.5196242, 26.814504], [85.507512, 26.8167036], [85.4978632, 26.8122865], [85.4953792, 26.7973102], [85.4795182, 26.8024744], [85.4773042, 26.7927726], [85.4516347, 26.7814461], [85.4323744, 26.7902371], [85.4261725, 26.7861], [85.4173579, 26.7908129], [85.4075605, 26.7914216], [85.3978045, 26.7788577], [85.3843124, 26.7744237], [85.3752325, 26.7612196], [85.3706054, 26.7585174], [85.3614383, 26.7629107], [85.3555683, 26.7604043], [85.3357313, 26.7422493], [85.3067164, 26.7521404], [85.2605551, 26.7555136], [85.2403128, 26.7619584], [85.2120062, 26.7581802], [85.197047, 26.7699334], [85.1914669, 26.7820811], [85.1945272, 26.7845411], [85.1926606, 26.7907379], [85.1864172, 26.7909949], [85.1865565, 26.7950852], [85.1803065, 26.7958963], [85.1823439, 26.8007868], [85.1765049, 26.8102599], [85.1771354, 26.8152559], [85.1911615, 26.8313904], [85.1930955, 26.8639345], [85.1907447, 26.8698969], [85.1398528, 26.8711911], [85.1349409, 26.8678918], [85.111041, 26.8724361], [85.0863957, 26.867099], [85.0893171, 26.860455], [85.0848412, 26.8552669], [85.0873055, 26.8528119], [85.0772751, 26.8587405], [85.0782465, 26.8562657], [85.0665241, 26.8536919], [85.0638596, 26.8495014], [85.0612563, 26.8552974], [85.0572595, 26.8546888], [85.057308, 26.8491797], [85.0240928, 26.8543976], [85.0233733, 26.8568626], [85.0299566, 26.8599328], [85.027143, 26.8668703], [85.0308514, 26.8679895], [85.027881, 26.8709355], [85.028988, 26.8755765], [85.0354824, 26.874441], [85.0381208, 26.8775679], [85.041737, 26.8741777], [85.0436112, 26.8794883], [85.0532785, 26.8806985], [85.0495864, 26.8820832], [85.0487645, 26.8846432], [85.0563456, 26.8807251], [85.0608362, 26.8857614], [85.0495198, 26.8898018], [85.0041458, 26.8950484], [84.9928306, 26.9030526], [84.9957964, 26.906707], [85.0023767, 26.903568], [84.9999173, 26.9119232], [84.9691569, 26.9164442], [84.970361, 26.9288878], [84.9772835, 26.9320712], [84.9786416, 26.9365545], [84.9749896, 26.9391394], [84.9784027, 26.9401139], [84.9624956, 26.9605153], [84.9534666, 26.9600731], [84.9292986, 26.9687682], [84.9093193, 26.9680884], [84.8966185, 26.9731458], [84.8915638, 26.9722148], [84.8919684, 26.9696505], [84.888257, 26.9775305], [84.8663673, 26.9835546], [84.8583349, 26.9895203], [84.8554074, 26.985516], [84.8571856, 26.9985405], [84.8501956, 26.9980886], [84.8540968, 27.0083656], [84.8253891, 27.0209814], [84.8194473, 27.0216328], [84.8082216, 27.0162932], [84.8067824, 27.0136279], [84.8098937, 27.0150807], [84.8100307, 27.0127404], [84.8065408, 27.0114859], [84.8071168, 27.0071266], [84.8016421, 27.0052375], [84.8002656, 27.000867], [84.7970795, 27.0041565], [84.7932429, 26.9958807], [84.7912102, 26.9996732], [84.7884362, 26.9970274], [84.7861763, 26.9986239], [84.7887445, 27.0095462], [84.7855553, 27.0110174], [84.7843544, 27.007532], [84.7825249, 27.0142611], [84.7733137, 27.01773], [84.7644335, 27.0131842], [84.757532, 27.0027579], [84.7329868, 27.0142441], [84.721264, 27.0141453], [84.716472, 27.0198103], [84.7025416, 27.0266862], [84.6432983, 27.0461682], [84.6431654, 27.0509217], [84.6463006, 27.0520851], [84.6456601, 27.0586297], [84.6427596, 27.0597795], [84.645311, 27.0638573], [84.6431112, 27.0660197], [84.647373, 27.0711561], [84.6461974, 27.0757952], [84.6528727, 27.0775415], [84.652806, 27.0807086], [84.6583585, 27.0797624], [84.6547423, 27.084059], [84.6574327, 27.0827384], [84.6646654, 27.0864029], [84.6629319, 27.0893105], [84.6660191, 27.087685], [84.6703077, 27.091131], [84.6637317, 27.0924795], [84.6643324, 27.0945925], [84.6671158, 27.0933911], [84.6695483, 27.0982885], [84.6745018, 27.0965617], [84.6740341, 27.1089812], [84.6698332, 27.1070218], [84.6688274, 27.109239], [84.6767284, 27.1151731], [84.6773451, 27.133596], [84.6837987, 27.1429347], [84.6806763, 27.1523835], [84.6864953, 27.1581013], [84.6773295, 27.1620124], [84.6803785, 27.1699441], [84.6754145, 27.1713609], [84.6835546, 27.1776059], [84.6816239, 27.1802034], [84.6855092, 27.1804261], [84.6796195, 27.1855214], [84.6836987, 27.196682], [84.6807348, 27.2008663], [84.6870932, 27.2094918], [84.6844067, 27.2130586], [84.6908813, 27.2149332], [84.6893337, 27.2229126], [84.684689, 27.2271636], [84.655046, 27.2856605], [84.6221253, 27.3364549], [84.6067291, 27.336526], [84.5652381, 27.3480434], [84.5040863, 27.3545753], [84.4772717, 27.3630339], [84.4698767, 27.3561319], [84.4643237, 27.3609702], [84.4460543, 27.3650733], [84.4409828, 27.3711943], [84.4234207, 27.3730652], [84.3912311, 27.3691362], [84.377356, 27.3763661], [84.3600041, 27.3745674], [84.3324269, 27.3782873], [84.3002523, 27.3911153], [84.2939619, 27.3849153], [84.2829461, 27.3968607], [84.276267, 27.3966989], [84.2776078, 27.4171607], [84.2732024, 27.4225826], [84.2726703, 27.4292509], [84.2599647, 27.4375999], [84.2597519, 27.445986], [84.2540802, 27.4528339], [84.2442158, 27.4551946], [84.2394592, 27.4527853], [84.2309114, 27.4563909], [84.2202418, 27.4480578], [84.2193087, 27.4409261], [84.2078114, 27.442836], [84.207691, 27.4568717], [84.2041325, 27.4592077], [84.2087977, 27.465911], [84.2057578, 27.4695695], [84.1941521, 27.4732108], [84.1908017, 27.4695302], [84.1713231, 27.4762876], [84.1641846, 27.4840812], [84.1489145, 27.4862902], [84.1446932, 27.4966462], [84.1497602, 27.500947], [84.150864, 27.5165811], [84.1455518, 27.5187032], [84.1236282, 27.5111513], [84.1177968, 27.5133786], [84.1173169, 27.5188322], [84.1089104, 27.5216067], [84.0986036, 27.5173251], [84.0997019, 27.5087324], [84.0947336, 27.4892381], [84.0838683, 27.4832973], [84.0702854, 27.4815848], [84.0668241, 27.4701025], [84.0581861, 27.4621711], [84.0611657, 27.4558816], [84.0518649, 27.4434317], [84.0317925, 27.4416476], [84.0309046, 27.4388162], [84.0257203, 27.4387027], [84.0268792, 27.4333718], [84.0188775, 27.4363445], [84.0156269, 27.4346816], [84.0049497, 27.4424815], [83.9979294, 27.4413997], [83.9957398, 27.4464147], [83.983791, 27.4437369], [83.977636, 27.4390224], [83.97811, 27.4423947], [83.9712176, 27.4426752], [83.9677865, 27.446842], [83.948201, 27.4422322], [83.9422101, 27.4485846], [83.9316046, 27.4483819], [83.916394, 27.4394916], [83.8738678, 27.4345924], [83.8629271, 27.4280262], [83.8599693, 27.4202812], [83.8660321, 27.3803996], [83.8648965, 27.3711772], [83.8557792, 27.3518667], [83.8293821, 27.3704445], [83.6145262, 27.4692222], [83.3889139, 27.4797631], [83.3921545, 27.4761391], [83.3885069, 27.4705693], [83.3953025, 27.4697248], [83.3977568, 27.4654651], [83.4023978, 27.4661796], [83.3996561, 27.4637401], [83.4017808, 27.4570352], [83.3961094, 27.446987], [83.3838533, 27.4426914], [83.3862296, 27.4394969], [83.3840406, 27.4366814], [83.3931478, 27.424728], [83.40089, 27.4210002], [83.3994084, 27.4191523], [83.4054881, 27.4186527], [83.4094034, 27.412479], [83.4062011, 27.4118262], [83.4024872, 27.4009227], [83.3845529, 27.3903104], [83.3878345, 27.3755694], [83.3825592, 27.3707881], [83.3745119, 27.3699969], [83.3737553, 27.357247], [83.3701031, 27.3581203], [83.3579205, 27.3509307], [83.359182, 27.3431148], [83.3542049, 27.344054], [83.3507242, 27.3422825], [83.3525207, 27.3400244], [83.3438875, 27.3382279], [83.3376441, 27.3327461], [83.318117, 27.3374519], [83.3155356, 27.3334501], [83.3171907, 27.3301647], [83.3080879, 27.3336724], [83.3047408, 27.3314863], [83.300208, 27.3347223], [83.2943906, 27.3334872], [83.2724657, 27.3526667], [83.2653135, 27.3654862], [83.2722019, 27.3834518], [83.2401301, 27.4064099], [83.2184708, 27.4166065], [83.1878974, 27.4543758], [83.1651575, 27.4574837], [83.0346267, 27.4487825], [82.9541429, 27.4677793], [82.9446468, 27.4769985], [82.9396135, 27.4910884], [82.9293481, 27.5012379], [82.8659177, 27.498594], [82.8325636, 27.5019968], [82.8016622, 27.4964151], [82.7850479, 27.5000575], [82.7355705, 27.502349], [82.7366975, 27.5178366], [82.7431289, 27.5165459], [82.7419351, 27.5208117], [82.7470836, 27.5193356], [82.7496849, 27.5225175], [82.7451641, 27.5285033], [82.7471155, 27.5314107], [82.7420582, 27.5317153], [82.7444812, 27.5338585], [82.7406089, 27.536645], [82.7432519, 27.5411116], [82.7417741, 27.5462553], [82.7378125, 27.5463747], [82.7409347, 27.5499107], [82.7381886, 27.5518318], [82.7488613, 27.5560693], [82.7423845, 27.5604413], [82.7481552, 27.5627297], [82.7474821, 27.5738822], [82.7510003, 27.5763176], [82.7560426, 27.5924351], [82.7446629, 27.5951887], [82.7437477, 27.597865], [82.7485197, 27.6005992], [82.7392759, 27.6042792], [82.7350215, 27.6110081], [82.738247, 27.6149678], [82.7324289, 27.6182861], [82.7404262, 27.6253431], [82.7328289, 27.6295148], [82.7400159, 27.6318026], [82.7312069, 27.6315336], [82.7384698, 27.6374099], [82.7359811, 27.646083], [82.7298986, 27.6430237], [82.7324915, 27.6462406], [82.7316735, 27.6538482], [82.7276161, 27.651481], [82.7246063, 27.6590698], [82.7196055, 27.6549373], [82.7216144, 27.6622407], [82.7123703, 27.6629677], [82.7184667, 27.6672839], [82.7128616, 27.669541], [82.7137919, 27.6777237], [82.7192943, 27.6786587], [82.7158514, 27.6872305], [82.7181373, 27.6894353], [82.7081057, 27.6958789], [82.7043357, 27.7039206], [82.708454, 27.7226064], [82.7052062, 27.716746], [82.7021259, 27.7163131], [82.6993716, 27.7222832], [82.6890925, 27.7152117], [82.6806904, 27.7140026], [82.6660199, 27.7159469], [82.6637582, 27.7224908], [82.6551233, 27.7135084], [82.6379411, 27.7092758], [82.6287476, 27.7112568], [82.6189057, 27.7025228], [82.6050248, 27.7061185], [82.5937428, 27.6969031], [82.5852501, 27.6990658], [82.5413082, 27.685689], [82.5165691, 27.690548], [82.4923694, 27.6843908], [82.490082, 27.6814197], [82.4821925, 27.6829176], [82.4731982, 27.676435], [82.4488049, 27.6794928], [82.4022422, 27.7032968], [82.3822921, 27.720581], [82.3679788, 27.7427076], [82.3368421, 27.7545419], [82.3033657, 27.7728746], [82.2526182, 27.8103485], [82.2301443, 27.8210096], [82.2091444, 27.8427974], [82.1540961, 27.8666457], [82.1489734, 27.8583703], [82.121095, 27.8658719], [82.1144792, 27.8770441], [82.0909143, 27.8945907], [82.0899071, 27.8996954], [82.0700183, 27.9237103], [82.06225, 27.9217355], [81.9682829, 27.9290536], [81.938324, 27.8938599], [81.9380745, 27.8878659], [81.9253587, 27.8756241], [81.9258888, 27.8600718], [81.9000426, 27.8536315], [81.8849591, 27.8569699], [81.8775676, 27.8661992], [81.8339723, 27.8973015], [81.8210943, 27.9036785], [81.80497, 27.9033871], [81.6984631, 27.9882002], [81.6437992, 27.9936803], [81.624785, 28.0013357], [81.6188134, 28.0090083], [81.5833194, 28.0262328], [81.5476197, 28.0492528], [81.4783173, 28.0825307], [81.4797934, 28.1102767], [81.4838055, 28.1183729], [81.4499051, 28.1408797], [81.4468539, 28.1602396], [81.4267287, 28.1706316], [81.4128712, 28.1745856], [81.394167, 28.173611], [81.3747155, 28.1772053], [81.3668347, 28.1653413], [81.3683696, 28.1609791], [81.3770655, 28.1586995], [81.3783265, 28.1554842], [81.3712226, 28.1423975], [81.3344104, 28.1401979], [81.3179327, 28.1335715], [81.3156612, 28.1380293], [81.3184063, 28.1454037], [81.3280473, 28.1482384], [81.3204055, 28.1602607], [81.3107376, 28.1558911], [81.3101378, 28.1601283], [81.3011744, 28.1655696], [81.3038652, 28.1687015], [81.3219754, 28.1696149], [81.3246733, 28.175007], [81.3183025, 28.182385], [81.320562, 28.1972387], [81.2991931, 28.2200958], [81.285533, 28.2290999], [81.2326763, 28.2891834], [81.234511, 28.3246346], [81.2105973, 28.3605649], [81.0813668, 28.3843444], [81.0483477, 28.4092996], [81.0358242, 28.4137158], [81.0336375, 28.3990962], [81.0201466, 28.410472], [81.0176296, 28.4160792], [81.0335567, 28.4283103], [81.0293733, 28.4384486], [81.019184, 28.4317972], [81.0131795, 28.4384751], [81.017859, 28.4518934], [80.9998991, 28.453914], [80.9887754, 28.4415504], [80.9777799, 28.4421979], [80.9788841, 28.4341014], [80.9668704, 28.4368635], [80.9677214, 28.4427396], [80.9647871, 28.444498], [80.9796074, 28.4555414], [80.9682454, 28.4566617], [80.9643582, 28.4502065], [80.952251, 28.4479288], [80.9517662, 28.45498], [80.9336142, 28.4586105], [80.9435183, 28.4648123], [80.9440189, 28.4682007], [80.933288, 28.4639542], [80.9310604, 28.4576392], [80.9276797, 28.4576555], [80.9189792, 28.4599391], [80.9192556, 28.4642836], [80.9141586, 28.4683753], [80.9157352, 28.4580715], [80.9055609, 28.466139], [80.9028982, 28.4780483], [80.9014816, 28.4860361], [80.9062446, 28.4895889], [80.9086471, 28.4976211], [80.9000002, 28.5009114], [80.8961435, 28.5069615], [80.8761722, 28.5108687], [80.861695, 28.5045043], [80.8650411, 28.490198], [80.8554028, 28.4972622], [80.845495, 28.4955138], [80.8425457, 28.5023513], [80.8157576, 28.5212495], [80.7877981, 28.5250243], [80.7856347, 28.5285541], [80.7894727, 28.5433554], [80.770278, 28.549722], [80.7682195, 28.5656789], [80.7385341, 28.5744088], [80.7385341, 28.5662026], [80.7244442, 28.5753332], [80.7146672, 28.5683948], [80.6901343, 28.5871642], [80.6956555, 28.6033549], [80.6775386, 28.6045227], [80.6796156, 28.6204443], [80.6707665, 28.6279115], [80.6676122, 28.6417542], [80.650556, 28.634444], [80.6415008, 28.6431318], [80.6334942, 28.6374361], [80.6115483, 28.6391522], [80.6063128, 28.6524281], [80.5901967, 28.6477521], [80.5975941, 28.6560903], [80.5801427, 28.6609981], [80.59032, 28.6797325], [80.5678442, 28.6882622], [80.5530822, 28.6916125], [80.5396515, 28.6907478], [80.5064196, 28.6712922], [80.5035898, 28.6648644], [80.5215763, 28.5768249], [80.5307159, 28.572464], [80.5227197, 28.5527057], [80.5184017, 28.5507014], [80.5062307, 28.568937], [80.4986183, 28.5701778], [80.4948803, 28.576369], [80.4811354, 28.5856858], [80.4695805, 28.5839184], [80.4721359, 28.5914066], [80.4607964, 28.6141625], [80.463419, 28.61537], [80.4603497, 28.6181927], [80.4620549, 28.6202455], [80.4515031, 28.6290034], [80.4425978, 28.6286896], [80.4372871, 28.6357066], [80.4150391, 28.6394494], [80.3768728, 28.6287924], [80.3714004, 28.6290807], [80.3692511, 28.6347907], [80.3605804, 28.6360729], [80.3569008, 28.6415598], [80.3602665, 28.6460887], [80.325743, 28.6664896], [80.3209168, 28.6809994], [80.3207432, 28.6941691], [80.3159091, 28.7005622], [80.2987686, 28.7065427], [80.2934008, 28.7113695], [80.2751723, 28.7110371], [80.256259, 28.7293212], [80.2634901, 28.7353157], [80.2649698, 28.7435799], [80.2505879, 28.7577885], [80.2443663, 28.7552529], [80.2346053, 28.7587915], [80.2159235, 28.7554264], [80.1696957, 28.7837084], [80.1180415, 28.8289048], [80.0747654, 28.8244192], [80.0648132, 28.8375628], [80.0570812, 28.9084811], [80.0586717, 28.916607], [80.0963099, 28.9749592], [80.1003072, 28.985913], [80.117519, 28.9813091], [80.1266657, 29.006123], [80.1352114, 29.0073532], [80.1362518, 29.0096276], [80.1248054, 29.0130146], [80.1313082, 29.0304935], [80.1264348, 29.0316879], [80.1268465, 29.0341193], [80.1359582, 29.0593463], [80.128938, 29.0627042], [80.1451573, 29.1046845], [80.1651016, 29.1166251], [80.1662259, 29.1250036], [80.1770075, 29.1277504], [80.1837525, 29.1373657], [80.2032094, 29.1295813], [80.2088217, 29.1221286], [80.2337243, 29.1161941], [80.2427736, 29.1261319], [80.2500557, 29.1282719], [80.2542265, 29.1386807], [80.2716923, 29.1386973], [80.2726821, 29.1447513], [80.2579325, 29.1670795], [80.258583, 29.1863662], [80.2409094, 29.2022671], [80.2440327, 29.212559], [80.2481183, 29.2217136], [80.2525897, 29.2219837], [80.2619279, 29.2058854], [80.2759515, 29.2074683], [80.2843434, 29.1967728], [80.289143, 29.1950888], [80.2977293, 29.2052583], [80.2938299, 29.2113048], [80.2962478, 29.2217131], [80.2902382, 29.2314553], [80.3009262, 29.2422309], [80.2993994, 29.2620828], [80.305372, 29.2877615], [80.3182022, 29.3020187], [80.3168133, 29.3144376], [80.3091129, 29.3223134], [80.2964363, 29.3237219], [80.2908803, 29.3308962], [80.2911909, 29.3360327], [80.279391, 29.3476734], [80.2798, 29.3594216], [80.2710322, 29.3644934], [80.2711913, 29.3733389], [80.2791053, 29.3782736], [80.2728888, 29.38647], [80.275642, 29.3920464], [80.2421156, 29.4112329], [80.2453366, 29.4147176], [80.2440687, 29.4236377], [80.2473986, 29.4322538], [80.2424883, 29.4425452], [80.2454189, 29.4466091], [80.2554976, 29.4479885], [80.2576393, 29.451476], [80.2742357, 29.4495642], [80.2692136, 29.455379], [80.2757987, 29.4585006], [80.2805882, 29.4575659], [80.2815576, 29.4512657], [80.3017658, 29.4517468], [80.3024236, 29.4555273], [80.2937056, 29.4639872], [80.2868454, 29.4767243], [80.2936573, 29.4794942], [80.2990359, 29.4904118], [80.3131008, 29.4844212], [80.3143835, 29.4995373], [80.3291778, 29.5056804], [80.3319939, 29.5129749], [80.3413672, 29.5099169], [80.3497741, 29.5188557], [80.3484054, 29.5243537], [80.3556413, 29.5278052], [80.3578648, 29.5331396], [80.3490398, 29.5401591], [80.3417573, 29.5405019], [80.3458659, 29.5486225], [80.3425718, 29.5528699], [80.3631738, 29.5562811], [80.3639406, 29.5640958], [80.378934, 29.560806], [80.3785726, 29.571208], [80.3888131, 29.5726288], [80.3912175, 29.5812819], [80.4021483, 29.5882991], [80.4081896, 29.5970691], [80.4057342, 29.6128279], [80.4105882, 29.6250441], [80.4209549, 29.6299016], [80.4201719, 29.6391004], [80.4141302, 29.6438535], [80.4164682, 29.6509844], [80.4144112, 29.6540804], [80.4101996, 29.6535553], [80.4070294, 29.6589944], [80.3987823, 29.659134], [80.3970151, 29.6627987], [80.3901481, 29.6645247], [80.3902053, 29.6712696], [80.3846535, 29.674112], [80.3848586, 29.685005], [80.3802525, 29.688822], [80.379601, 29.7011506], [80.3720877, 29.715592], [80.3761351, 29.7200761], [80.3687003, 29.7216615], [80.3657819, 29.7262307], [80.3697046, 29.7339387], [80.364102, 29.7399195], [80.3655554, 29.7478027], [80.3685717, 29.7508131], [80.3856212, 29.7504221], [80.3867097, 29.7596893], [80.3970164, 29.758766], [80.3960541, 29.7654928], [80.4072854, 29.7840814], [80.4067537, 29.7948392], [80.4138949, 29.7917955], [80.4159334, 29.7957622], [80.4302406, 29.7988555], [80.4350146, 29.8061672], [80.4431687, 29.7992783], [80.4642252, 29.8023437], [80.4801536, 29.7952568], [80.4940941, 29.7958281], [80.4923342, 29.801701], [80.4989562, 29.8068538], [80.4976118, 29.8108442], [80.5071436, 29.8231041], [80.5213612, 29.8269412], [80.5316345, 29.8386337], [80.5360293, 29.8386553], [80.5385207, 29.8473353], [80.5434164, 29.8462884], [80.5528943, 29.8507059], [80.5512719, 29.8560733], [80.5612476, 29.8664605], [80.5566368, 29.8700319], [80.5657406, 29.8789737], [80.5722279, 29.8944642], [80.5690633, 29.908722], [80.5740102, 29.9234357], [80.5906436, 29.9489595], [80.6012729, 29.9578935], [80.6315236, 29.9652084], [80.6482744, 29.9558235], [80.6740646, 29.9571059], [80.6827062, 29.9628115], [80.6911965, 29.9753222], [80.7127305, 29.9899689], [80.7201917, 30.0008948], [80.7383421, 29.9990814], [80.7462262, 30.0052664], [80.7573148, 30.0236639], [80.7555961, 30.0387499], [80.7607206, 30.0493672], [80.7793201, 30.0565425], [80.7889673, 30.0722962], [80.8051027, 30.0895563], [80.8205347, 30.0995369], [80.8292014, 30.0970427], [80.8393218, 30.0987047], [80.8454338, 30.1022608], [80.8454307, 30.1069948], [80.841646, 30.1102656], [80.8446622, 30.116234], [80.862578, 30.1214718], [80.8778549, 30.1300069], [80.871719, 30.1605758], [80.8625229, 30.169295], [80.8670452, 30.1750094], [80.8801753, 30.1809444], [80.8856308, 30.1880065], [80.883907, 30.1946885], [80.8968793, 30.212364], [80.9063566, 30.2197159], [80.9141993, 30.2110612], [80.9162946, 30.1871041], [80.9282386, 30.1753405], [80.9651939, 30.1858701], [80.9707482, 30.1900505], [80.9957341, 30.1862708], [80.9995681, 30.1902962], [81.028871, 30.1950075], [81.035143, 30.197909], [81.034449, 30.201625], [81.044063, 30.205043], [81.044789, 30.210512], [81.029791, 30.219528], [81.029962, 30.225639], [81.02633, 30.227219], [81.03086, 30.247088], [81.012358, 30.253711], [81.004624, 30.263625], [80.981721, 30.270504], [80.950956, 30.270077], [80.936557, 30.263454], [80.929421, 30.265847], [80.925533, 30.272726], [80.930361, 30.278452], [80.927156, 30.283195], [80.914594, 30.286827], [80.907051, 30.296946], [80.907084, 30.303679], [80.885421, 30.299873], [80.873613, 30.301174], [80.872605, 30.305826], [80.860895, 30.31425], [80.846648, 30.316852], [80.833344, 30.313242], [80.825505, 30.314933], [80.818382, 30.322707], [80.801598, 30.323033], [80.801956, 30.332921], [80.787904, 30.340012], [80.7845624, 30.3454341], [80.7862599, 30.3538756], [80.777918, 30.3553], [80.765298, 30.372409], [80.7504, 30.379858], [80.749684, 30.386656], [80.741292, 30.39147], [80.734136, 30.40061], [80.707301, 30.417394], [80.699723, 30.413556], [80.688435, 30.41502], [80.686321, 30.420256], [80.677734, 30.423216], [80.677571, 30.429201], [80.658315, 30.44218], [80.641239, 30.45093], [80.636913, 30.450377], [80.623869, 30.462867], [80.613623, 30.459289], [80.60663, 30.471487], [80.565157, 30.46381], [80.565548, 30.460037], [80.558912, 30.453825], [80.548699, 30.448685], [80.5411422, 30.4488235], [80.527782, 30.458536], [80.524432, 30.467221], [80.518284, 30.472425], [80.507225, 30.475678], [80.499158, 30.487941], [80.488522, 30.484623], [80.483415, 30.490218], [80.465102, 30.490706], [80.445976, 30.496886], [80.428639, 30.512857], [80.416051, 30.517345], [80.418295, 30.523591], [80.410424, 30.524664], [80.397933, 30.518256], [80.3856152, 30.5172278], [80.379165, 30.519492], [80.377019, 30.523753], [80.36456, 30.527527], [80.345478, 30.520332], [80.338549, 30.525374], [80.335069, 30.53536], [80.319131, 30.545443], [80.320692, 30.548761], [80.31539, 30.564537], [80.283286, 30.569839], [80.270925, 30.566781], [80.26224, 30.56818], [80.254515, 30.564569], [80.23656, 30.578621], [80.218345, 30.58015], [80.207926, 30.588318], [80.216319, 30.609918], [80.211668, 30.626376], [80.219214, 30.633662], [80.219409, 30.64277], [80.207211, 30.649698], [80.192574, 30.666027], [80.196803, 30.672663], [80.197811, 30.686161], [80.232973, 30.690488], [80.233103, 30.7088], [80.248781, 30.720413], [80.248098, 30.743572], [80.240649, 30.749297], [80.238638, 30.762319], [80.21885, 30.751543], [80.21254, 30.752681], [80.207986, 30.759642], [80.197187, 30.76566], [80.197187, 30.773076], [80.200472, 30.775873], [80.191592, 30.787908], [80.185509, 30.791226], [80.179362, 30.806026], [80.172791, 30.809018], [80.158219, 30.806937], [80.152754, 30.794284], [80.154251, 30.789567], [80.142769, 30.792104], [80.139841, 30.788168], [80.129205, 30.785827], [80.12696, 30.780004], [80.112388, 30.779679], [80.100516, 30.79051], [80.0878644, 30.7957184], [80.074006, 30.820566], [80.054002, 30.838813], [80.049285, 30.84122], [80.042194, 30.836927], [80.031916, 30.84083], [80.008171, 30.866245], [79.996644, 30.865864], [79.988707, 30.876923], [79.968964, 30.880605], [79.961515, 30.888541], [79.950196, 30.883142], [79.939787, 30.883988], [79.93403, 30.879206], [79.930972, 30.88054], [79.908398, 30.914693], [79.888784, 30.917653], [79.886605, 30.930014], [79.888589, 30.937365], [79.883782, 30.939803], [79.882148, 30.955117], [79.876393, 30.965766], [79.866039, 30.971783], [79.855718, 30.975884], [79.837733, 30.971144], [79.831884, 30.973397], [79.816588, 30.971682], [79.808217, 30.980288], [79.797392, 30.97854], [79.792081, 30.986171], [79.775642, 30.986541], [79.752312, 31.005804], [79.734932, 30.979515], [79.716577, 30.974674], [79.707585, 30.976042], [79.700733, 30.970731], [79.674578, 30.982438], [79.665555, 30.982895], [79.662985, 30.971874], [79.665783, 30.967248], [79.663156, 30.96445], [79.635117, 30.953085], [79.620155, 30.950915], [79.614712, 30.943851], [79.600909, 30.938809], [79.58772, 30.947335], [79.5685212, 30.9502], [79.5650576, 30.9557477], [79.552631, 30.957968], [79.550451, 30.965124], [79.541409, 30.972735], [79.538254, 30.980346], [79.516038, 30.997456], [79.519518, 31.005522], [79.516363, 31.012516], [79.509077, 31.015118], [79.50989, 31.025527], [79.506865, 31.03239], [79.498213, 31.030796], [79.471443, 31.034764], [79.438818, 31.023705], [79.427466, 31.022924], [79.419464, 31.042636], [79.41957, 31.06292], [79.412382, 31.0723409], [79.417254, 31.08576], [79.412762, 31.108019], [79.402954, 31.115251], [79.3909, 31.117464], [79.376666, 31.113468], [79.367703, 31.11819], [79.364994, 31.123837], [79.352082, 31.12245], [79.342075, 31.126974], [79.338608, 31.132787], [79.325695, 31.135429], [79.312353, 31.148275], [79.304725, 31.169576], [79.308853, 31.172879], [79.300861, 31.219047], [79.28884, 31.226444], [79.282697, 31.238895], [79.260604, 31.239786], [79.239072, 31.25544], [79.226325, 31.260592], [79.232203, 31.268947], [79.246569, 31.276939], [79.249211, 31.284667], [79.250069, 31.293649], [79.228967, 31.303689], [79.220248, 31.316502], [79.223914, 31.326377], [79.236496, 31.334996], [79.224442, 31.345564], [79.215856, 31.348833], [79.213412, 31.353985], [79.192276, 31.354877], [79.170612, 31.363133], [79.168664, 31.374394], [79.17725, 31.385491], [79.170909, 31.399064], [79.165361, 31.397445], [79.154661, 31.40907], [79.15126, 31.417557], [79.14373, 31.424261], [79.142343, 31.432088], [79.109121, 31.444902], [79.099114, 31.454677], [79.086036, 31.450417], [79.075166, 31.459016], [79.068627, 31.450165], [79.068925, 31.440819], [79.060767, 31.429558], [79.05446, 31.429492], [79.049737, 31.425628], [79.044783, 31.43329], [79.037122, 31.433224], [79.025894, 31.430086], [79.023747, 31.425991], [79.018892, 31.426718], [79.015788, 31.411295], [79.018034, 31.390985], [79.010108, 31.382168], [79.011561, 31.371105], [79.018959, 31.357895], [79.018694, 31.349011], [79.000465, 31.341845], [78.987651, 31.347954], [78.989203, 31.356211], [78.979362, 31.363938], [78.9697289, 31.3569773], [78.943861, 31.365656], [78.941582, 31.350662], [78.93217, 31.341944], [78.925301, 31.327248], [78.917573, 31.321766], [78.917144, 31.31493], [78.897494, 31.302645], [78.901853, 31.29571], [78.899509, 31.289732], [78.8833896, 31.286193], [78.876979, 31.302394], [78.861582, 31.3153], [78.851397, 31.308905], [78.851992, 31.303522], [78.856681, 31.299724], [78.853411, 31.294407], [78.827025, 31.295563], [78.81474, 31.301045], [78.81223, 31.306758], [78.792184, 31.304116], [78.778182, 31.312339], [78.778049, 31.319902], [78.768439, 31.326309], [78.773822, 31.333343], [78.763288, 31.341071], [78.769529, 31.349029], [78.755527, 31.358342], [78.749516, 31.367787], [78.757145, 31.37284], [78.753017, 31.384927], [78.761537, 31.40068], [78.768836, 31.406195], [78.782541, 31.428652], [78.796114, 31.437568], [78.796741, 31.444074], [78.775276, 31.454213], [78.767779, 31.47307], [78.757541, 31.482878], [78.74912, 31.485124], [78.739906, 31.481128], [78.725838, 31.483803], [78.727291, 31.490176], [78.720455, 31.508868], [78.735283, 31.536477], [78.744298, 31.54219], [78.758136, 31.542454], [78.761636, 31.548597], [78.775209, 31.543577], [78.78013, 31.555862], [78.803412, 31.565571], [78.806451, 31.577229], [78.822401, 31.578649], [78.82326, 31.585089], [78.832936, 31.597968], [78.840697, 31.59744], [78.846641, 31.609164], [78.841622, 31.621911], [78.828379, 31.625049], [78.819033, 31.637235], [78.808432, 31.639117], [78.801893, 31.647571], [78.798261, 31.658932], [78.800836, 31.677458], [78.798756, 31.681553], [78.767779, 31.674651], [78.751134, 31.680167], [78.748856, 31.684757], [78.753677, 31.688951], [78.753644, 31.695325], [78.745025, 31.705628], [78.742845, 31.718904], [78.734325, 31.723825], [78.729999, 31.733204], [78.727225, 31.74321], [78.729438, 31.745456], [78.724351, 31.751929], [78.725474, 31.758071], [78.7057113, 31.774002], [78.7069902, 31.7851858], [78.702103, 31.806491], [78.717958, 31.823072], [78.7341967, 31.8320867], [78.739152, 31.8423404], [78.7415563, 31.8610171], [78.7489956, 31.8733883], [78.7412784, 31.8854712], [78.746761, 31.8919462], [78.7427484, 31.9022342], [78.750159, 31.908004], [78.751296, 31.913689], [78.7603952, 31.9241221], [78.7644752, 31.9237394], [78.7693776, 31.9285752], [78.769541, 31.9420346], [78.763302, 31.949049], [78.766548, 31.961147], [78.779118, 31.966646], [78.773303, 31.974044], [78.7752529, 31.9893307], [78.7788651, 31.9935742], [78.769672, 31.996925], [78.766863, 32.003567], [78.739803, 32.001422], [78.734384, 32.004954], [78.734263, 32.013224], [78.727559, 32.016918], [78.720894, 32.029805], [78.721938, 32.039761], [78.712705, 32.046626], [78.705739, 32.064442], [78.691533, 32.07049], [78.682642, 32.0801], [78.690747, 32.088112], [78.6927864, 32.0967236], [78.6825198, 32.1148467], [78.6571336, 32.1161402], [78.6314525, 32.1259138], [78.626817, 32.137936], [78.611319, 32.151299], [78.59675, 32.158104], [78.591592, 32.167153], [78.599978, 32.174481], [78.599019, 32.193908], [78.595748, 32.197991], [78.580108, 32.203893], [78.559918, 32.202245], [78.553618, 32.214304], [78.543256, 32.221883], [78.537604, 32.237159], [78.525045, 32.246593], [78.520188, 32.261967], [78.497731, 32.275732], [78.488363, 32.275637], [78.496834, 32.286058], [78.499164, 32.295018], [78.510376, 32.303065], [78.503797, 32.309775], [78.502356, 32.319238], [78.497358, 32.324564], [78.478811, 32.325087], [78.475938, 32.33233], [78.482011, 32.347464], [78.479616, 32.349808], [78.485231, 32.358946], [78.480975, 32.366482], [78.469419, 32.364916], [78.454345, 32.386462], [78.457478, 32.391694], [78.468384, 32.393881], [78.470926, 32.397103], [78.4724284, 32.4434269], [78.4654731, 32.4448179], [78.4617032, 32.4498807], [78.462266, 32.454944], [78.4501987, 32.4609954], [78.454965, 32.471319], [78.440424, 32.479831], [78.439035, 32.485565], [78.427389, 32.49718], [78.4289188, 32.5036555], [78.417004, 32.5164531], [78.4102639, 32.5181553], [78.410867, 32.522717], [78.407734, 32.525495], [78.3960559, 32.5293697], [78.3929418, 32.5395644], [78.4061822, 32.5464752], [78.414654, 32.566086], [78.420012, 32.56934], [78.448672, 32.573974], [78.453766, 32.581337], [78.466593, 32.581289], [78.479127, 32.576293], [78.492345, 32.585228], [78.500948, 32.583603], [78.5171952, 32.6022089], [78.5160876, 32.6145806], [78.5230386, 32.6139162], [78.52513, 32.6202087], [78.5274517, 32.6116797], [78.5414067, 32.6120943], [78.545969, 32.613551], [78.5463776, 32.6177987], [78.556158, 32.6170653], [78.5583847, 32.6226412], [78.5634255, 32.6158458], [78.5692832, 32.6157424], [78.5705471, 32.6238745], [78.5764507, 32.6240103], [78.5940858, 32.6080995], [78.5982079, 32.6002921], [78.6324328, 32.6051113], [78.6410247, 32.6097173], [78.6354336, 32.6306284], [78.631045, 32.6356322], [78.6341099, 32.6453678], [78.6423876, 32.6449681], [78.6489733, 32.651464], [78.7104797, 32.6681214], [78.723049, 32.674252], [78.7394997, 32.6957352], [78.749869, 32.686577], [78.740502, 32.662847], [78.742145, 32.655287], [78.751776, 32.64615], [78.751711, 32.640886], [78.770465, 32.630432], [78.773919, 32.619104], [78.78136, 32.616313], [78.774384, 32.585419], [78.761927, 32.579439], [78.757475, 32.567181], [78.763987, 32.547681], [78.771029, 32.538878], [78.767342, 32.536752], [78.770132, 32.524826], [78.780829, 32.515658], [78.777939, 32.511273], [78.780065, 32.503267], [78.777607, 32.497354], [78.781792, 32.485727], [78.779367, 32.479016], [78.795711, 32.47493], [78.8087, 32.438256], [78.816872, 32.431745], [78.832187, 32.427891], [78.833382, 32.41756], [78.838598, 32.41271], [78.843581, 32.410551], [78.854543, 32.414437], [78.868629, 32.413507], [78.881983, 32.398193], [78.892347, 32.400518], [78.895503, 32.394904], [78.90218, 32.394605], [78.905502, 32.389323], [78.901981, 32.380985], [78.907529, 32.372514], [78.93736, 32.359127], [78.939619, 32.354808], [78.968287, 32.33574], [78.975828, 32.342816], [78.990179, 32.37082], [79.013599, 32.381218], [79.022801, 32.383311], [79.029678, 32.380055], [79.060389, 32.387138], [79.08135, 32.379498], [79.086832, 32.372389], [79.100153, 32.370628], [79.104671, 32.375013], [79.101581, 32.386607], [79.104505, 32.390826], [79.10012, 32.394945], [79.105435, 32.407469], [79.113009, 32.411688], [79.114338, 32.418298], [79.125134, 32.419096], [79.12643, 32.421654], [79.122211, 32.434809], [79.117261, 32.437931], [79.121115, 32.447665], [79.117527, 32.454475], [79.119553, 32.45886], [79.127725, 32.461351], [79.132044, 32.469457], [79.129253, 32.476599], [79.131546, 32.480951], [79.149152, 32.476865], [79.150813, 32.488159], [79.155563, 32.494538], [79.183966, 32.497826], [79.181242, 32.503341], [79.182709, 32.510799], [79.188294, 32.515877], [79.20048, 32.514365], [79.204504, 32.510322], [79.220914, 32.509591], [79.220715, 32.522447], [79.223373, 32.524706], [79.23181, 32.519391], [79.248154, 32.5167], [79.252573, 32.521418], [79.251111, 32.526766], [79.256193, 32.5362], [79.267449, 32.538588], [79.276039, 32.556002], [79.283482, 32.550054], [79.282928, 32.546235], [79.293452, 32.539559], [79.308175, 32.551162], [79.307854, 32.556672], [79.311149, 32.560112], [79.321614, 32.559004], [79.331177, 32.565447], [79.333859, 32.558304], [79.34001, 32.554136], [79.334529, 32.549675], [79.333917, 32.542562], [79.350972, 32.528539], [79.356025, 32.526552], [79.361438, 32.531979], [79.367269, 32.532445], [79.38626, 32.525734], [79.399576, 32.525843], [79.4068086, 32.5191617], [79.4134632, 32.5202315], [79.417967, 32.527023], [79.417806, 32.533497], [79.413597, 32.538081], [79.4148053, 32.5422657], [79.4096623, 32.556244], [79.3989122, 32.5674128], [79.4003522, 32.6102956], [79.403491, 32.6190498], [79.416175, 32.6325663], [79.4138363, 32.6397381], [79.4295585, 32.667276], [79.4332662, 32.6795273], [79.456228, 32.6988386], [79.460728, 32.7098224], [79.4427805, 32.7220937], [79.4397771, 32.7278151], [79.4152077, 32.7356871], [79.4162402, 32.7424811], [79.4238479, 32.7433861], [79.415618, 32.7564188], [79.4069967, 32.7854596], [79.3888485, 32.7940485], [79.3872957, 32.8005508], [79.3765475, 32.8110806], [79.3610196, 32.8405836], [79.3541048, 32.8431797], [79.3491068, 32.8516229], [79.3418766, 32.8521567], [79.3226366, 32.8698925], [79.3209382, 32.8828728], [79.3024018, 32.8869489], [79.3028385, 32.8922381], [79.3138051, 32.9002446], [79.3021835, 32.9116237], [79.3021835, 32.9208433], [79.3075212, 32.9269089], [79.2855638, 32.9360801], [79.2838411, 32.9526512], [79.2613742, 32.9665293], [79.2436112, 32.9620367], [79.2436365, 32.9666364], [79.2353974, 32.9750777], [79.2249749, 32.9709456], [79.2218542, 32.9636307], [79.2153275, 32.9613436], [79.2102286, 32.9660266], [79.2025374, 32.9671916], [79.2005341, 32.9805865], [79.1890465, 32.9871146], [79.1793875, 32.9828754], [79.1749633, 32.9857514], [79.1764089, 32.993349], [79.1693728, 32.9988535], [79.1685773, 33.0095598], [79.1606368, 33.0150972], [79.1431785, 33.1056724], [79.1505637, 33.1218691], [79.1575687, 33.1286557], [79.1595209, 33.1362062], [79.153092, 33.160722], [79.164723, 33.169688], [79.163905, 33.173476], [79.15629, 33.176823], [79.129679, 33.200229], [79.124365, 33.20262], [79.107388, 33.19975], [79.10319, 33.206977], [79.084645, 33.219863], [79.071653, 33.224247], [79.066924, 33.236707], [79.079942, 33.244917], [79.052417, 33.261815], [79.045137, 33.260779], [79.035201, 33.272681], [79.033607, 33.27842], [79.039292, 33.286311], [79.038495, 33.291147], [79.032198, 33.294441], [79.037778, 33.305414], [79.029063, 33.307832], [79.025052, 33.313863], [79.02622, 33.320744], [79.020322, 33.324783], [79.011076, 33.323454], [79.004487, 33.327254], [78.99564, 33.324703], [78.981824, 33.326696], [78.976643, 33.334454], [78.962535, 33.339475], [78.953608, 33.355629], [78.95576, 33.359189], [78.950447, 33.364317], [78.95406, 33.371464], [78.94771, 33.378292], [78.940111, 33.380019], [78.936447, 33.387175], [78.9095506, 33.3998399], [78.9022084, 33.4104579], [78.8903671, 33.4146587], [78.8700675, 33.4144991], [78.8666313, 33.4179073], [78.8539314, 33.416619], [78.8359291, 33.4266235], [78.8336414, 33.4358789], [78.8393943, 33.4395164], [78.8304416, 33.4429171], [78.8241679, 33.4540851], [78.8163653, 33.4594952], [78.8101996, 33.4754285], [78.814993, 33.4832804], [78.784526, 33.5056837], [78.7695674, 33.5268683], [78.7615013, 33.5286956], [78.7556219, 33.5427182], [78.7340354, 33.5654999], [78.7330083, 33.5690301], [78.7417393, 33.5778536], [78.7409785, 33.600818], [78.7488177, 33.6059596], [78.7530383, 33.61164], [78.752978, 33.6181866], [78.7580634, 33.6234365], [78.7510081, 33.6278404], [78.7177312, 33.6227228], [78.6967807, 33.6387831], [78.6963383, 33.6454168], [78.7059688, 33.6508868], [78.7121701, 33.6629071], [78.7249856, 33.6652094], [78.7431241, 33.6781377], [78.7650157, 33.7273808], [78.7752406, 33.7378895], [78.7760706, 33.7467894], [78.7633203, 33.7591708], [78.7643348, 33.7740654], [78.754213, 33.7842564], [78.7653737, 33.8358769], [78.7603406, 33.8458002], [78.7601247, 33.8573712], [78.7512873, 33.8847988], [78.7608534, 33.8894399], [78.7608228, 33.9031797], [78.7640569, 33.9048919], [78.76411, 33.9102019], [78.7623447, 33.9145308], [78.7494071, 33.914683], [78.7461499, 33.9193074], [78.7281399, 33.9233065], [78.7358957, 33.9439173], [78.7338851, 33.9553376], [78.7418471, 33.9769719], [78.739354, 33.9905234], [78.7423297, 34.0000135], [78.7287379, 34.0084581], [78.7267273, 34.0161789], [78.7063907, 34.017656], [78.7014839, 34.027881], [78.686029, 34.0234149], [78.6771556, 34.024267], [78.669, 34.0320079], [78.6561247, 34.0322576], [78.65363, 34.0556402], [78.6700057, 34.0606948], [78.6645418, 34.0721317], [78.6574443, 34.0743787], [78.6611892, 34.0845791], [78.6696832, 34.0918755], [78.6752702, 34.0900608], [78.6811287, 34.0797156], [78.6847906, 34.0795811], [78.6955, 34.0839248], [78.6923172, 34.088568], [78.6951256, 34.0919381], [78.7057975, 34.0946341], [78.7150466, 34.090253], [78.742262, 34.0923607], [78.744259, 34.0895311], [78.7512856, 34.0985521], [78.7598811, 34.0994412], [78.7605398, 34.106917], [78.7693329, 34.1086954], [78.7772038, 34.1169945], [78.7851736, 34.120189], [78.7864396, 34.128538], [78.7946862, 34.1378461], [78.8133104, 34.1324851], [78.8261029, 34.1246806], [78.8336727, 34.1274972], [78.8351896, 34.1350936], [78.841636, 34.1422599], [78.8537106, 34.14154], [78.8587172, 34.1453358], [78.856852, 34.1520112], [78.8620876, 34.1656239], [78.8726244, 34.1651657], [78.8835865, 34.1520439], [78.8905237, 34.1478882], [78.8978847, 34.1483879], [78.904326, 34.141046], [78.9076035, 34.141595], [78.9088683, 34.149816], [78.9256764, 34.1544091], [78.9257096, 34.1642609], [78.9284056, 34.1668903], [78.9236794, 34.1725152], [78.9329987, 34.1868935], [78.9356613, 34.2039013], [78.9437825, 34.2250029], [78.9528355, 34.2277321], [78.9616223, 34.236652], [78.9592259, 34.2441407], [78.9634529, 34.248867], [78.9648508, 34.2667734], [78.969577, 34.2803529], [78.9853436, 34.2986856], [78.9798925, 34.306473], [78.979784, 34.3150679], [79.0286922, 34.3167147], [79.0449427, 34.3262331], [79.0391958, 34.3340633], [79.008522, 34.3455444], [78.9978813, 34.3538599], [78.9867854, 34.3547742], [78.9718723, 34.3618243], [78.9635896, 34.3715659], [78.9635398, 34.3873175], [78.9498168, 34.3894029], [78.9431572, 34.387183], [78.9316539, 34.3800164], [78.9263713, 34.3653048], [78.9064677, 34.3654502], [78.9036784, 34.3539985], [78.8883437, 34.3588707], [78.8682653, 34.3780475], [78.8789091, 34.3914389], [78.8778298, 34.3953938], [78.8693773, 34.4028365], [78.8614086, 34.4048677], [78.8511482, 34.4152844], [78.8457055, 34.4179667], [78.8245858, 34.4179146], [78.816617, 34.421925], [78.8132576, 34.4289562], [78.8078931, 34.4298156], [78.8051327, 34.4360916], [78.7829973, 34.4426541], [78.7770598, 34.4382271], [78.764039, 34.4397896], [78.757138, 34.4480708], [78.7473724, 34.4501802], [78.7384661, 34.4565343], [78.7387265, 34.4593468], [78.7569557, 34.4658572], [78.7548984, 34.4740864], [78.7619817, 34.4812218], [78.7428126, 34.4919914], [78.7179042, 34.500692], [78.714826, 34.5039273], [78.7152344, 34.5158004], [78.7105542, 34.5196324], [78.7097062, 34.5258831], [78.685426, 34.5268254], [78.6822535, 34.5307203], [78.6620059, 34.5337973], [78.6488607, 34.5403891], [78.64475, 34.5381434], [78.637412, 34.5426268], [78.6247324, 34.5380922], [78.6129483, 34.5397562], [78.6024465, 34.5314963], [78.5915317, 34.5281629], [78.5931837, 34.5162451], [78.5879918, 34.5110827], [78.5883752, 34.5071298], [78.5799089, 34.5043863], [78.5594658, 34.5117907], [78.5604097, 34.5152716], [78.5558668, 34.521319], [78.5610587, 34.5270124], [78.5564273, 34.5333548], [78.5604982, 34.5400217], [78.5607637, 34.5560104], [78.5561323, 34.5564824], [78.5517074, 34.5622643], [78.5519156, 34.5715444], [78.5405395, 34.5722719], [78.5317408, 34.5775126], [78.5134704, 34.5736181], [78.5034698, 34.5778972], [78.4982291, 34.5841476], [78.4918825, 34.5796281], [78.4834685, 34.5801089], [78.4749584, 34.5681851], [78.4592362, 34.5689063], [78.4517839, 34.5596269], [78.4514954, 34.5521745], [78.4460143, 34.5434239], [78.4354847, 34.5419334], [78.4263976, 34.5606846], [78.4313018, 34.5707333], [78.430244, 34.5878498], [78.4219262, 34.5947733], [78.4068291, 34.5963599], [78.3832292, 34.6071385], [78.3715788, 34.605879], [78.3650844, 34.6086341], [78.3571338, 34.603478], [78.3370998, 34.6035174], [78.3278896, 34.6119403], [78.2956148, 34.617372], [78.2901044, 34.6151285], [78.272983, 34.6297702], [78.2687715, 34.6377209], [78.2691258, 34.6499617], [78.2620411, 34.660943], [78.2783929, 34.676011], [78.2748565, 34.6859708], [78.2758669, 34.6960388], [78.2720418, 34.7013074], [78.2648607, 34.7020652], [78.2593034, 34.707875], [78.2474126, 34.7087607], [78.24108, 34.714587], [78.2107316, 34.7190978], [78.2022153, 34.7354448], [78.2040659, 34.7535831], [78.2100854, 34.7597292], [78.2126343, 34.7694408], [78.2270877, 34.7744611], [78.226781, 34.7869778], [78.2322691, 34.7983166], [78.231342, 34.8044993], [78.2255444, 34.8111977], [78.2297711, 34.8195052], [78.228095, 34.8257723], [78.2346171, 34.8392538], [78.2281669, 34.8525856], [78.2372173, 34.8697883], [78.2358356, 34.8807732], [78.2253343, 34.8891327], [78.2031527, 34.8913167], [78.207457, 34.9030758], [78.1978278, 34.9088889], [78.1964078, 34.9146131], [78.1785251, 34.9285466], [78.1736883, 34.9373327], [78.1771938, 34.9416369], [78.184262, 34.940614], [78.202275, 34.9547865], [78.2014758, 34.9730838], [78.1936594, 34.9753217], [78.1764697, 34.9879059], [78.1715398, 34.9860572], [78.1579907, 34.9887481], [78.1461307, 35.0015621], [78.1427367, 35.0109748], [78.1278382, 35.0191053], [78.1290121, 35.0238424], [78.1145094, 35.0318238], [78.1209683, 35.0451409], [78.1377266, 35.0512056], [78.1336172, 35.0610375], [78.1463516, 35.0705094], [78.1323641, 35.0883544], [78.1353257, 35.0948636], [78.1317505, 35.0996975], [78.1124265, 35.1063557], [78.1105639, 35.1179837], [78.1022595, 35.1202253], [78.0989208, 35.1360068], [78.1042931, 35.1452845], [78.1007353, 35.1497363], [78.1043828, 35.1662284], [78.1013117, 35.1688685], [78.0879195, 35.1668792], [78.0881579, 35.1755906], [78.0731189, 35.1766119], [78.0660928, 35.1740799], [78.0551339, 35.1781835], [78.0377478, 35.2008955], [78.0282657, 35.2048771], [78.0218623, 35.2162884], [78.0150363, 35.2157457], [78.0109025, 35.2294648], [78.005361, 35.2289312], [78.0077828, 35.2389469], [78.0032132, 35.2394089], [78.0113474, 35.27413], [78.0143014, 35.3631302], [78.0409851, 35.3772905], [78.0580813, 35.4034896], [78.1009592, 35.43033], [78.1071934, 35.4391815], [78.1041001, 35.4451778], [78.1104294, 35.4700669], [78.1372832, 35.4916809], [78.1173193, 35.4927235], [78.1143378, 35.495967], [78.0981158, 35.4995308], [78.0850696, 35.4969453], [78.0812096, 35.4925291], [78.0761176, 35.4955748], [78.0705246, 35.4935156], [78.0660129, 35.4867404], [78.0463743, 35.4905779], [78.039807, 35.4887695], [78.0354764, 35.482916], [78.0333928, 35.4697536], [78.0249689, 35.4682598], [78.0094406, 35.4817467], [78.0066215, 35.4899609], [78.0006402, 35.4942616], [77.9947134, 35.4897179], [77.9689933, 35.4957707], [77.9665401, 35.4812149], [77.955491, 35.4838038], [77.9476781, 35.478626], [77.9355195, 35.4910158], [77.923038, 35.4977739], [77.9173362, 35.4883441], [77.9215028, 35.4824533], [77.9109904, 35.4620991], [77.9012683, 35.466146], [77.8967612, 35.4742201], [77.888936, 35.4796756], [77.8821897, 35.4796721], [77.8759811, 35.4869313], [77.8765798, 35.4908106], [77.8669243, 35.4982086], [77.8601048, 35.5001496], [77.8536394, 35.4906669], [77.8442764, 35.4968929], [77.840062, 35.5040705], [77.8279398, 35.5039801], [77.822616, 35.5141799], [77.8131712, 35.5220657], [77.8044379, 35.5202582], [77.7980571, 35.5096319], [77.7837039, 35.5048562], [77.7799063, 35.4981911], [77.7592225, 35.5027524], [77.7544884, 35.4974724], [77.7428959, 35.4966941], [77.7283517, 35.4747594], [77.7342433, 35.4684271], [77.7186072, 35.4612932], [77.6971051, 35.4636291], [77.6903349, 35.4515989], [77.6865537, 35.4530095], [77.6818671, 35.4628214], [77.6709512, 35.4668451], [77.6523853, 35.4869248], [77.6362238, 35.4833191], [77.6421674, 35.4663889], [77.6295214, 35.4622066], [77.6048052, 35.4730055], [77.5944331, 35.4683564], [77.5943112, 35.4631289], [77.5791669, 35.4702735], [77.582304, 35.479914], [77.5756757, 35.479783], [77.5723914, 35.4835405], [77.5584395, 35.4878445], [77.5426207, 35.4833251], [77.5357661, 35.4884456], [77.5251038, 35.4840224], [77.5052144, 35.4861116], [77.4823082, 35.4804003], [77.4450559, 35.461418], [77.4283524, 35.4661451], [77.4236, 35.4710269], [77.4076626, 35.4734796], [77.3939442, 35.4702638], [77.3797326, 35.4744951], [77.3705665, 35.4894453], [77.3710266, 35.4985043], [77.3632717, 35.4997738], [77.3564366, 35.4933119], [77.3419988, 35.5011907], [77.3355624, 35.5136201], [77.3397085, 35.5179584], [77.3384655, 35.5259156], [77.3192049, 35.5383432], [77.3140185, 35.536475], [77.3107124, 35.5426583], [77.3033864, 35.5461575], [77.2989979, 35.5428966], [77.2936575, 35.5452185], [77.2827817, 35.5380364], [77.2738966, 35.5363302], [77.2645061, 35.5407887], [77.2499302, 35.5307896], [77.2285927, 35.529157], [77.207805, 35.520347], [77.1912534, 35.5204854], [77.1698663, 35.5354149], [77.1488288, 35.5387256], [77.1371452, 35.5511688], [77.1188478, 35.5570055], [77.111333, 35.5637683], [77.0938846, 35.5648084], [77.0854778, 35.5711491], [77.0652544, 35.5966953], [77.0560227, 35.5997054], [77.0283566, 35.600365], [77.0135647, 35.6092699], [76.9947443, 35.6123716], [76.9831653, 35.5980688], [76.9737436, 35.6005869], [76.965033, 35.593833], [76.95756, 35.5956164], [76.9313465, 35.6101367], [76.9187323, 35.6107075], [76.8994697, 35.617946], [76.8985568, 35.6252536], [76.8606257, 35.6522759], [76.8544312, 35.6670967], [76.8485253, 35.6726639], [76.8281028, 35.6670059], [76.8141586, 35.6700256], [76.8049884, 35.6637202], [76.7816045, 35.6611327], [76.777075, 35.6583447], [76.7821233, 35.642549], [76.7748145, 35.6391754], [76.7619059, 35.6398999], [76.7475818, 35.6318687], [76.7591802, 35.6253527], [76.7788668, 35.6060543], [76.793694, 35.5880725], [76.7941489, 35.5829351], [76.7857032, 35.5767293], [76.7763648, 35.5789632], [76.766314, 35.5625987], [76.7497487, 35.5550366], [76.7478433, 35.5387091], [76.7534823, 35.5354684], [76.7529931, 35.5290004], [76.758185, 35.5253968], [76.7587773, 35.5183762], [76.7747675, 35.5157564], [76.7893673, 35.5185858], [76.7963368, 35.5169301], [76.7909552, 35.4968774], [76.8040787, 35.4837321], [76.8037611, 35.4791821], [76.8154341, 35.4609656], [76.8383509, 35.4428429], [76.8414837, 35.4301294], [76.8314673, 35.4207293], [76.8468911, 35.4059556], [76.8473288, 35.3995612], [76.8625895, 35.3896328], [76.8845622, 35.3859102], [76.9082772, 35.3896048], [76.9189459, 35.4013942], [76.9398028, 35.3968466], [76.9476134, 35.3928654], [76.954497, 35.3826703], [76.9506175, 35.3777857], [76.9585053, 35.3627101], [76.9686762, 35.3591332], [76.98301, 35.3601272], [76.9867093, 35.3564523], [76.9850699, 35.350306], [76.9777657, 35.3449643], [76.9870955, 35.3364086], [76.9901339, 35.3274107], [76.9880901, 35.3213428], [76.9834851, 35.319817], [76.984203, 35.3163529], [76.9985844, 35.311291], [77.021661, 35.2954455], [77.006416, 35.2944708], [76.9974381, 35.2884879], [76.9987485, 35.2799806], [76.9920163, 35.2756663], [76.9945894, 35.2690447], [76.9829589, 35.2663497], [76.9771134, 35.2603541], [76.9748722, 35.251321], [77.0007082, 35.2384709], [77.0041281, 35.2324808], [76.9906239, 35.2106346], [77.0049148, 35.2010897], [77.0085025, 35.1891238], [77.0174718, 35.1829928], [77.0432982, 35.1823895], [77.0529714, 35.1766018], [77.0664296, 35.1761388], [77.0870052, 35.1678323], [77.0841965, 35.1642907], [77.0868566, 35.1544863], [77.0819983, 35.1414817], [77.0693149, 35.1354305], [77.0704553, 35.1237956], [77.0818117, 35.1165148], [77.07824, 35.1048653], [77.0826356, 35.0979979], [77.1113362, 35.0891261], [77.1203914, 35.065026], [77.1167373, 35.0534354], [77.1104407, 35.0488686], [77.0880881, 35.0433028], [77.077846, 35.0547274], [77.0724494, 35.0506858], [77.0671342, 35.0529325], [77.0468109, 35.0514566], [77.0374524, 35.0381992], [77.0152551, 35.0356689], [77.0118029, 35.0265472], [76.9981766, 35.0198914], [76.980717, 35.0165792], [76.9624761, 35.0179918], [76.9502796, 35.0089307], [76.9348444, 35.005919], [76.9351623, 35.0004654], [76.9410488, 34.9947758], [76.9409174, 34.9871615], [76.9372671, 34.9806772], [76.927958, 34.9765502], [76.9311308, 34.970612], [76.9250394, 34.9582418], [76.9156655, 34.9458057], [76.9074056, 34.9436842], [76.9076496, 34.9355044], [76.8979006, 34.9259701], [76.8899418, 34.9276289], [76.8879727, 34.9322985], [76.8816942, 34.9334349], [76.8757204, 34.9408219], [76.8676267, 34.9410587], [76.8613212, 34.9482902], [76.8500287, 34.9502016], [76.8391955, 34.9472656], [76.8302945, 34.9548731], [76.807702, 34.9490735], [76.7909398, 34.9530752], [76.777007, 34.9421359], [76.7758585, 34.9335296], [76.7634058, 34.9307175], [76.7577322, 34.9215597], [76.756628, 34.9130722], [76.7618673, 34.8996986], [76.745396, 34.8883506], [76.748586, 34.876577], [76.7421705, 34.8598166], [76.7469873, 34.8414115], [76.7424672, 34.8259708], [76.7319869, 34.8184617], [76.7364457, 34.805465], [76.7017253, 34.7957801], [76.6980291, 34.7851109], [76.7040597, 34.77788], [76.7010719, 34.7683849], [76.6897879, 34.7616443], [76.6975773, 34.7582841], [76.6981583, 34.755031], [76.6968004, 34.750538], [76.688577, 34.7457025], [76.6744865, 34.7457581], [76.6578933, 34.7363009], [76.6425068, 34.7337413], [76.6385805, 34.7394579], [76.6403405, 34.7467118], [76.6318305, 34.7520728], [76.6361109, 34.7612016], [76.6337574, 34.7642809], [76.6225048, 34.761456], [76.6102058, 34.7455187], [76.597098, 34.7466442], [76.5813387, 34.7503062], [76.5787106, 34.759018], [76.5664403, 34.7584371], [76.5595351, 34.7650823], [76.5503749, 34.7615151], [76.5319027, 34.7652359], [76.5188547, 34.7781493], [76.5174837, 34.7831044], [76.520535, 34.7863484], [76.4865853, 34.796098], [76.4790986, 34.7889101], [76.4635859, 34.7847914], [76.4571079, 34.7786638], [76.4532652, 34.766981], [76.4428845, 34.764125], [76.4432402, 34.7505125], [76.4306963, 34.7468098], [76.419387, 34.737644], [76.4134682, 34.7416754], [76.4001914, 34.7397978], [76.3861948, 34.733088], [76.3603306, 34.7331887], [76.3281154, 34.7196044], [76.3088893, 34.7222852], [76.2937524, 34.7201256], [76.2786274, 34.7236597], [76.2773104, 34.7203979], [76.2673008, 34.7210323], [76.2575201, 34.7171707], [76.2700645, 34.6983829], [76.2553808, 34.6923754], [76.2517003, 34.6876974], [76.2494798, 34.6842588], [76.2526122, 34.6731866], [76.2408493, 34.6743257], [76.1858526, 34.6577253], [76.1708851, 34.6468403], [76.1632905, 34.6326834], [76.1159327, 34.6392682], [76.1104814, 34.645216], [76.1007729, 34.6477744], [76.1007917, 34.6610008], [76.0889144, 34.6641042], [76.0864276, 34.6717387], [76.0631703, 34.687801], [76.0335806, 34.6856497], [75.988272, 34.6458478], [75.9505178, 34.6323699], [75.8928994, 34.5823803], [75.8357186, 34.5560429], [75.7850992, 34.5136678], [75.6989704, 34.525826], [75.6748332, 34.5334974], [75.6703957, 34.540129], [75.6303429, 34.5371492], [75.5407928, 34.5390892], [75.5347463, 34.5403039], [75.5131896, 34.5559637], [75.4936702, 34.5483298], [75.4882187, 34.5373012], [75.4800172, 34.5336819], [75.4628233, 34.5347389], [75.4522929, 34.5411472], [75.4272363, 34.5445305], [75.4211636, 34.553029], [75.4034333, 34.5587401], [75.4017561, 34.5524467], [75.3956106, 34.5475573], [75.3866202, 34.5468334], [75.3651013, 34.537929], [75.3442609, 34.5628576], [75.3283611, 34.5689777], [75.3198414, 34.5648693], [75.3102408, 34.5779599], [75.2986604, 34.5876841], [75.2895909, 34.5893542], [75.2861067, 34.5955278], [75.2755183, 34.5955861], [75.2640611, 34.6029593], [75.2544045, 34.5990063], [75.248544, 34.6009539], [75.2548121, 34.6188367], [75.262737, 34.6176396], [75.2679417, 34.6206744], [75.270431, 34.6278886], [75.2662228, 34.6383125], [75.2293754, 34.6407862], [75.187144, 34.6485469], [75.1802856, 34.6479401], [75.1765707, 34.6437873], [75.1737691, 34.6508665], [75.1574278, 34.6571365], [75.1419353, 34.654992], [75.1384592, 34.6512146], [75.1261425, 34.6535093], [75.1202631, 34.6476312], [75.1075172, 34.6507204], [75.0970888, 34.6494847], [75.0867461, 34.6549567], [75.0792789, 34.6471194], [75.0617011, 34.6386203], [75.0458707, 34.6344162], [75.0333957, 34.6373447], [75.0251774, 34.6289837], [75.0134253, 34.6394313], [75.0006258, 34.6436726], [74.9962162, 34.6522252], [74.9917585, 34.647554], [74.9838902, 34.6456508], [74.9778552, 34.6535457], [74.93577, 34.6726763], [74.889636, 34.6747586], [74.8728936, 34.6815788], [74.8442628, 34.6773384], [74.8419039, 34.6733948], [74.7383089, 34.6802058], [74.7336991, 34.6831436], [74.7305659, 34.6811952], [74.6508426, 34.7059418], [74.6039432, 34.7377535], [74.5802199, 34.761681], [74.5055037, 34.7696774], [74.4786579, 34.7794668], [74.4743146, 34.7705914], [74.4680367, 34.7713609], [74.4601308, 34.7811481], [74.4484807, 34.7823207], [74.4345687, 34.773179], [74.3956982, 34.7854894], [74.343435, 34.7870742], [74.3237738, 34.7845904], [74.3154296, 34.7800495], [74.309727, 34.7825041], [74.2414768, 34.7270764], [74.2089801, 34.7170025], [74.1582914, 34.6882429], [74.1557602, 34.6810056], [74.1447218, 34.6710367], [74.1465895, 34.6586085], [74.1354748, 34.6609638], [74.1264121, 34.6589626], [74.1141613, 34.6645785], [74.1066368, 34.6799851], [74.0911142, 34.6690842], [74.0834966, 34.6712565], [74.072176, 34.6691946], [74.0541368, 34.6740716], [74.0467162, 34.6724729], [74.0298234, 34.6831881], [73.9869075, 34.6820395], [73.9711566, 34.6872458], [73.9531379, 34.6709315], [73.9563846, 34.6656019], [73.9476099, 34.6552058], [73.9533602, 34.6489654], [73.9375114, 34.6472145], [73.9321485, 34.641444], [73.9334322, 34.6151732], [73.9281996, 34.6075068], [73.9284562, 34.6030914], [73.9529139, 34.5977363], [73.9521398, 34.5829432], [73.9604808, 34.5820165], [73.9516041, 34.5693785], [73.9565744, 34.5663465], [73.9444147, 34.5533564], [73.93876, 34.5536824], [73.9050294, 34.5279357], [73.9117035, 34.5190384], [73.9021236, 34.5115628], [73.8966, 34.5131709], [73.8907741, 34.4997445], [73.8919756, 34.4926446], [73.8824438, 34.4837101], [73.8818309, 34.4746112], [73.8869302, 34.4685899], [73.8856955, 34.4653377], [73.8886803, 34.4652095], [73.8878311, 34.4528662], [73.8799049, 34.4532811], [73.8481463, 34.4307499], [73.8429643, 34.4351351], [73.8403292, 34.4327776], [73.8429815, 34.4271056], [73.8408422, 34.4260503], [73.804728, 34.4270698], [73.8021641, 34.4189286], [73.775442, 34.398415], [73.7684651, 34.3862375], [73.7598224, 34.3848062], [73.7559108, 34.3808906], [73.7576821, 34.3768272], [73.7508338, 34.3707424], [73.7528411, 34.3546951], [73.7500338, 34.3440774], [73.7577291, 34.3453756], [73.775482, 34.3321394], [73.7989322, 34.3380486], [73.7979472, 34.3425525], [73.8011353, 34.3452397], [73.8117031, 34.3438714], [73.814938, 34.3467239], [73.8147425, 34.3422437], [73.8095897, 34.3373231], [73.8146685, 34.3323483], [73.8392163, 34.330419], [73.849595, 34.3265479], [73.8538505, 34.3213679], [73.859152, 34.3240239], [73.865235, 34.3345051], [73.8874822, 34.3329698], [73.8907709, 34.3377679], [73.902775, 34.3435091], [73.9048735, 34.3515467], [73.9154967, 34.3512118], [73.9160483, 34.3464276], [73.9263301, 34.3391426], [73.939008, 34.336531], [73.9285029, 34.3184594], [73.919791, 34.3106433], [73.9190243, 34.3055744], [73.9317497, 34.3050606], [73.931936, 34.3111935], [73.9425279, 34.3114282], [73.9429546, 34.2988671], [73.9362516, 34.2956218], [73.9355039, 34.2832134], [73.9410555, 34.2829918], [73.9457114, 34.275773], [73.9750794, 34.2745958], [73.9905304, 34.270513], [73.9897633, 34.2590814], [74.0059579, 34.2349604], [74.0055986, 34.2275518], [74.0091965, 34.2228857], [74.0046751, 34.2198154], [74.0059636, 34.2153992], [74.0007944, 34.2146106], [73.9981434, 34.2092053], [73.9990315, 34.198918], [74.0143453, 34.1952429], [74.0030533, 34.1903283], [73.9991916, 34.1813193], [73.9897933, 34.1758194], [73.979629, 34.1771164], [73.9747928, 34.1726376], [73.9688933, 34.1735133], [73.9649727, 34.168784], [73.9623991, 34.1724852], [73.9580405, 34.1671387], [73.9585758, 34.1605275], [73.9665255, 34.1592042], [73.9662735, 34.1546693], [73.9522368, 34.1521184], [73.9536254, 34.1479357], [73.9448772, 34.1424865], [73.9477901, 34.1412969], [73.9474086, 34.1359393], [73.9268231, 34.1274427], [73.929245, 34.1157109], [73.9266279, 34.1033117], [73.904686, 34.1050245], [73.9047024, 34.0929337], [73.9010944, 34.0890652], [73.9075495, 34.0824371], [73.9050278, 34.0749782], [73.8999156, 34.0722108], [73.8960277, 34.059783], [73.9003892, 34.0494354], [73.9211766, 34.0371674], [73.92524, 34.0238272], [73.9672875, 34.0109873], [73.9778251, 34.0142254], [73.9859616, 34.0119666], [74.0051242, 34.0213045], [74.01284, 34.0355534], [74.01824, 34.036548], [74.0161109, 34.0396137], [74.0400218, 34.0365833], [74.0494938, 34.0302877], [74.0550168, 34.0303752], [74.0677997, 34.036134], [74.0840121, 34.0336509], [74.0837114, 34.038604], [74.1064137, 34.0370356], [74.1326897, 34.0469566], [74.1438756, 34.0449487], [74.1539831, 34.0387921], [74.1632943, 34.0270472], [74.1734322, 34.028947], [74.1752505, 34.0324838], [74.1812758, 34.0231661], [74.19725, 34.0167725], [74.2147504, 34.016532], [74.2178365, 34.0198431], [74.2131887, 34.0228652], [74.2169479, 34.0261654], [74.2334958, 34.023636], [74.2387289, 34.0123304], [74.2560584, 34.0049691], [74.25581, 33.9995131], [74.2662591, 33.986617], [74.2613315, 33.9784064], [74.2641717, 33.9748763], [74.2774258, 33.9691389], [74.2669511, 33.9534871], [74.2758271, 33.9484278], [74.2820286, 33.935202], [74.2763127, 33.9289322], [74.2750525, 33.9211642], [74.2701498, 33.9199052], [74.2758843, 33.9153035], [74.2767256, 33.9054324], [74.2812784, 33.9023671], [74.2764206, 33.897635], [74.2768024, 33.8925999], [74.2521111, 33.8858416], [74.2136765, 33.8544363], [74.206681, 33.8573991], [74.2073258, 33.8501086], [74.2024776, 33.8463895], [74.1971262, 33.8495977], [74.1955334, 33.8418322], [74.1894755, 33.8389396], [74.1386817, 33.8315952], [74.1137336, 33.8227473], [74.1119445, 33.8256816], [74.0941055, 33.8281977], [74.0602091, 33.8239262], [74.0489315, 33.815153], [74.0506159, 33.8121597], [74.0464755, 33.8103853], [74.0460747, 33.8054083], [74.0364637, 33.8049994], [74.0333893, 33.7960839], [74.0096383, 33.7759598], [74.0115081, 33.7587195], [74.0047949, 33.7449886], [73.9996523, 33.7412981], [73.9861643, 33.7409453], [73.98216, 33.7342328], [73.9614172, 33.7234751], [73.9610832, 33.7160294], [73.9658616, 33.7076153], [73.9813147, 33.7067968], [73.9822936, 33.7007716], [73.978573, 33.6981906], [73.9835497, 33.6881777], [73.9903788, 33.6839227], [73.9830822, 33.6747375], [73.9944045, 33.6542533], [73.9844381, 33.6557709], [73.9811116, 33.6414466], [73.9985803, 33.6238268], [73.9996717, 33.6180744], [74.0122921, 33.6099314], [74.0250113, 33.595156], [74.0315669, 33.5785112], [74.0555961, 33.5757952], [74.0565431, 33.5791801], [74.0598695, 33.5786723], [74.0581358, 33.58189], [74.0634577, 33.5844406], [74.0811754, 33.5847842], [74.0966297, 33.5710433], [74.1071586, 33.5750723], [74.120133, 33.5644815], [74.1406958, 33.5577297], [74.1596239, 33.5330331], [74.1567609, 33.5126572], [74.1638716, 33.5013936], [74.1924993, 33.4787338], [74.1897048, 33.4687217], [74.1817423, 33.4708841], [74.1845378, 33.4645902], [74.1812694, 33.4529989], [74.185055, 33.4463758], [74.1768779, 33.4345081], [74.1796076, 33.4270323], [74.1789735, 33.412343], [74.1885483, 33.4085514], [74.1866703, 33.3848975], [74.1819601, 33.379781], [74.1808476, 33.3720668], [74.1760445, 33.3704984], [74.1741837, 33.3727984], [74.1719891, 33.3694415], [74.1662148, 33.3501218], [74.1662856, 33.3377332], [74.154456, 33.334012], [74.1555955, 33.3265324], [74.1443693, 33.3220249], [74.1262349, 33.3031994], [74.121616, 33.3014759], [74.1165809, 33.3048942], [74.1113699, 33.2989846], [74.1067059, 33.2999599], [74.1030185, 33.2933476], [74.0922633, 33.287829], [74.0904861, 33.2835677], [74.0868041, 33.2864317], [74.0781895, 33.2857389], [74.0569457, 33.2790708], [74.0491543, 33.2861852], [74.0447711, 33.2842541], [74.0442284, 33.2787462], [74.0275669, 33.2708438], [74.0249518, 33.264647], [74.0181305, 33.2704405], [74.0157845, 33.2693331], [74.0126492, 33.263987], [74.0158545, 33.260847], [74.0154118, 33.254759], [74.0068121, 33.2502629], [74.0003766, 33.2369495], [74.0083755, 33.226531], [74.0049312, 33.2217077], [74.0079217, 33.2172113], [74.0169433, 33.2139443], [74.0168307, 33.205223], [74.0226581, 33.2049065], [74.0268826, 33.1999069], [74.0357634, 33.1968812], [74.0480308, 33.2022066], [74.0536382, 33.1938789], [74.0645379, 33.1975447], [74.0694325, 33.1954446], [74.0859959, 33.1739049], [74.0990177, 33.1661794], [74.1095092, 33.1679721], [74.1170317, 33.1593875], [74.1213324, 33.1623017], [74.1295342, 33.1596389], [74.1356531, 33.1488874], [74.1414497, 33.1477334], [74.1538739, 33.1366972], [74.1563224, 33.124592], [74.1636297, 33.1225303], [74.1598133, 33.11104], [74.1639491, 33.1050499], [74.182914, 33.0957848], [74.181573, 33.08795], [74.1702625, 33.0810537], [74.1701155, 33.0735367], [74.1893573, 33.0693773], [74.1906395, 33.0738027], [74.2016087, 33.0667481], [74.2089296, 33.0686736], [74.2140777, 33.0604523], [74.2311738, 33.0562426], [74.2357702, 33.0510282], [74.2571612, 33.0433715], [74.2677929, 33.0440546], [74.2767058, 33.0378118], [74.3017839, 33.0313685], [74.3247504, 33.0309118], [74.3191553, 33.0220212], [74.3195063, 33.0063277], [74.3255774, 33.0003731], [74.3398618, 32.9533037], [74.312081, 32.9360384], [74.3145221, 32.9285375], [74.3279578, 32.9189723], [74.3492939, 32.9218382], [74.3728406, 32.9189545], [74.3784398, 32.9151878], [74.3729411, 32.9139488], [74.3920587, 32.9103822], [74.3997102, 32.9020364], [74.4148999, 32.8976659], [74.4202738, 32.8856269], [74.4138216, 32.869109], [74.4201896, 32.8530871], [74.4194835, 32.8392103], [74.4376317, 32.8233252], [74.4377148, 32.8126802], [74.4468143, 32.8029103], [74.4482712, 32.7935718], [74.4600002, 32.7886111], [74.4616228, 32.7845497], [74.458931, 32.781277], [74.4638194, 32.7766375], [74.4752242, 32.775991], [74.485018, 32.768622], [74.4846716, 32.7652272], [74.511169, 32.7644091], [74.5094874, 32.7631721], [74.5152919, 32.7565327], [74.5131548, 32.751816], [74.509685, 32.7516401], [74.5124275, 32.7450774], [74.5241825, 32.7484929], [74.5326273, 32.7451931], [74.5367006, 32.7467642], [74.5366817, 32.7500748], [74.5429981, 32.7514411], [74.5438546, 32.7451208], [74.5470764, 32.7455812], [74.5555932, 32.7586695], [74.5661337, 32.7600679], [74.5747557, 32.7566746], [74.5747962, 32.7514199], [74.5795704, 32.749422], [74.5823009, 32.7534088], [74.5886915, 32.7506237], [74.5940604, 32.756039], [74.6130368, 32.7579916], [74.6174961, 32.7613582], [74.6376307, 32.7514702], [74.6391107, 32.7575605], [74.6305433, 32.7673524], [74.6320336, 32.7760044], [74.6395795, 32.7822671], [74.6539381, 32.7805941], [74.6586371, 32.7874585], [74.6395939, 32.7983045], [74.632886, 32.8089145], [74.65255, 32.8278456], [74.6586394, 32.8298534], [74.665525, 32.8239114], [74.6824359, 32.8365129], [74.7052513, 32.8419547], [74.7045635, 32.8172782], [74.6959251, 32.8113397], [74.6963013, 32.8041494], [74.6850713, 32.787813], [74.6746728, 32.7570423], [74.6544721, 32.7290994], [74.66387, 32.725748], [74.6574231, 32.7158632], [74.6536886, 32.6969868], [74.6662354, 32.6756038], [74.681113, 32.6730531], [74.6814152, 32.6701222], [74.6961652, 32.6658887], [74.6950998, 32.6605712], [74.6884692, 32.6515385], [74.6809144, 32.6524707], [74.671921, 32.6461653], [74.6695751, 32.6382691], [74.6624269, 32.6353994], [74.6545443, 32.6371385], [74.6560398, 32.6329129], [74.6526863, 32.6314644], [74.6568067, 32.6306937], [74.6541645, 32.6152176], [74.6384844, 32.6146113], [74.6415316, 32.5995735], [74.6590573, 32.5967445], [74.6484434, 32.585532], [74.6550299, 32.5809404], [74.651679, 32.5630341], [74.673099, 32.5679814], [74.6732817, 32.5536013], [74.6611393, 32.5540702], [74.6618844, 32.545845], [74.6752196, 32.5382252], [74.6902298, 32.5342565], [74.6901166, 32.5229692], [74.6829834, 32.5131919], [74.6859067, 32.5033124], [74.6814161, 32.4927543], [74.6879953, 32.4870188], [74.6941916, 32.4867054], [74.7023019, 32.4930327], [74.7081937, 32.4933924], [74.7141895, 32.487525], [74.7117153, 32.4786705], [74.7167917, 32.476575], [74.7271692, 32.4758442], [74.7295074, 32.4811255], [74.7527029, 32.4784637], [74.7553114, 32.4829091], [74.7962676, 32.4769213], [74.8013758, 32.4827406], [74.812594, 32.4800549], [74.8200292, 32.499531], [74.8293485, 32.4950445], [74.8362292, 32.4968725], [74.846244, 32.490118], [74.857683, 32.494076], [74.867609, 32.485132], [74.877163, 32.4938754], [74.8845033, 32.4904327], [74.8763793, 32.4772933], [74.9005158, 32.4670096], [74.9054438, 32.4730029], [74.9184735, 32.4640494], [74.9304255, 32.4716295], [74.9392494, 32.4712834], [74.9362996, 32.4681061], [74.9413999, 32.463708], [74.9431284, 32.4522482], [74.9516442, 32.4464738], [74.9657215, 32.4581534], [74.9703768, 32.4592771], [74.9835195, 32.4515828], [74.9920259, 32.4523841], [74.9984086, 32.4581254], [75.0011891, 32.4562065], [75.0083433, 32.4629394], [75.0155009, 32.4643859], [75.0198945, 32.4683446], [75.0153368, 32.4706661], [75.0158743, 32.4774923], [75.0265301, 32.4975874], [75.0429986, 32.4862338], [75.077703, 32.4763946], [75.0852207, 32.4690859], [75.0870288, 32.4713592], [75.0920086, 32.4691605], [75.1016947, 32.4774652], [75.1088465, 32.4739344], [75.1112049, 32.4668333], [75.1087734, 32.4602413], [75.1208567, 32.4552093], [75.1189896, 32.4436653], [75.1343815, 32.4282106], [75.1275052, 32.4239474], [75.1276266, 32.4174645], [75.1326787, 32.4154202], [75.1329117, 32.4088308], [75.1534767, 32.4211007], [75.1601114, 32.4188654], [75.1682683, 32.422833], [75.1781838, 32.4210513], [75.1804108, 32.4254243], [75.1917727, 32.4261495], [75.1927001, 32.4223244], [75.2006875, 32.4210049], [75.2016077, 32.4152786], [75.1985434, 32.4110429], [75.193071, 32.4111975], [75.1928197, 32.4010051], [75.2091429, 32.394732], [75.2132163, 32.4027162], [75.2454276, 32.3847531], [75.2513033, 32.3909834], [75.2569423, 32.3894015], [75.2548167, 32.3783617], [75.2582499, 32.372343], [75.2680741, 32.3728023], [75.2728221, 32.3763273], [75.2896896, 32.3701123], [75.2869984, 32.3609625], [75.2892031, 32.35583], [75.2995577, 32.3533025], [75.2989912, 32.3466076], [75.3220014, 32.3436966], [75.3265469, 32.3280627], [75.3334776, 32.3258711], [75.3375127, 32.3205825], [75.3300178, 32.3125636], [75.3349826, 32.3109022], [75.3208022, 32.2972452], [75.3504517, 32.28996], [75.3438531, 32.2785842], [75.371647, 32.279497], [75.3814778, 32.2687872], [75.3730064, 32.2665756], [75.3705539, 32.2578548], [75.3703165, 32.2422951], [75.3742189, 32.2413879], [75.3719513, 32.2250995], [75.3686031, 32.2261901], [75.3655561, 32.2197482], [75.3573767, 32.2180107], [75.3313272, 32.2195634], [75.3241275, 32.2110558], [75.3162201, 32.208041], [75.3201024, 32.204147], [75.3118937, 32.1994291], [75.3102678, 32.1946363], [75.3183467, 32.1875301], [75.3161944, 32.1809411], [75.3223126, 32.1793277], [75.3067885, 32.1690286], [75.2994657, 32.1533534], [75.2853963, 32.1516305], [75.2773971, 32.1368845], [75.2834384, 32.131816], [75.2786103, 32.1168906], [75.272016, 32.1127205], [75.2627719, 32.1119167], [75.2665191, 32.1073775], [75.2621452, 32.1020241], [75.2451079, 32.0999119], [75.2402693, 32.0910296], [75.2294407, 32.0932671], [75.2350965, 32.1037229], [75.2270405, 32.1067622], [75.2232167, 32.1023755], [75.2237526, 32.0981354], [75.2178085, 32.1033625], [75.2203333, 32.1076638], [75.2156733, 32.1211456], [75.203406, 32.1202227], [75.2057539, 32.1025878], [75.2041241, 32.096671], [75.1979234, 32.098626], [75.1983412, 32.0827894], [75.189254, 32.0824014], [75.1793197, 32.0764119], [75.1742722, 32.067671], [75.1661723, 32.0715311], [75.1576781, 32.0818264], [75.1229146, 32.0814668], [75.1207336, 32.0754251], [75.1066852, 32.0696835], [75.1090186, 32.0648337], [75.1048834, 32.0586799], [75.0910956, 32.0718159], [75.0915072, 32.0658791], [75.0839897, 32.0600447], [75.0730316, 32.0597368], [75.0687101, 32.0671757], [75.0641269, 32.0655774], [75.0680776, 32.0624081], [75.0627601, 32.0558983], [75.0506247, 32.0526745], [75.040731, 32.0425986], [75.0339733, 32.0506816], [75.0216241, 32.0486225], [75.0124113, 32.0356792], [75.0049076, 32.0375174], [75.002972, 32.0435802], [75.0010503, 32.041093], [74.9853063, 32.0423544], [74.9829595, 32.0401811], [74.9718744, 32.0425224], [74.9780445, 32.0470766], [74.9739636, 32.0534562], [74.9336364, 32.0656466], [74.9246006, 32.0661738], [74.9127382, 32.0538585], [74.9047623, 32.0502887], [74.8914527, 32.0549903], [74.8885704, 32.0526276], [74.8794267, 32.0537513], [74.8687842, 32.0418598], [74.8723153, 32.041514], [74.8799868, 32.0318747], [74.8687882, 32.021977], [74.8693101, 32.0277335], [74.8654776, 32.0304276], [74.8626266, 32.0295114], [74.8655968, 32.0231933], [74.8483113, 32.0204925], [74.8531257, 32.013395], [74.846784, 32.0083907], [74.8389533, 32.0085096], [74.8288604, 31.9991808], [74.8312435, 31.9807826], [74.8190064, 31.9587078], [74.8058774, 31.9629876], [74.802227, 31.9578735], [74.7816454, 31.95577], [74.768489, 31.9477339], [74.7553938, 31.9558218], [74.7563699, 31.9437414], [74.7431032, 31.9397209], [74.7343514, 31.9453246], [74.7309595, 31.9410492], [74.7199374, 31.9414469], [74.7139259, 31.9321644], [74.7190553, 31.9237667], [74.706482, 31.9211581], [74.6994374, 31.9262102], [74.677095, 31.9262254], [74.674234, 31.9185862], [74.6667139, 31.9225945], [74.6683249, 31.9179207], [74.6582897, 31.9103558], [74.6575409, 31.901888], [74.6543256, 31.8995736], [74.6509383, 31.9023413], [74.6362472, 31.8842228], [74.6293246, 31.8821562], [74.6153108, 31.8897562], [74.6073929, 31.890079], [74.6099843, 31.878291], [74.6066071, 31.8684918], [74.5977775, 31.8680017], [74.5906976, 31.8485418], [74.5833914, 31.8518985], [74.5720849, 31.8390495], [74.5704568, 31.8284002], [74.5730972, 31.8161026], [74.5579129, 31.8047856], [74.5671749, 31.7963215], [74.5555713, 31.7913493], [74.551304, 31.7786737], [74.5567196, 31.7708647], [74.5549212, 31.7669087], [74.5617285, 31.7631087], [74.5594188, 31.7578568], [74.5472079, 31.7521042], [74.5473797, 31.749378], [74.5309775, 31.7478098], [74.5138354, 31.7399703], [74.5038997, 31.740302], [74.503033, 31.7284493], [74.4906257, 31.7235731], [74.486625, 31.7150538], [74.4992996, 31.7094227], [74.5034097, 31.7025572], [74.5019875, 31.6956239], [74.5242859, 31.6869343], [74.535112, 31.6776251], [74.5288352, 31.6663989], [74.5403219, 31.6599425], [74.5374908, 31.6531963], [74.5391268, 31.6482441], [74.5466254, 31.6457002], [74.5462755, 31.6332418], [74.5516419, 31.6239857], [74.5512135, 31.6177394], [74.5564554, 31.6114112], [74.5554712, 31.6079079], [74.5754381, 31.6039743], [74.5789404, 31.5996987], [74.5748554, 31.5978061], [74.5809223, 31.5942617], [74.5809986, 31.5871292], [74.5858341, 31.5851041], [74.5853391, 31.5813705], [74.5921303, 31.5740841], [74.6017071, 31.5726772], [74.6108831, 31.5670745], [74.6158901, 31.5690396], [74.6135339, 31.5669315], [74.6089913, 31.5667097], [74.6067131, 31.562512], [74.6161109, 31.5574986], [74.6187535, 31.5515502], [74.6143997, 31.5511023], [74.6128569, 31.5272547], [74.6038305, 31.5239576], [74.596004, 31.5259788], [74.5842205, 31.5207521], [74.5802721, 31.5110927], [74.5836793, 31.5103595], [74.5841171, 31.5067493], [74.5801452, 31.5070028], [74.5872873, 31.5041721], [74.5812338, 31.4987703], [74.5753597, 31.5009072], [74.587417, 31.4960804], [74.5936164, 31.49613], [74.5948141, 31.5015212], [74.6098328, 31.4997889], [74.6145366, 31.4891117], [74.6223644, 31.4851795], [74.6222814, 31.4819771], [74.6259456, 31.4826564], [74.6250875, 31.4858546], [74.6366854, 31.484739], [74.6315564, 31.4812929], [74.6296215, 31.4841344], [74.6277733, 31.4768641], [74.6363261, 31.4776715], [74.6522362, 31.4572079], [74.6513093, 31.4518975], [74.6428676, 31.4499319], [74.638629, 31.4441692], [74.6546712, 31.4259095], [74.6483019, 31.4237675], [74.6425355, 31.4159469], [74.6336639, 31.4186905], [74.6313558, 31.4255697], [74.6223777, 31.4301357], [74.6193186, 31.4198396], [74.6089786, 31.4236021], [74.6071542, 31.4204801], [74.6012549, 31.4199341], [74.6026732, 31.4156248], [74.5966023, 31.4162083], [74.5870802, 31.3976458], [74.5834885, 31.3790117], [74.5517374, 31.3643995], [74.5501614, 31.3585348], [74.5531498, 31.3563749], [74.5459425, 31.3407316], [74.5487826, 31.3348456], [74.5438728, 31.3352288], [74.536817, 31.330181], [74.5374506, 31.3267886], [74.5337835, 31.324969], [74.5379031, 31.3191796], [74.5348217, 31.3134598], [74.5263732, 31.3124266], [74.5343428, 31.3048677], [74.5408229, 31.3060168], [74.5420956, 31.3037281], [74.5375834, 31.3009923], [74.5312142, 31.2844427], [74.5211302, 31.2720819], [74.523805, 31.2617095], [74.5326994, 31.2494028], [74.5171691, 31.2283995], [74.5246351, 31.2202398], [74.5260891, 31.2119102], [74.5251659, 31.2035861], [74.5214716, 31.202705], [74.5195693, 31.1840946], [74.5104889, 31.1802854], [74.5129916, 31.1641843], [74.5107673, 31.1577898], [74.5153263, 31.1510713], [74.5104074, 31.1319629], [74.5438132, 31.1210198], [74.5484989, 31.122039], [74.5514384, 31.0864588], [74.5712916, 31.0813571], [74.5737843, 31.085801], [74.5887367, 31.0876602], [74.5864873, 31.0911355], [74.5890895, 31.0924454], [74.5913388, 31.0886016], [74.6007514, 31.0879648], [74.5993352, 31.0930364], [74.6042275, 31.0930915], [74.6105575, 31.0990448], [74.6100211, 31.1117401], [74.5968461, 31.1265645], [74.6032834, 31.1336728], [74.6310067, 31.1326994], [74.6323156, 31.1216233], [74.6363496, 31.1181331], [74.6591806, 31.1338198], [74.6664333, 31.1244522], [74.6890926, 31.1279422], [74.6898651, 31.1182984], [74.6982336, 31.1123831], [74.697268, 31.1025173], [74.7024178, 31.0917134], [74.6907449, 31.0814044], [74.6961797, 31.073775], [74.6711969, 31.0535774], [74.6133899, 31.0448269], [74.5969856, 31.0376201], [74.5904731, 31.0500295], [74.5806563, 31.0568219], [74.5691539, 31.0588763], [74.5614946, 31.0487794], [74.5588982, 31.0373627], [74.5477617, 31.0322421], [74.539715, 31.0087688], [74.5457125, 30.9921141], [74.5163476, 30.9795592], [74.5061928, 30.9659722], [74.498806, 30.9640495], [74.4920146, 30.9744171], [74.4814682, 30.9706639], [74.4798911, 30.9742424], [74.4579828, 30.9650522], [74.4669199, 30.9571861], [74.4515347, 30.9558428], [74.455204, 30.9513712], [74.4419861, 30.951684], [74.4394863, 30.9420592], [74.4164943, 30.9403476], [74.4138336, 30.9295989], [74.4287681, 30.9311082], [74.4236398, 30.920745], [74.4102716, 30.9234326], [74.4111728, 30.9195117], [74.4244122, 30.9159036], [74.4228351, 30.9077573], [74.3973541, 30.9093498], [74.3830526, 30.8953293], [74.3659723, 30.8929724], [74.3669379, 30.8863434], [74.3609512, 30.8736456], [74.3821849, 30.8603417], [74.3646365, 30.8573036], [74.368515, 30.8517911], [74.3634188, 30.8471627], [74.355163, 30.8484384], [74.3542778, 30.8526385], [74.3482161, 30.8549273], [74.3388551, 30.8525418], [74.3406522, 30.8490463], [74.33267, 30.8510082], [74.3204391, 30.8465501], [74.3222415, 30.8385545], [74.3197417, 30.8273153], [74.3093133, 30.8176089], [74.3014008, 30.8038468], [74.2992925, 30.8046117], [74.2947864, 30.7944007], [74.3068027, 30.789175], [74.3018353, 30.7793495], [74.2743748, 30.773427], [74.2646813, 30.7770359], [74.2599928, 30.772224], [74.2736399, 30.7533155], [74.2743802, 30.744141], [74.2865145, 30.7355282], [74.2814934, 30.7308526], [74.2748523, 30.737225], [74.2713225, 30.7321622], [74.2684042, 30.7343432], [74.2669129, 30.7261215], [74.2609799, 30.7230687], [74.2484486, 30.7258817], [74.2418235, 30.7259048], [74.2452353, 30.7228566], [74.2324339, 30.7244279], [74.2232775, 30.7096517], [74.2191866, 30.6934993], [74.1933857, 30.6651251], [74.1813809, 30.661228], [74.1693167, 30.6486829], [74.1631994, 30.6483978], [74.1488193, 30.6314523], [74.1377569, 30.6274092], [74.127416, 30.6347559], [74.1267047, 30.6240784], [74.121102, 30.622512], [74.1179647, 30.6078866], [74.1050525, 30.6192187], [74.0959741, 30.6114269], [74.1019271, 30.6109624], [74.1013594, 30.6032058], [74.0952823, 30.6011424], [74.0986522, 30.5905596], [74.0963159, 30.5872946], [74.1019664, 30.5791641], [74.0734945, 30.5546404], [74.0799359, 30.5483298], [74.0909172, 30.5493936], [74.0723421, 30.5228881], [74.057401, 30.5186495], [74.0516218, 30.5273505], [74.0498566, 30.53754], [74.0392574, 30.542547], [74.0380489, 30.5316638], [74.0310718, 30.5268725], [74.0238825, 30.5260236], [74.0119286, 30.5336249], [74.0109939, 30.5210567], [74.0199764, 30.5141465], [73.9927682, 30.5141998], [73.9820295, 30.5039728], [73.9760144, 30.4940484], [73.9637274, 30.4847875], [73.9698107, 30.475215], [73.9641839, 30.4564335], [73.9501892, 30.460043], [73.9458957, 30.4681937], [73.947785, 30.4838656], [73.9346566, 30.4901599], [73.9318882, 30.4672112], [73.9280381, 30.4658323], [73.9376585, 30.4521326], [73.9372422, 30.4449634], [73.9265058, 30.4389133], [73.9497477, 30.4370061], [73.9601024, 30.4408735], [73.9681108, 30.4401133], [73.9738169, 30.4439521], [73.9643766, 30.4241857], [73.9493221, 30.4172704], [73.9361674, 30.4016933], [73.9223716, 30.3980423], [73.9138419, 30.3823843], [73.9008679, 30.3728149], [73.8841232, 30.3670158], [73.8798336, 30.3597616], [73.9026471, 30.3490986], [73.9309504, 30.3201418], [73.9401011, 30.3003134], [73.9564671, 30.2760353], [73.9641204, 30.2565669], [73.9726891, 30.198253], [73.8261879, 30.0908891], [73.806629, 30.0679694], [73.5970993, 30.0189421], [73.39699, 29.945934], [73.2822833, 29.5720188], [73.0844907, 29.2362236], [73.0043951, 29.1529968], [72.9457797, 29.0278746], [72.7331019, 28.9480146], [72.4794979, 28.8119237], [72.403847, 28.7829506], [72.3546797, 28.7334352], [72.2993095, 28.6697095], [72.2061986, 28.3938681], [72.1322575, 28.3129475], [72.0043175, 28.2185425], [71.9273326, 28.1217026], [71.8987123, 27.9597403], [71.8793592, 27.9563322], [71.6664858, 27.8778073], [71.3830714, 27.8725267], [71.2055689, 27.8353371], [70.9828285, 27.7422214], [70.9631668, 27.7292998], [70.9513936, 27.7288399], [70.9062447, 27.7094993], [70.8720032, 27.7055479], [70.7594445, 27.7212193], [70.7506912, 27.733615], [70.7398454, 27.741907], [70.732504, 27.7603481], [70.6843463, 27.8282], [70.6785069, 27.8723397], [70.6774143, 27.9218286], [70.5986169, 27.9931227], [70.5894978, 28.0104637], [70.554297, 28.0263234], [70.5057143, 28.0369769], [70.4394586, 28.0202222], [70.3722329, 28.0118243], [70.296236, 27.9360154], [70.2270004, 27.9013766], [70.1977572, 27.8671912], [70.1325506, 27.8059806], [70.0722964, 27.6631147], [70.0259269, 27.5628686], [69.9661817, 27.5234988], [69.93375, 27.4977403], [69.8908681, 27.4334772], [69.862888, 27.4021543], [69.793657, 27.3507845], [69.7602269, 27.3210663], [69.7027708, 27.284251], [69.6447894, 27.225139], [69.586829, 27.1832511], [69.5133771, 27.0099286], [69.497686, 26.8669181], [69.4844368, 26.8048731], [69.5103004, 26.7435391], [69.7224965, 26.6533717], [69.7919258, 26.5982391], [69.823167, 26.5889555], [69.8861612, 26.5787327], [69.9346347, 26.5814529], [70.0562782, 26.6005151], [70.1174482, 26.5868953], [70.1742839, 26.5513331], [70.1844167, 26.4846547], [70.1769699, 26.4240472], [70.1853506, 26.374242], [70.1790825, 26.3426564], [70.1635563, 26.2948616], [70.175154, 26.2514802], [70.1683015, 26.2181333], [70.1424691, 26.1588695], [70.0853411, 26.0819078], [70.1010293, 25.9388802], [70.1743785, 25.8283566], [70.1971529, 25.8154582], [70.2224741, 25.7931023], [70.2523888, 25.7560869], [70.2634454, 25.7210789], [70.2694211, 25.7139835], [70.3579819, 25.6802381], [70.3870233, 25.6737397], [70.4488251, 25.6818896], [70.5301665, 25.6833728], [70.6086103, 25.714852], [70.6448097, 25.7127605], [70.6601499, 25.7020206], [70.6740233, 25.6758045], [70.6672296, 25.5312741], [70.6785568, 25.5255422], [70.6714325, 25.4609638], [70.6720002, 25.4203217], [70.6648231, 25.3968936], [70.7367863, 25.332444], [70.7516714, 25.2777077], [70.888493, 25.1481038], [70.9160749, 25.0104332], [70.9377056, 24.9386122], [70.9440225, 24.9255288], [70.99091, 24.865171], [71.0266801, 24.8088347], [71.0655416, 24.7173927], [71.0947638, 24.6910085], [71.08571, 24.67232], [71.0746, 24.66205], [71.04973, 24.64863], [71.00888, 24.63541], [71.00723, 24.62897], [70.99916, 24.62252], [70.98629, 24.59557], [70.99265, 24.56399], [70.98746, 24.54352], [71.00279, 24.53014], [71.00498, 24.52321], [70.99612, 24.47494], [70.99862, 24.47246], [70.99635, 24.46587], [70.9985, 24.44437], [71.00873, 24.44485], [71.03738, 24.43209], [71.06651, 24.43693], [71.10315, 24.43572], [71.12577, 24.42009], [71.11965, 24.40245], [71.10679, 24.39642], [71.08428, 24.39452], [71.06608, 24.37624], [71.05775, 24.36214], [71.04196, 24.3539], [71.04204, 24.35105], [71.04053, 24.35346], [71.02019, 24.34726], [71.0034, 24.35087], [70.986, 24.36528], [70.95487, 24.34919], [70.94692, 24.34852], [70.92308, 24.32822], [70.92407, 24.32638], [70.87825, 24.3018], [70.88199, 24.30027], [70.87394, 24.29485], [70.87519, 24.28069], [70.88233, 24.27325], [70.90866, 24.26326], [70.90668, 24.2594], [70.87658, 24.24583], [70.85156, 24.2449], [70.8362, 24.23158], [70.80537, 24.22083], [70.714, 24.21571], [70.69521, 24.21986], [70.66818, 24.21949], [70.64438, 24.2248], [70.58619, 24.24687], [70.583, 24.24417], [70.58184, 24.24799], [70.57134, 24.25175], [70.5745, 24.26421], [70.58504, 24.27799], [70.58466, 24.29041], [70.57938, 24.29542], [70.58201, 24.30421], [70.56211, 24.354], [70.58046, 24.36315], [70.59896, 24.40596], [70.6025, 24.40815], [70.57314, 24.42234], [70.56134, 24.42085], [70.5487, 24.41193], [70.51537, 24.40415], [70.47224, 24.38881], [70.41166, 24.3754], [70.39205, 24.3606], [70.36865, 24.35091], [70.35403, 24.35421], [70.32687, 24.35208], [70.2849, 24.3408], [70.25888, 24.33072], [70.25388, 24.32541], [70.21436, 24.3213], [70.16598, 24.30347], [70.13934, 24.30286], [70.10992, 24.295], [70.06654, 24.19897], [70.05091, 24.18953], [70.03863, 24.1762], [70.02502, 24.17103], [69.73152, 24.17104], [69.59429, 24.29238], [69.55874, 24.28041], [69.49398, 24.26782], [69.46982, 24.27111], [69.44448, 24.28048], [69.40483, 24.27111], [69.38088, 24.2693], [69.31276, 24.28143], [69.19416, 24.23639], [69.09482, 24.27444], [69.09382, 24.27125], [69.03406, 24.23965], [69.02105, 24.22833], [69.00342, 24.22306], [68.9848464, 24.2276651], [68.96732, 24.27214], [68.94538, 24.30253], [68.90678, 24.27983], [68.8951704, 24.2583518], [68.8799, 24.21623], [68.87431, 24.212], [68.8660225, 24.2122031], [68.8567389, 24.2138826], [68.8473, 24.23872], [68.84356, 24.27753], [68.8308, 24.31152], [68.82616, 24.31736], [68.82019, 24.3123], [68.80801, 24.31349], [68.7646957, 24.2957886], [68.7694082, 24.2655419], [68.7529913, 23.9714238], [68.3980614, 23.9701488], [68.3909667, 23.9667946], [68.3850902, 23.9713187], [68.3763691, 23.9901267], [68.3690766, 23.9912573], [68.3592503, 23.9865502], [68.3421744, 23.9670475], [68.3354583, 23.9380391], [68.3299883, 23.9301861], [68.3177291, 23.925527], [68.2920309, 23.932539], [68.2808801, 23.931418], [68.2598536, 23.9045225], [68.2093597, 23.86986], [68.20383, 23.854917], [68.1998548, 23.8287146], [68.2012343, 23.7788216], [68.1887596, 23.7420696], [68.1867767, 23.6952569], [68.1787603, 23.6749498], [68.1039841, 23.6283294], [67.9544415, 23.4747156]], [[88.9183607, 26.325603], [88.923783, 26.3270263], [88.9210041, 26.3350921], [88.9270364, 26.3352276], [88.9273491, 26.3316532], [88.9383462, 26.3350139], [88.9422991, 26.3258773], [88.9421387, 26.3230884], [88.9354461, 26.3205608], [88.9375313, 26.3130229], [88.9489481, 26.3184088], [88.9516894, 26.3166085], [88.9536914, 26.3093828], [88.9563884, 26.3091286], [88.9532403, 26.3079244], [88.9533511, 26.3036451], [88.9641686, 26.3034374], [88.9607931, 26.2950428], [88.9675877, 26.2973552], [88.9757256, 26.295383], [88.9774289, 26.2996798], [88.9829153, 26.3011892], [88.9850047, 26.295598], [88.9814654, 26.2830321], [88.9751643, 26.2841672], [88.9724644, 26.2783129], [88.9506913, 26.2763276], [88.9433034, 26.28663], [88.9237153, 26.2957124], [88.9248811, 26.300762], [88.9305067, 26.3048965], [88.9227799, 26.3149278], [88.9261011, 26.3160461], [88.924881, 26.3188928], [88.9183607, 26.325603]], [[89.1332894, 26.3225764], [89.1345452, 26.3244231], [89.1365765, 26.3227241], [89.1332894, 26.3225764]]], [[[71.5180377, 11.9632962], [71.5241896, 11.9144515], [71.5566952, 11.8105217], [71.8004018, 11.1217517], [72.0345248, 9.9767896], [72.0458562, 9.9399568], [72.8352112, 8.1755503], [72.856845, 8.145163], [72.8854284, 8.1179155], [72.927907, 8.0915803], [72.9597113, 8.0779967], [73.0024005, 8.0675692], [73.0489077, 8.0649036], [73.0908111, 8.0699995], [73.128533, 8.0818468], [73.1668204, 8.1033127], [73.1965678, 8.1292925], [73.2337645, 8.1722927], [73.2568778, 8.2170568], [73.8434197, 10.0015909], [73.8676767, 10.123398], [73.9058306, 10.8019715], [73.9035166, 10.8457514], [73.8910902, 10.891395], [73.872698, 10.9263635], [73.8477515, 10.9571121], [73.8224353, 10.9787868], [73.138406, 11.6465779], [73.1058299, 11.6702158], [72.016178, 12.5523912], [71.9705707, 12.5803095], [71.9365615, 12.5920448], [71.8950605, 12.6000496], [71.8593874, 12.6004321], [71.8198773, 12.5935842], [71.7864938, 12.5812326], [71.752206, 12.5607763], [71.7287446, 12.5405433], [71.6970345, 12.5045381], [71.6705446, 12.4546254], [71.5281365, 12.025843], [71.5207527, 11.9960072], [71.5180377, 11.9632962]]], [[[91.9933167, 11.5849641], [92.0065698, 10.9724271], [92.0109173, 10.9352322], [92.0208795, 10.9025447], [92.1818454, 10.5017647], [92.1977604, 10.4523143], [92.5304089, 9.0751991], [92.8954801, 8.1918501], [93.4834403, 6.9065186], [93.6345996, 6.6514522], [93.6547046, 6.6249177], [93.6802953, 6.6009638], [93.7038875, 6.5850059], [93.7295258, 6.5725536], [93.7978778, 6.5551465], [93.8572085, 6.5543265], [93.9083292, 6.566242], [93.9546284, 6.5909787], [94.0305531, 6.6547575], [94.0578856, 6.6847142], [94.0833591, 6.7257155], [94.1040014, 6.780102], [94.109907, 6.8116562], [94.1113735, 6.8405364], [94.132342, 6.8798879], [94.1438044, 6.9199044], [94.1490579, 7.0050393], [94.1407388, 7.0600031], [94.1201159, 7.1095632], [94.0908142, 7.1485097], [94.0775382, 7.2534471], [94.0659069, 7.2865175], [94.0477761, 7.3184071], [94.0423627, 7.3441756], [94.0318648, 7.3730082], [94.0041138, 7.4175951], [93.9660678, 7.4532515], [93.9499562, 7.4931499], [93.9264561, 7.5278365], [93.8949255, 7.5596564], [93.8586563, 7.5832622], [93.8375453, 7.6023776], [93.81389, 7.6183572], [93.7708379, 7.6370607], [93.7290196, 7.6611677], [93.6764728, 7.6760274], [93.6383489, 7.7024357], [93.5933201, 7.7198139], [93.6035878, 7.7289226], [93.6359615, 7.7358673], [93.6685735, 7.7489205], [93.7120191, 7.7785458], [93.7319137, 7.7990181], [93.7509517, 7.8258216], [93.7753542, 7.8841178], [93.7812633, 7.9133166], [93.784163, 7.9595418], [93.7940369, 7.985507], [93.8005286, 8.0141754], [93.8027816, 8.0572237], [93.7998529, 8.0846785], [93.7844131, 8.1582349], [93.7737166, 8.1895268], [93.759648, 8.2168999], [93.7981469, 8.2466588], [93.828409, 8.2841889], [93.8488539, 8.3278071], [93.8583373, 8.3753386], [93.8569115, 8.4191554], [93.8444615, 8.4655568], [93.8359999, 8.550525], [93.8280216, 8.5846619], [93.8035984, 8.6506762], [93.7845622, 8.6852419], [93.7503075, 8.725723], [93.7119316, 8.755039], [93.6676468, 8.7744352], [93.619994, 8.7827984], [93.5738804, 8.7800539], [93.5272618, 8.7660079], [93.4891623, 8.7446227], [93.4593857, 8.7186238], [93.4352833, 8.687343], [93.4170139, 8.6499539], [93.4079115, 8.6160955], [93.404856, 8.5811776], [93.4107236, 8.5128666], [93.4090901, 8.4740419], [93.4162779, 8.4081519], [93.390104, 8.3947427], [93.3562624, 8.42623], [93.3167674, 8.4492716], [93.2866065, 8.488579], [93.2498078, 8.518149], [93.2338342, 8.5569356], [93.2118475, 8.5897183], [93.1752074, 8.6258883], [93.1447766, 8.6474411], [93.0649457, 8.8423026], [93.0596753, 8.8777882], [93.0491836, 8.9103981], [93.0336015, 8.9408212], [93.0136452, 8.9675261], [92.9927411, 9.0185534], [93.0198607, 9.0678201], [93.0321602, 9.1213741], [93.0326237, 9.1905331], [93.0146845, 9.2668972], [92.9944612, 9.3137587], [92.964627, 9.3544553], [92.9066415, 9.4117609], [92.8813423, 9.4293636], [92.8575154, 9.4413423], [92.6402099, 10.3483235], [92.670032, 10.3713867], [92.6936727, 10.39747], [92.7432865, 10.4742236], [92.7586486, 10.5060293], [92.768911, 10.5429932], [92.772525, 10.5773953], [92.7906543, 10.6181883], [92.7996618, 10.6612546], [92.8009375, 10.7181367], [92.7912326, 10.7666073], [92.7889989, 10.8161695], [92.7970836, 10.82893], [92.8292246, 10.8611648], [92.8496945, 10.892543], [92.8685755, 10.9444858], [92.8729585, 10.9973168], [92.9100098, 11.0433636], [92.9237327, 11.0708196], [92.9320316, 11.0958065], [92.9381287, 11.134754], [92.9369918, 11.169779], [92.9283787, 11.2082606], [92.9130583, 11.2430198], [92.9256399, 11.2893246], [92.9271867, 11.3465317], [92.9202209, 11.3860328], [92.9070332, 11.4205904], [92.9240431, 11.4621134], [92.9348238, 11.5133436], [92.9514784, 11.5640759], [92.9603977, 11.6157032], [93.0085818, 11.5908437], [93.0621144, 11.5792101], [93.1165809, 11.5813419], [93.1664849, 11.5963478], [93.2146192, 11.6262117], [93.2492941, 11.6630903], [93.2756796, 11.7108361], [93.2887336, 11.7627962], [93.2901438, 11.7952561], [93.2859113, 11.8300487], [93.2570254, 11.923354], [93.2475381, 11.9671187], [93.2942902, 12.0300386], [93.3128007, 12.0649816], [93.3260766, 12.115807], [93.326113, 12.1639335], [93.3200535, 12.1940182], [93.3096472, 12.2242769], [93.311252, 12.2580949], [93.3073101, 12.295076], [93.2926195, 12.3422139], [93.2361787, 12.4396202], [93.2091052, 12.4686887], [93.175206, 12.4929179], [93.1793787, 12.5575601], [93.1739635, 12.5922672], [93.1649051, 12.6221987], [93.1814607, 12.6725901], [93.1847127, 12.7206488], [93.1786367, 12.7596005], [93.1583813, 12.8153314], [93.1573921, 12.8292151], [93.1710457, 12.85512], [93.1841349, 12.8952801], [93.1998671, 12.928519], [93.2106037, 12.9719815], [93.2299761, 13.0219449], [93.235355, 13.0653926], [93.2313863, 13.1086765], [93.24616, 13.1339191], [93.2575239, 13.1624895], [93.2636444, 13.1880964], [93.2663893, 13.218281], [93.2910893, 13.2939366], [93.2953595, 13.3257663], [93.2946624, 13.3556528], [93.3082061, 13.41009], [93.3077554, 13.453853], [93.2934438, 13.5091124], [93.2807247, 13.5347703], [93.2628939, 13.5604225], [93.2617232, 13.5862106], [93.2710696, 13.6281296], [93.2715454, 13.6714874], [93.2623709, 13.7143226], [93.2439264, 13.7541997], [93.2270754, 13.7779618], [93.134726, 13.8197193], [93.0469937, 13.8746866], [93.0085041, 13.8770019], [92.9729011, 13.8728045], [92.9074261, 13.8525345], [92.8791177, 13.839311], [92.7489616, 13.743416], [92.7191195, 13.7099377], [92.6990059, 13.6758138], [92.6166487, 13.4948867], [92.485356, 13.1277109], [92.4436078, 12.8681529], [92.4624732, 12.5742922], [92.0129923, 11.671178], [91.9986229, 11.6305812], [91.9933167, 11.5849641]]], [[[93.6468706, 12.2766243], [93.6510535, 12.2351231], [93.6634412, 12.1952106], [93.6835579, 12.1584217], [93.7106304, 12.1261718], [93.7436183, 12.0997021], [93.7812539, 12.0800316], [93.822091, 12.0679179], [93.8645601, 12.0638274], [93.9070292, 12.0679179], [93.9478662, 12.0800316], [93.9855019, 12.0997021], [94.0184898, 12.1261718], [94.0455623, 12.1584218], [94.065679, 12.1952106], [94.0780667, 12.2351232], [94.0822496, 12.2766243], [94.0780667, 12.318119], [94.065679, 12.3580129], [94.0455623, 12.3947739], [94.0184898, 12.4269909], [93.9855019, 12.4534278], [93.9478663, 12.4730704], [93.9070292, 12.4851655], [93.8645601, 12.4892494], [93.822091, 12.4851655], [93.7812539, 12.4730704], [93.7436183, 12.4534278], [93.7106304, 12.4269909], [93.6835579, 12.3947739], [93.6634412, 12.3580129], [93.6510534, 12.318119], [93.6468706, 12.2766243]]], [[[94.0448896, 13.4386653], [94.04669, 13.4011643], [94.0599792, 13.3698095], [94.0777299, 13.3369919], [94.1064418, 13.3022563], [94.1382577, 13.2705367], [94.1804218, 13.2464605], [94.2018896, 13.2395684], [94.2383615, 13.2365469], [94.2833056, 13.2368463], [94.3260493, 13.2441006], [94.3617452, 13.258452], [94.3878355, 13.2739659], [94.434689, 13.3166042], [94.4727129, 13.3822919], [94.4783732, 13.4109119], [94.4703849, 13.5249308], [94.4548649, 13.5596343], [94.437494, 13.5832513], [94.3989931, 13.6162051], [94.3632972, 13.6373215], [94.3329641, 13.6515123], [94.2802876, 13.6611099], [94.2492254, 13.659944], [94.2034678, 13.6485796], [94.1475697, 13.6177135], [94.1011327, 13.5787177], [94.0637619, 13.5128588], [94.0473588, 13.4661487], [94.0448896, 13.4386653]]]]}}]}