latitude,longitude,bright_ti4,bright_ti5,frp,scan,track,acq_date,acq_time,satellite,instrument,confidence,daynight,source
23.68986,87.11395,311.48,,10.43,1.74,1.29,2026-09-07,0328,Terra,MODIS,62,D,MODIS_NRT
23.77539,86.20834,312.22,,10.33,1.5,1.21,2026-09-07,0328,Terra,MODIS,64,D,MODIS_NRT
12.51929,79.08004,308.89,,7.1,1.0,1.0,2026-09-07,0330,Terra,MODIS,52,D,MODIS_NRT
14.82669,79.66084,321.25,,6.92,1.0,1.0,2026-09-07,0330,Terra,MODIS,68,D,MODIS_NRT
15.29626,79.91824,322.86,,9.75,1.0,1.0,2026-09-07,0330,Terra,MODIS,71,D,MODIS_NRT
15.29755,79.90918,320.07,,6.22,1.0,1.0,2026-09-07,0330,Terra,MODIS,58,D,MODIS_NRT
17.35195,82.43413,310.7,,5.03,1.13,1.06,2026-09-07,0330,Terra,MODIS,60,D,MODIS_NRT
19.09529,82.164,309.48,,5.11,1.06,1.03,2026-09-07,0330,Terra,MODIS,56,D,MODIS_NRT
20.96167,86.01485,318.2,,18.65,1.64,1.26,2026-09-07,0330,Terra,MODIS,62,D,MODIS_NRT
21.17738,81.38741,311.5,,4.67,1.0,1.0,2026-09-07,0330,Terra,MODIS,0,D,MODIS_NRT
21.74078,83.84806,315.46,,10.08,1.17,1.08,2026-09-07,0330,Terra,MODIS,58,D,MODIS_NRT
21.7425,83.83708,313.92,,8.57,1.17,1.08,2026-09-07,0330,Terra,MODIS,43,D,MODIS_NRT
21.75021,83.84979,314.03,,8.21,1.17,1.08,2026-09-07,0330,Terra,MODIS,22,D,MODIS_NRT
21.9201,83.34914,310.2,,5.93,1.11,1.05,2026-09-07,0330,Terra,MODIS,59,D,MODIS_NRT
10.93267,78.49494,326.08,,14.41,1.0,1.0,2026-09-07,0332,Terra,MODIS,78,D,MODIS_NRT
24.23818,97.22869,336.77,286.42,5.28,0.56,0.69,2026-09-07,0559,N,VIIRS,n,D,VIIRS_SNPP_NRT
24.23529,97.23015,338.31,293.0,2.71,0.46,0.47,2026-09-07,0620,N20,VIIRS,n,D,VIIRS_NOAA20_NRT
27.8688,96.92564,333.24,291.64,4.24,0.41,0.45,2026-09-07,0620,N20,VIIRS,n,D,VIIRS_NOAA20_NRT
28.50017,97.02524,329.42,295.01,3.15,0.4,0.44,2026-09-07,0620,N20,VIIRS,n,D,VIIRS_NOAA20_NRT
28.57545,96.95508,326.49,294.32,3.48,0.4,0.44,2026-09-07,0620,N20,VIIRS,n,D,VIIRS_NOAA20_NRT
17.74537,95.31373,330.41,295.26,3.97,0.43,0.38,2026-09-07,0701,N21,VIIRS,n,D,VIIRS_NOAA21_NRT
17.80537,95.11832,333.02,292.89,3.39,0.42,0.38,2026-09-07,0701,N21,VIIRS,n,D,VIIRS_NOAA21_NRT
17.80703,95.13017,329.43,291.88,2.84,0.42,0.38,2026-09-07,0701,N21,VIIRS,n,D,VIIRS_NOAA21_NRT
17.81047,95.12964,334.29,291.01,4.45,0.42,0.38,2026-09-07,0701,N21,VIIRS,n,D,VIIRS_NOAA21_NRT
19.20172,95.28655,333.54,295.53,3.19,0.44,0.38,2026-09-07,0701,N21,VIIRS,n,D,VIIRS_NOAA21_NRT
20.14306,94.76436,339.66,300.14,5.73,0.43,0.38,2026-09-07,0703,N21,VIIRS,n,D,VIIRS_NOAA21_NRT
20.79466,85.25549,338.42,294.85,8.97,0.49,0.48,2026-09-07,0703,N21,VIIRS,n,D,VIIRS_NOAA21_NRT
20.86604,84.98908,335.39,294.77,5.24,0.51,0.49,2026-09-07,0703,N21,VIIRS,n,D,VIIRS_NOAA21_NRT
20.96383,85.18765,334.17,293.97,7.03,0.49,0.48,2026-09-07,0703,N21,VIIRS,n,D,VIIRS_NOAA21_NRT
20.96481,86.0078,341.06,292.87,6.79,0.43,0.46,2026-09-07,0703,N21,VIIRS,n,D,VIIRS_NOAA21_NRT
21.19355,81.41866,350.53,289.18,8.94,0.42,0.61,2026-09-07,0703,N21,VIIRS,n,D,VIIRS_NOAA21_NRT
22.53631,97.09843,330.8,295.59,3.04,0.39,0.44,2026-09-07,0703,N21,VIIRS,n,D,VIIRS_NOAA21_NRT
23.67726,86.39882,333.07,294.53,9.66,0.56,0.43,2026-09-07,0703,N21,VIIRS,n,D,VIIRS_NOAA21_NRT
23.69142,87.12231,329.5,295.38,6.64,0.51,0.41,2026-09-07,0703,N21,VIIRS,n,D,VIIRS_NOAA21_NRT
24.13866,91.3375,331.17,300.69,5.27,0.38,0.36,2026-09-07,0703,N21,VIIRS,n,D,VIIRS_NOAA21_NRT
24.14194,91.33691,330.02,299.99,3.94,0.38,0.36,2026-09-07,0703,N21,VIIRS,n,D,VIIRS_NOAA21_NRT
24.3796,93.99981,330.94,295.21,4.59,0.43,0.38,2026-09-07,0703,N21,VIIRS,n,D,VIIRS_NOAA21_NRT
26.20761,91.08835,332.69,295.16,2.88,0.38,0.36,2026-09-07,0703,N21,VIIRS,n,D,VIIRS_NOAA21_NRT
27.872,96.92369,336.21,289.51,4.62,0.45,0.47,2026-09-07,0703,N21,VIIRS,n,D,VIIRS_NOAA21_NRT
27.88228,96.89853,329.41,293.58,4.82,0.44,0.46,2026-09-07,0703,N21,VIIRS,n,D,VIIRS_NOAA21_NRT
28.49942,97.02248,338.18,296.27,6.6,0.46,0.47,2026-09-07,0705,N21,VIIRS,n,D,VIIRS_NOAA21_NRT
28.57362,96.95537,339.19,296.22,6.55,0.46,0.47,2026-09-07,0705,N21,VIIRS,n,D,VIIRS_NOAA21_NRT
28.57527,96.95338,338.4,298.45,7.88,0.46,0.47,2026-09-07,0705,N21,VIIRS,n,D,VIIRS_NOAA21_NRT
29.47698,76.85517,331.49,292.31,4.49,0.52,0.67,2026-09-07,0705,N21,VIIRS,n,D,VIIRS_NOAA21_NRT
29.90703,74.94606,330.21,290.46,3.28,0.66,0.73,2026-09-07,0705,N21,VIIRS,n,D,VIIRS_NOAA21_NRT
31.93228,74.72265,338.69,292.18,7.64,0.6,0.71,2026-09-07,0707,N21,VIIRS,n,D,VIIRS_NOAA21_NRT
37.01663,82.78057,345.38,309.4,8.52,0.51,0.41,2026-09-07,0707,N21,VIIRS,n,D,VIIRS_NOAA21_NRT
9.17599,77.52721,333.26,288.8,2.66,0.49,0.65,2026-09-07,0737,N,VIIRS,n,D,VIIRS_SNPP_NRT
9.55967,78.24466,336.71,293.64,2.76,0.43,0.62,2026-09-07,0737,N,VIIRS,n,D,VIIRS_SNPP_NRT
10.1291,79.13102,332.12,295.76,5.25,0.37,0.58,2026-09-07,0737,N,VIIRS,n,D,VIIRS_SNPP_NRT
10.65692,77.37951,330.62,298.11,4.96,0.47,0.64,2026-09-07,0737,N,VIIRS,n,D,VIIRS_SNPP_NRT
10.76486,79.56414,335.07,295.31,4.29,0.34,0.56,2026-09-07,0737,N,VIIRS,n,D,VIIRS_SNPP_NRT
12.62981,79.35361,333.59,297.1,2.88,0.32,0.55,2026-09-07,0737,N,VIIRS,n,D,VIIRS_SNPP_NRT
13.29172,78.11819,330.13,304.36,2.95,0.38,0.59,2026-09-07,0737,N,VIIRS,l,D,VIIRS_SNPP_NRT
13.33688,77.90711,341.01,304.06,4.79,0.39,0.59,2026-09-07,0737,N,VIIRS,n,D,VIIRS_SNPP_NRT
13.39129,78.55532,336.72,298.92,2.84,0.35,0.57,2026-09-07,0737,N,VIIRS,n,D,VIIRS_SNPP_NRT
13.39136,78.55396,346.49,299.5,1.87,0.35,0.57,2026-09-07,0737,N,VIIRS,n,D,VIIRS_SNPP_NRT
13.8661,79.33069,333.82,294.2,4.15,0.61,0.54,2026-09-07,0737,N,VIIRS,n,D,VIIRS_SNPP_NRT
14.0443,80.13178,345.5,300.87,6.22,0.54,0.51,2026-09-07,0737,N,VIIRS,n,D,VIIRS_SNPP_NRT
14.29615,77.58157,330.2,296.64,4.19,0.39,0.59,2026-09-07,0737,N,VIIRS,n,D,VIIRS_SNPP_NRT
14.47812,77.5274,333.85,296.59,5.12,0.39,0.6,2026-09-07,0737,N,VIIRS,n,D,VIIRS_SNPP_NRT
14.77676,79.65521,331.62,292.91,4.63,0.56,0.52,2026-09-07,0737,N,VIIRS,n,D,VIIRS_SNPP_NRT
14.89407,79.23284,335.91,293.91,8.26,0.6,0.53,2026-09-07,0737,N,VIIRS,n,D,VIIRS_SNPP_NRT
14.95541,79.63568,342.98,294.56,7.63,0.56,0.51,2026-09-07,0737,N,VIIRS,n,D,VIIRS_SNPP_NRT
14.95639,79.64087,339.26,293.27,7.63,0.56,0.51,2026-09-07,0737,N,VIIRS,n,D,VIIRS_SNPP_NRT
15.69215,80.01839,334.19,300.16,4.75,0.51,0.5,2026-09-07,0737,N,VIIRS,n,D,VIIRS_SNPP_NRT
15.78737,78.27644,330.57,295.03,1.5,0.33,0.55,2026-09-07,0737,N,VIIRS,n,D,VIIRS_SNPP_NRT
16.1232,79.9809,335.62,297.28,3.29,0.51,0.49,2026-09-07,0737,N,VIIRS,n,D,VIIRS_SNPP_NRT
16.42542,79.45825,334.26,295.46,4.47,0.54,0.51,2026-09-07,0739,N,VIIRS,n,D,VIIRS_SNPP_NRT
16.87874,80.85161,338.45,295.2,3.28,0.43,0.46,2026-09-07,0739,N,VIIRS,n,D,VIIRS_SNPP_NRT
16.90787,79.90573,331.26,291.63,3.14,0.5,0.49,2026-09-07,0739,N,VIIRS,n,D,VIIRS_SNPP_NRT
17.01457,79.93188,334.31,292.52,4.75,0.49,0.49,2026-09-07,0739,N,VIIRS,n,D,VIIRS_SNPP_NRT
17.60496,83.18684,331.71,299.65,5.71,0.47,0.4,2026-09-07,0739,N,VIIRS,l,D,VIIRS_SNPP_NRT
17.9126,83.45437,330.09,298.6,5.26,0.45,0.39,2026-09-07,0739,N,VIIRS,l,D,VIIRS_SNPP_NRT
19.10229,82.16896,330.22,298.74,7.63,0.5,0.41,2026-09-07,0739,N,VIIRS,l,D,VIIRS_SNPP_NRT
20.76041,85.29862,335.93,300.8,6.35,0.39,0.36,2026-09-07,0739,N,VIIRS,n,D,VIIRS_SNPP_NRT
20.78744,85.25918,333.19,300.43,7.26,0.39,0.36,2026-09-07,0739,N,VIIRS,n,D,VIIRS_SNPP_NRT
20.79349,85.25431,339.1,301.49,11.19,0.39,0.36,2026-09-07,0739,N,VIIRS,n,D,VIIRS_SNPP_NRT
20.80732,85.25565,336.42,300.85,7.38,0.39,0.36,2026-09-07,0739,N,VIIRS,n,D,VIIRS_SNPP_NRT
20.86327,84.98638,332.71,296.58,3.53,0.39,0.36,2026-09-07,0739,N,VIIRS,n,D,VIIRS_SNPP_NRT
20.86386,84.9901,341.59,299.56,3.53,0.39,0.36,2026-09-07,0739,N,VIIRS,n,D,VIIRS_SNPP_NRT
20.86444,84.99381,340.65,299.45,8.19,0.39,0.36,2026-09-07,0739,N,VIIRS,n,D,VIIRS_SNPP_NRT
20.87168,84.99634,343.09,298.42,8.12,0.39,0.36,2026-09-07,0739,N,VIIRS,n,D,VIIRS_SNPP_NRT
20.88653,84.98221,332.89,299.3,6.25,0.39,0.36,2026-09-07,0739,N,VIIRS,n,D,VIIRS_SNPP_NRT
20.88985,84.98161,330.49,297.96,3.52,0.39,0.36,2026-09-07,0739,N,VIIRS,n,D,VIIRS_SNPP_NRT
20.96211,85.18645,330.4,296.72,5.82,0.39,0.36,2026-09-07,0739,N,VIIRS,n,D,VIIRS_SNPP_NRT
20.96409,86.00706,339.73,300.76,8.78,0.38,0.36,2026-09-07,0739,N,VIIRS,n,D,VIIRS_SNPP_NRT
20.96852,86.01384,335.31,301.63,5.93,0.38,0.36,2026-09-07,0739,N,VIIRS,n,D,VIIRS_SNPP_NRT
20.96964,86.0212,330.75,299.51,4.31,0.38,0.36,2026-09-07,0739,N,VIIRS,n,D,VIIRS_SNPP_NRT
20.97015,86.00223,336.57,300.55,5.31,0.38,0.36,2026-09-07,0739,N,VIIRS,n,D,VIIRS_SNPP_NRT
20.9703,85.17357,342.39,298.79,5.21,0.39,0.36,2026-09-07,0739,N,VIIRS,n,D,VIIRS_SNPP_NRT
20.97089,85.17728,336.28,297.87,5.21,0.39,0.36,2026-09-07,0739,N,VIIRS,n,D,VIIRS_SNPP_NRT
20.97402,86.00534,335.32,300.01,4.11,0.38,0.36,2026-09-07,0739,N,VIIRS,n,D,VIIRS_SNPP_NRT
20.97693,85.17239,330.76,297.63,3.85,0.39,0.36,2026-09-07,0739,N,VIIRS,n,D,VIIRS_SNPP_NRT
21.236,94.84895,367.0,291.95,12.41,0.34,0.56,2026-09-07,0739,N,VIIRS,h,D,VIIRS_SNPP_NRT
21.23763,94.84933,367.0,291.67,10.69,0.34,0.56,2026-09-07,0739,N,VIIRS,h,D,VIIRS_SNPP_NRT
21.6799,84.03884,331.65,299.85,3.63,0.4,0.37,2026-09-07,0739,N,VIIRS,l,D,VIIRS_SNPP_NRT
21.74611,83.84345,340.17,300.69,12.68,0.41,0.37,2026-09-07,0739,N,VIIRS,l,D,VIIRS_SNPP_NRT
21.74949,83.84281,341.41,300.15,11.39,0.41,0.37,2026-09-07,0739,N,VIIRS,l,D,VIIRS_SNPP_NRT
21.7569,83.84543,336.81,299.79,7.87,0.41,0.37,2026-09-07,0739,N,VIIRS,l,D,VIIRS_SNPP_NRT
21.76431,83.84805,333.67,296.86,5.12,0.41,0.37,2026-09-07,0739,N,VIIRS,l,D,VIIRS_SNPP_NRT
21.76809,84.01927,330.61,299.44,7.95,0.4,0.37,2026-09-07,0739,N,VIIRS,l,D,VIIRS_SNPP_NRT
21.80306,83.89296,335.17,299.72,5.38,0.4,0.37,2026-09-07,0739,N,VIIRS,l,D,VIIRS_SNPP_NRT
22.20925,84.86183,337.56,297.82,3.47,0.39,0.36,2026-09-07,0739,N,VIIRS,n,D,VIIRS_SNPP_NRT
22.3571,82.30258,336.1,298.18,10.02,0.45,0.39,2026-09-07,0739,N,VIIRS,l,D,VIIRS_SNPP_NRT
22.57151,85.89799,330.51,299.25,4.01,0.39,0.36,2026-09-07,0739,N,VIIRS,n,D,VIIRS_SNPP_NRT
22.57426,85.89369,339.35,297.88,3.54,0.39,0.36,2026-09-07,0739,N,VIIRS,n,D,VIIRS_SNPP_NRT
22.57482,85.89742,331.58,297.26,3.54,0.39,0.36,2026-09-07,0739,N,VIIRS,n,D,VIIRS_SNPP_NRT
23.508,94.00916,331.11,290.81,6.81,0.63,0.54,2026-09-07,0739,N,VIIRS,n,D,VIIRS_SNPP_NRT
23.62771,96.60427,326.64,287.93,2.94,0.46,0.64,2026-09-07,0739,N,VIIRS,n,D,VIIRS_SNPP_NRT
23.67601,86.39903,332.82,298.25,4.45,0.39,0.37,2026-09-07,0739,N,VIIRS,n,D,VIIRS_SNPP_NRT
23.67936,86.39845,332.32,297.7,4.45,0.39,0.37,2026-09-07,0739,N,VIIRS,n,D,VIIRS_SNPP_NRT
23.6855,86.39344,345.21,298.93,8.43,0.39,0.37,2026-09-07,0739,N,VIIRS,n,D,VIIRS_SNPP_NRT
23.71457,86.45176,333.91,296.78,5.65,0.4,0.37,2026-09-07,0739,N,VIIRS,n,D,VIIRS_SNPP_NRT
23.73581,86.43229,331.95,297.04,3.06,0.4,0.37,2026-09-07,0739,N,VIIRS,n,D,VIIRS_SNPP_NRT
23.73637,86.43615,338.87,299.15,3.06,0.4,0.37,2026-09-07,0739,N,VIIRS,n,D,VIIRS_SNPP_NRT
23.73973,86.43557,332.5,297.34,3.06,0.4,0.37,2026-09-07,0739,N,VIIRS,n,D,VIIRS_SNPP_NRT
23.75722,86.40472,333.45,296.78,2.85,0.39,0.37,2026-09-07,0739,N,VIIRS,n,D,VIIRS_SNPP_NRT
23.76057,86.40414,334.9,296.73,2.85,0.39,0.37,2026-09-07,0739,N,VIIRS,n,D,VIIRS_SNPP_NRT
23.79465,86.35478,332.56,292.41,1.86,0.39,0.36,2026-09-07,0739,N,VIIRS,n,D,VIIRS_SNPP_NRT
23.80133,86.32993,335.05,297.07,4.15,0.39,0.36,2026-09-07,0739,N,VIIRS,n,D,VIIRS_SNPP_NRT
23.80467,86.32935,343.5,297.8,4.15,0.39,0.36,2026-09-07,0739,N,VIIRS,n,D,VIIRS_SNPP_NRT
25.97929,93.56585,331.22,291.4,3.67,0.63,0.54,2026-09-07,0739,N,VIIRS,n,D,VIIRS_SNPP_NRT
30.68413,73.86338,333.71,295.36,5.51,0.62,0.54,2026-09-07,0744,N,VIIRS,n,D,VIIRS_SNPP_NRT
31.25838,74.14626,331.24,300.47,3.55,0.58,0.52,2026-09-07,0744,N,VIIRS,n,D,VIIRS_SNPP_NRT
35.8244,68.37402,331.82,301.58,1.06,0.47,0.64,2026-09-07,0744,N,VIIRS,n,D,VIIRS_SNPP_NRT
35.82621,68.37363,333.69,302.64,1.69,0.47,0.64,2026-09-07,0744,N,VIIRS,n,D,VIIRS_SNPP_NRT
36.96354,81.34337,347.42,307.76,3.38,0.38,0.36,2026-09-07,0744,N,VIIRS,n,D,VIIRS_SNPP_NRT
36.9642,81.34764,341.74,308.38,3.38,0.38,0.36,2026-09-07,0744,N,VIIRS,n,D,VIIRS_SNPP_NRT
36.96814,81.35114,345.61,309.41,2.94,0.38,0.36,2026-09-07,0744,N,VIIRS,n,D,VIIRS_SNPP_NRT
36.97143,81.35034,339.76,308.74,2.94,0.38,0.36,2026-09-07,0744,N,VIIRS,n,D,VIIRS_SNPP_NRT
36.97208,81.35461,339.6,311.13,2.94,0.38,0.36,2026-09-07,0744,N,VIIRS,l,D,VIIRS_SNPP_NRT
37.2041,79.3972,351.54,305.02,4.35,0.4,0.37,2026-09-07,0744,N,VIIRS,n,D,VIIRS_SNPP_NRT
37.20744,79.3963,338.92,302.29,3.43,0.4,0.37,2026-09-07,0744,N,VIIRS,n,D,VIIRS_SNPP_NRT
37.30476,79.84806,342.98,305.34,2.87,0.39,0.37,2026-09-07,0744,N,VIIRS,n,D,VIIRS_SNPP_NRT
37.30479,78.87843,367.0,302.27,7.41,0.41,0.37,2026-09-07,0744,N,VIIRS,h,D,VIIRS_SNPP_NRT
37.3055,79.85246,340.7,306.31,4.01,0.39,0.37,2026-09-07,0744,N,VIIRS,n,D,VIIRS_SNPP_NRT
37.30808,79.8472,345.45,306.36,2.87,0.39,0.37,2026-09-07,0744,N,VIIRS,n,D,VIIRS_SNPP_NRT
37.30882,79.8516,355.19,305.26,4.01,0.39,0.37,2026-09-07,0744,N,VIIRS,n,D,VIIRS_SNPP_NRT
37.31287,78.84867,344.85,303.16,3.28,0.41,0.37,2026-09-07,0744,N,VIIRS,n,D,VIIRS_SNPP_NRT
37.31368,78.85327,337.2,302.18,3.28,0.41,0.37,2026-09-07,0744,N,VIIRS,n,D,VIIRS_SNPP_NRT
37.33726,78.96696,337.59,301.74,2.84,0.41,0.37,2026-09-07,0744,N,VIIRS,n,D,VIIRS_SNPP_NRT
37.35484,79.57841,332.1,299.56,1.51,0.4,0.37,2026-09-07,0744,N,VIIRS,n,D,VIIRS_SNPP_NRT
37.35559,79.58285,339.82,300.62,4.03,0.4,0.37,2026-09-07,0744,N,VIIRS,n,D,VIIRS_SNPP_NRT
37.45432,79.68748,339.41,303.7,3.46,0.4,0.37,2026-09-07,0744,N,VIIRS,n,D,VIIRS_SNPP_NRT
37.46359,79.77168,348.23,307.81,5.89,0.39,0.37,2026-09-07,0744,N,VIIRS,n,D,VIIRS_SNPP_NRT
37.47801,79.74587,339.62,308.25,2.29,0.4,0.37,2026-09-07,0744,N,VIIRS,n,D,VIIRS_SNPP_NRT
9.17588,77.52955,333.67,299.97,8.74,0.55,0.43,2026-09-07,0756,N20,VIIRS,n,D,VIIRS_NOAA20_NRT
9.31087,78.70359,337.45,297.83,5.85,0.48,0.4,2026-09-07,0756,N20,VIIRS,l,D,VIIRS_NOAA20_NRT
9.63529,77.60835,342.81,302.94,8.02,0.54,0.42,2026-09-07,0756,N20,VIIRS,n,D,VIIRS_NOAA20_NRT
9.8457,78.13853,334.93,300.66,2.71,0.5,0.41,2026-09-07,0756,N20,VIIRS,n,D,VIIRS_NOAA20_NRT
9.8492,79.02195,337.74,299.89,6.43,0.45,0.39,2026-09-07,0756,N20,VIIRS,n,D,VIIRS_NOAA20_NRT
9.85275,79.02138,332.75,300.37,6.25,0.45,0.39,2026-09-07,0756,N20,VIIRS,l,D,VIIRS_NOAA20_NRT
10.22468,77.77197,334.69,306.1,8.85,0.52,0.41,2026-09-07,0756,N20,VIIRS,l,D,VIIRS_NOAA20_NRT
11.83675,79.64706,330.56,303.37,2.82,0.41,0.37,2026-09-07,0758,N20,VIIRS,l,D,VIIRS_NOAA20_NRT
12.96295,76.32122,331.95,297.55,2.32,0.38,0.43,2026-09-07,0758,N20,VIIRS,n,D,VIIRS_NOAA20_NRT
13.38845,78.06381,332.82,306.44,1.99,0.46,0.39,2026-09-07,0758,N20,VIIRS,l,D,VIIRS_NOAA20_NRT
13.54776,78.48175,334.21,304.84,3.39,0.44,0.38,2026-09-07,0758,N20,VIIRS,l,D,VIIRS_NOAA20_NRT
13.62806,76.70334,339.65,298.98,2.49,0.53,0.42,2026-09-07,0758,N20,VIIRS,n,D,VIIRS_NOAA20_NRT
13.73131,77.50441,334.5,306.13,7.2,0.48,0.4,2026-09-07,0758,N20,VIIRS,l,D,VIIRS_NOAA20_NRT
13.86799,75.6541,342.27,299.36,5.94,0.41,0.45,2026-09-07,0758,N20,VIIRS,n,D,VIIRS_NOAA20_NRT
14.04605,80.13187,341.07,305.84,6.63,0.39,0.36,2026-09-07,0758,N20,VIIRS,n,D,VIIRS_NOAA20_NRT
14.41096,80.11783,335.9,306.11,4.35,0.39,0.36,2026-09-07,0758,N20,VIIRS,l,D,VIIRS_NOAA20_NRT
14.77634,79.65341,335.97,304.72,5.99,0.39,0.37,2026-09-07,0758,N20,VIIRS,l,D,VIIRS_NOAA20_NRT
15.0153,79.70184,335.52,301.28,5.42,0.39,0.36,2026-09-07,0758,N20,VIIRS,l,D,VIIRS_NOAA20_NRT
15.18157,76.66959,336.02,301.93,6.93,0.51,0.41,2026-09-07,0758,N20,VIIRS,l,D,VIIRS_NOAA20_NRT
15.34806,79.41764,336.9,304.73,3.98,0.4,0.37,2026-09-07,0758,N20,VIIRS,l,D,VIIRS_NOAA20_NRT
15.52241,78.59602,330.49,298.13,4.41,0.42,0.37,2026-09-07,0758,N20,VIIRS,n,D,VIIRS_NOAA20_NRT
16.2048,79.93924,331.35,299.62,0.85,0.39,0.36,2026-09-07,0758,N20,VIIRS,n,D,VIIRS_NOAA20_NRT
16.70949,80.86193,331.56,300.65,3.2,0.39,0.36,2026-09-07,0758,N20,VIIRS,n,D,VIIRS_NOAA20_NRT
16.71002,80.86552,333.0,298.99,2.81,0.39,0.36,2026-09-07,0758,N20,VIIRS,n,D,VIIRS_NOAA20_NRT
16.87751,80.85262,337.08,301.12,2.2,0.39,0.36,2026-09-07,0758,N20,VIIRS,n,D,VIIRS_NOAA20_NRT
17.60594,83.19016,336.4,299.77,4.36,0.45,0.39,2026-09-07,0758,N20,VIIRS,n,D,VIIRS_NOAA20_NRT
17.60768,83.20284,331.05,300.57,5.01,0.45,0.39,2026-09-07,0758,N20,VIIRS,n,D,VIIRS_NOAA20_NRT
17.64549,77.66038,333.52,294.47,7.32,0.43,0.38,2026-09-07,0758,N20,VIIRS,n,D,VIIRS_NOAA20_NRT
17.648,80.69142,333.24,303.36,4.59,0.39,0.36,2026-09-07,0758,N20,VIIRS,l,D,VIIRS_NOAA20_NRT
17.91346,83.45412,331.62,299.02,2.62,0.47,0.39,2026-09-07,0758,N20,VIIRS,n,D,VIIRS_NOAA20_NRT
18.66639,79.11244,336.2,297.08,2.92,0.39,0.36,2026-09-07,0758,N20,VIIRS,n,D,VIIRS_NOAA20_NRT
18.71933,79.53963,330.8,303.51,4.81,0.38,0.36,2026-09-07,0758,N20,VIIRS,l,D,VIIRS_NOAA20_NRT
19.0995,82.16937,334.66,299.24,4.49,0.42,0.38,2026-09-07,0758,N20,VIIRS,n,D,VIIRS_NOAA20_NRT
19.10239,82.16484,332.4,299.62,4.49,0.42,0.38,2026-09-07,0758,N20,VIIRS,n,D,VIIRS_NOAA20_NRT
22.35682,82.30369,342.43,299.76,6.37,0.46,0.39,2026-09-07,0758,N20,VIIRS,n,D,VIIRS_NOAA20_NRT
22.3604,82.30314,331.8,297.96,6.37,0.46,0.39,2026-09-07,0758,N20,VIIRS,n,D,VIIRS_NOAA20_NRT
19.84601,75.83554,334.34,303.92,7.27,0.49,0.4,2026-09-07,0801,N20,VIIRS,l,D,VIIRS_NOAA20_NRT
20.78684,85.25983,333.27,297.54,7.8,0.42,0.45,2026-09-07,0801,N20,VIIRS,n,D,VIIRS_NOAA20_NRT
20.79469,85.25458,344.67,297.22,7.05,0.42,0.45,2026-09-07,0801,N20,VIIRS,n,D,VIIRS_NOAA20_NRT
20.86206,84.99013,340.33,295.76,4.78,0.41,0.45,2026-09-07,0801,N20,VIIRS,n,D,VIIRS_NOAA20_NRT
20.86253,84.9941,333.85,296.09,4.78,0.41,0.45,2026-09-07,0801,N20,VIIRS,n,D,VIIRS_NOAA20_NRT
20.87122,84.99692,341.45,295.73,4.38,0.41,0.45,2026-09-07,0801,N20,VIIRS,n,D,VIIRS_NOAA20_NRT
20.88621,84.98294,337.22,296.21,4.17,0.41,0.45,2026-09-07,0801,N20,VIIRS,n,D,VIIRS_NOAA20_NRT
20.94981,86.04648,331.13,296.62,5.24,0.47,0.48,2026-09-07,0801,N20,VIIRS,n,D,VIIRS_NOAA20_NRT
20.95021,86.05007,340.86,296.12,7.31,0.47,0.48,2026-09-07,0801,N20,VIIRS,n,D,VIIRS_NOAA20_NRT
20.95033,86.05112,332.77,296.42,7.12,0.47,0.48,2026-09-07,0801,N20,VIIRS,n,D,VIIRS_NOAA20_NRT
20.9633,86.00773,348.77,296.04,12.26,0.47,0.48,2026-09-07,0801,N20,VIIRS,n,D,VIIRS_NOAA20_NRT
20.96817,85.15446,341.46,293.35,2.84,0.42,0.45,2026-09-07,0801,N20,VIIRS,n,D,VIIRS_NOAA20_NRT
20.96821,86.01177,341.58,296.75,12.09,0.47,0.48,2026-09-07,0801,N20,VIIRS,n,D,VIIRS_NOAA20_NRT
21.74162,83.84051,331.78,298.09,5.62,0.54,0.42,2026-09-07,0801,N20,VIIRS,n,D,VIIRS_NOAA20_NRT
21.74616,83.84521,338.03,298.98,12.97,0.54,0.42,2026-09-07,0801,N20,VIIRS,n,D,VIIRS_NOAA20_NRT
21.7539,83.84416,340.58,298.58,9.39,0.54,0.42,2026-09-07,0801,N20,VIIRS,n,D,VIIRS_NOAA20_NRT
21.75552,83.84646,333.55,297.77,5.67,0.54,0.42,2026-09-07,0801,N20,VIIRS,n,D,VIIRS_NOAA20_NRT
21.76231,83.8483,334.62,297.63,5.14,0.54,0.42,2026-09-07,0801,N20,VIIRS,n,D,VIIRS_NOAA20_NRT
21.80068,83.89312,336.54,297.41,6.46,0.54,0.42,2026-09-07,0801,N20,VIIRS,n,D,VIIRS_NOAA20_NRT
29.29025,70.98552,331.43,306.31,5.03,0.41,0.45,2026-09-07,0801,N20,VIIRS,l,D,VIIRS_NOAA20_NRT
31.93335,74.71996,332.96,300.15,3.03,0.4,0.37,2026-09-07,0801,N20,VIIRS,n,D,VIIRS_NOAA20_NRT
32.65147,73.67501,331.37,303.96,2.23,0.42,0.38,2026-09-07,0801,N20,VIIRS,n,D,VIIRS_NOAA20_NRT
8.86686,78.08612,333.88,284.26,2.78,0.34,0.56,2026-09-07,0839,N21,VIIRS,n,D,VIIRS_NOAA21_NRT
8.90995,77.51759,330.26,288.76,4.66,0.62,0.54,2026-09-07,0839,N21,VIIRS,n,D,VIIRS_NOAA21_NRT
8.91237,77.5182,332.13,289.1,3.2,0.61,0.54,2026-09-07,0839,N21,VIIRS,n,D,VIIRS_NOAA21_NRT
9.01174,77.45811,338.72,288.23,4.68,0.61,0.53,2026-09-07,0839,N21,VIIRS,n,D,VIIRS_NOAA21_NRT
9.08718,77.47947,331.36,295.48,3.5,0.61,0.54,2026-09-07,0841,N21,VIIRS,n,D,VIIRS_NOAA21_NRT
9.20163,78.26099,330.33,286.01,1.0,0.35,0.57,2026-09-07,0841,N21,VIIRS,n,D,VIIRS_NOAA21_NRT
9.27757,77.48306,332.05,292.42,3.24,0.62,0.54,2026-09-07,0841,N21,VIIRS,n,D,VIIRS_NOAA21_NRT
10.52722,76.9183,336.19,296.67,7.44,0.59,0.53,2026-09-07,0841,N21,VIIRS,n,D,VIIRS_NOAA21_NRT
11.4255,79.19963,351.07,295.32,7.34,0.44,0.62,2026-09-07,0841,N21,VIIRS,n,D,VIIRS_NOAA21_NRT
12.19458,76.79126,340.22,296.11,14.03,0.61,0.53,2026-09-07,0841,N21,VIIRS,n,D,VIIRS_NOAA21_NRT
12.62642,79.35217,343.14,293.93,11.39,0.46,0.64,2026-09-07,0841,N21,VIIRS,n,D,VIIRS_NOAA21_NRT
12.62691,79.35641,343.88,294.09,12.36,0.46,0.64,2026-09-07,0841,N21,VIIRS,n,D,VIIRS_NOAA21_NRT
13.30328,77.49928,330.44,297.74,3.78,0.35,0.57,2026-09-07,0841,N21,VIIRS,n,D,VIIRS_NOAA21_NRT
13.39125,78.55362,342.85,298.16,4.87,0.42,0.61,2026-09-07,0841,N21,VIIRS,n,D,VIIRS_NOAA21_NRT
13.61422,76.79543,335.54,300.97,2.84,0.32,0.55,2026-09-07,0841,N21,VIIRS,n,D,VIIRS_NOAA21_NRT
13.82308,77.46265,337.35,300.64,3.01,0.36,0.57,2026-09-07,0841,N21,VIIRS,n,D,VIIRS_NOAA21_NRT
13.82392,77.46268,339.89,300.31,3.11,0.36,0.57,2026-09-07,0841,N21,VIIRS,n,D,VIIRS_NOAA21_NRT
13.86369,79.33259,336.09,296.38,5.38,0.48,0.65,2026-09-07,0841,N21,VIIRS,n,D,VIIRS_NOAA21_NRT
14.00484,78.13704,332.62,296.18,3.08,0.4,0.6,2026-09-07,0841,N21,VIIRS,n,D,VIIRS_NOAA21_NRT
14.00567,78.1367,332.7,294.74,3.4,0.4,0.6,2026-09-07,0841,N21,VIIRS,n,D,VIIRS_NOAA21_NRT
14.09951,77.17999,334.11,298.12,2.63,0.34,0.56,2026-09-07,0841,N21,VIIRS,n,D,VIIRS_NOAA21_NRT
14.14242,76.60857,334.84,301.39,3.5,0.63,0.54,2026-09-07,0841,N21,VIIRS,n,D,VIIRS_NOAA21_NRT
14.23907,76.68808,334.02,300.85,2.67,0.32,0.55,2026-09-07,0841,N21,VIIRS,n,D,VIIRS_NOAA21_NRT
14.49482,76.82112,337.0,299.4,2.52,0.33,0.55,2026-09-07,0841,N21,VIIRS,n,D,VIIRS_NOAA21_NRT
14.58273,79.70184,349.83,292.5,4.41,0.52,0.67,2026-09-07,0841,N21,VIIRS,n,D,VIIRS_NOAA21_NRT
14.82235,76.79653,342.41,291.85,4.65,0.33,0.55,2026-09-07,0841,N21,VIIRS,n,D,VIIRS_NOAA21_NRT
14.82348,76.79816,340.39,296.98,4.78,0.33,0.55,2026-09-07,0841,N21,VIIRS,n,D,VIIRS_NOAA21_NRT
14.88572,79.6793,340.72,294.94,7.13,0.52,0.67,2026-09-07,0841,N21,VIIRS,n,D,VIIRS_NOAA21_NRT
15.40742,79.91134,347.9,292.62,7.07,0.55,0.68,2026-09-07,0841,N21,VIIRS,n,D,VIIRS_NOAA21_NRT
16.01439,78.2641,337.66,291.69,4.22,0.43,0.62,2026-09-07,0843,N21,VIIRS,n,D,VIIRS_NOAA21_NRT
23.22736,69.83858,335.03,305.42,4.47,0.48,0.4,2026-09-07,0845,N21,VIIRS,l,D,VIIRS_NOAA21_NRT
25.34143,68.63101,330.58,302.37,1.73,0.44,0.39,2026-09-07,0845,N21,VIIRS,n,D,VIIRS_NOAA21_NRT
25.63929,69.00839,339.4,301.64,4.03,0.46,0.39,2026-09-07,0845,N21,VIIRS,n,D,VIIRS_NOAA21_NRT
25.98134,69.03048,330.38,303.1,2.3,0.47,0.4,2026-09-07,0845,N21,VIIRS,l,D,VIIRS_NOAA21_NRT
26.10309,69.05104,334.92,304.51,4.2,0.47,0.4,2026-09-07,0845,N21,VIIRS,n,D,VIIRS_NOAA21_NRT
31.12267,74.66468,341.94,298.23,5.3,0.38,0.58,2026-09-07,0848,N21,VIIRS,n,D,VIIRS_NOAA21_NRT
31.25978,74.14223,338.15,299.69,4.68,0.35,0.57,2026-09-07,0848,N21,VIIRS,n,D,VIIRS_NOAA21_NRT
32.06182,69.6449,344.4,317.2,7.08,0.39,0.44,2026-09-07,0848,N21,VIIRS,n,D,VIIRS_NOAA21_NRT
32.58258,74.33222,336.41,296.72,3.35,0.37,0.58,2026-09-07,0848,N21,VIIRS,n,D,VIIRS_NOAA21_NRT
32.58622,74.33195,331.64,296.41,3.35,0.37,0.58,2026-09-07,0848,N21,VIIRS,n,D,VIIRS_NOAA21_NRT
27.87733,96.90741,319.15,,13.54,1.0,1.0,2026-09-07,0854,Aqua,MODIS,79,D,MODIS_NRT
24.80595,68.12324,354.71,301.0,28.36,0.61,0.53,2026-09-07,0922,N,VIIRS,n,D,VIIRS_SNPP_NRT
25.29603,68.12163,341.06,306.47,4.74,0.62,0.54,2026-09-07,0922,N,VIIRS,n,D,VIIRS_SNPP_NRT
33.20423,70.47748,347.8,298.83,6.6,0.51,0.66,2026-09-07,0924,N,VIIRS,n,D,VIIRS_SNPP_NRT
33.20913,70.47443,343.24,298.42,4.15,0.51,0.66,2026-09-07,0924,N,VIIRS,n,D,VIIRS_SNPP_NRT
9.54162,77.89803,331.99,,13.66,1.07,1.03,2026-09-07,1028,Aqua,MODIS,46,D,MODIS_NRT
10.94659,78.78937,325.45,,15.99,1.23,1.1,2026-09-07,1028,Aqua,MODIS,42,D,MODIS_NRT
14.62007,79.26971,322.18,,12.88,1.48,1.2,2026-09-07,1028,Aqua,MODIS,45,D,MODIS_NRT
14.64835,75.63805,319.01,,7.59,1.01,1.0,2026-09-07,1030,Aqua,MODIS,69,D,MODIS_NRT
14.64966,75.64705,342.25,,38.52,1.01,1.0,2026-09-07,1030,Aqua,MODIS,91,D,MODIS_NRT
18.56978,72.24012,322.86,,18.84,1.11,1.05,2026-09-07,1032,Aqua,MODIS,76,D,MODIS_NRT
23.17666,68.86337,319.32,,20.43,1.46,1.2,2026-09-07,1032,Aqua,MODIS,71,D,MODIS_NRT
30.61854,72.13635,320.4,,8.76,1.02,1.01,2026-09-07,1034,Aqua,MODIS,65,D,MODIS_NRT
31.25893,74.13979,317.76,,8.39,1.2,1.09,2026-09-07,1034,Aqua,MODIS,67,D,MODIS_NRT
31.32938,72.21304,326.94,,17.2,1.03,1.01,2026-09-07,1034,Aqua,MODIS,75,D,MODIS_NRT
25.54453,91.23573,300.78,,4.23,1.01,1.0,2026-09-07,1422,Terra,MODIS,33,N,MODIS_NRT
27.31742,95.26527,318.26,290.95,2.94,0.41,0.37,2026-09-07,1930,N21,VIIRS,n,N,VIIRS_NOAA21_NRT
27.32616,95.27573,307.73,289.94,1.99,0.41,0.37,2026-09-07,1930,N21,VIIRS,n,N,VIIRS_NOAA21_NRT
27.37592,95.33641,312.16,291.02,2.64,0.42,0.37,2026-09-07,1930,N21,VIIRS,n,N,VIIRS_NOAA21_NRT
27.37664,95.33227,317.79,290.96,2.69,0.41,0.37,2026-09-07,1930,N21,VIIRS,n,N,VIIRS_NOAA21_NRT
29.22552,88.3506,295.45,281.85,1.09,0.56,0.43,2026-09-07,1930,N21,VIIRS,n,N,VIIRS_NOAA21_NRT
20.75782,85.29731,305.4,290.09,1.97,0.44,0.46,2026-09-07,1932,N21,VIIRS,n,N,VIIRS_NOAA21_NRT
20.75834,85.29301,308.63,290.09,3.7,0.44,0.46,2026-09-07,1932,N21,VIIRS,n,N,VIIRS_NOAA21_NRT
20.76207,85.29778,305.05,290.05,1.97,0.44,0.46,2026-09-07,1932,N21,VIIRS,n,N,VIIRS_NOAA21_NRT
20.78339,85.26167,309.48,290.09,4.05,0.44,0.46,2026-09-07,1932,N21,VIIRS,n,N,VIIRS_NOAA21_NRT
20.7837,85.26202,313.38,290.15,3.75,0.44,0.46,2026-09-07,1932,N21,VIIRS,n,N,VIIRS_NOAA21_NRT
20.79287,85.25444,338.42,290.03,9.84,0.44,0.46,2026-09-07,1932,N21,VIIRS,n,N,VIIRS_NOAA21_NRT
20.79323,85.25481,337.99,289.68,8.31,0.44,0.46,2026-09-07,1932,N21,VIIRS,n,N,VIIRS_NOAA21_NRT
20.80563,85.25608,322.07,291.07,5.55,0.44,0.46,2026-09-07,1932,N21,VIIRS,n,N,VIIRS_NOAA21_NRT
20.8626,84.99263,307.0,290.79,2.96,0.46,0.47,2026-09-07,1932,N21,VIIRS,n,N,VIIRS_NOAA21_NRT
20.86311,84.9883,335.65,291.32,2.96,0.46,0.47,2026-09-07,1932,N21,VIIRS,n,N,VIIRS_NOAA21_NRT
20.86642,84.99756,306.39,290.88,2.84,0.46,0.47,2026-09-07,1932,N21,VIIRS,n,N,VIIRS_NOAA21_NRT
20.87075,84.99813,317.91,290.62,2.84,0.46,0.47,2026-09-07,1932,N21,VIIRS,n,N,VIIRS_NOAA21_NRT
20.87126,84.9938,335.78,290.8,7.29,0.46,0.47,2026-09-07,1932,N21,VIIRS,n,N,VIIRS_NOAA21_NRT
20.88581,84.98227,316.6,290.85,2.76,0.46,0.47,2026-09-07,1932,N21,VIIRS,n,N,VIIRS_NOAA21_NRT
20.89015,84.9828,323.51,290.68,2.76,0.46,0.47,2026-09-07,1932,N21,VIIRS,n,N,VIIRS_NOAA21_NRT
20.95461,85.01144,309.47,291.07,3.0,0.46,0.47,2026-09-07,1932,N21,VIIRS,n,N,VIIRS_NOAA21_NRT
20.96004,85.18867,306.86,290.6,1.83,0.45,0.47,2026-09-07,1932,N21,VIIRS,n,N,VIIRS_NOAA21_NRT
20.96054,85.18441,308.3,290.78,1.83,0.45,0.47,2026-09-07,1932,N21,VIIRS,n,N,VIIRS_NOAA21_NRT
20.96156,85.17583,311.0,291.1,5.26,0.45,0.47,2026-09-07,1932,N21,VIIRS,n,N,VIIRS_NOAA21_NRT
20.96207,85.17151,313.81,291.14,2.02,0.45,0.47,2026-09-07,1932,N21,VIIRS,n,N,VIIRS_NOAA21_NRT
20.96258,85.16721,310.18,291.1,2.02,0.45,0.47,2026-09-07,1932,N21,VIIRS,n,N,VIIRS_NOAA21_NRT
20.9631,85.16286,313.34,290.83,3.84,0.45,0.47,2026-09-07,1932,N21,VIIRS,n,N,VIIRS_NOAA21_NRT
20.96432,85.18922,317.49,290.89,1.83,0.45,0.47,2026-09-07,1932,N21,VIIRS,n,N,VIIRS_NOAA21_NRT
20.96482,85.18497,310.34,290.84,1.83,0.45,0.47,2026-09-07,1932,N21,VIIRS,n,N,VIIRS_NOAA21_NRT
20.96636,85.17205,306.14,290.84,2.02,0.45,0.47,2026-09-07,1932,N21,VIIRS,n,N,VIIRS_NOAA21_NRT
20.96688,85.16772,312.46,291.06,2.02,0.45,0.47,2026-09-07,1932,N21,VIIRS,n,N,VIIRS_NOAA21_NRT
20.96842,85.15473,322.83,290.75,4.81,0.45,0.47,2026-09-07,1932,N21,VIIRS,n,N,VIIRS_NOAA21_NRT
20.97013,85.17691,330.66,291.28,6.27,0.45,0.47,2026-09-07,1932,N21,VIIRS,n,N,VIIRS_NOAA21_NRT
20.97494,85.17311,312.08,290.73,3.35,0.45,0.47,2026-09-07,1932,N21,VIIRS,n,N,VIIRS_NOAA21_NRT
20.97546,85.16879,311.99,290.96,3.35,0.45,0.47,2026-09-07,1932,N21,VIIRS,n,N,VIIRS_NOAA21_NRT
21.07166,85.04259,306.27,290.44,3.2,0.46,0.47,2026-09-07,1932,N21,VIIRS,n,N,VIIRS_NOAA21_NRT
21.07547,85.04758,305.71,290.74,3.25,0.46,0.47,2026-09-07,1932,N21,VIIRS,n,N,VIIRS_NOAA21_NRT
21.07599,85.04311,308.78,290.56,2.87,0.46,0.47,2026-09-07,1932,N21,VIIRS,n,N,VIIRS_NOAA21_NRT
21.07651,85.03867,315.46,291.45,2.87,0.46,0.47,2026-09-07,1932,N21,VIIRS,n,N,VIIRS_NOAA21_NRT
21.08136,85.03483,307.16,290.61,4.23,0.46,0.47,2026-09-07,1932,N21,VIIRS,n,N,VIIRS_NOAA21_NRT
21.18266,81.38652,300.42,273.58,1.84,0.4,0.6,2026-09-07,1932,N21,VIIRS,n,N,VIIRS_NOAA21_NRT
21.18779,81.39091,297.45,271.47,0.92,0.4,0.6,2026-09-07,1932,N21,VIIRS,n,N,VIIRS_NOAA21_NRT
21.3091,81.59063,298.73,271.56,1.06,0.39,0.59,2026-09-07,1932,N21,VIIRS,n,N,VIIRS_NOAA21_NRT
21.33561,78.96673,307.5,286.84,2.93,0.58,0.69,2026-09-07,1932,N21,VIIRS,n,N,VIIRS_NOAA21_NRT
21.33755,78.9687,313.83,287.02,2.75,0.58,0.69,2026-09-07,1932,N21,VIIRS,n,N,VIIRS_NOAA21_NRT
21.36597,81.68304,297.76,273.95,0.47,0.38,0.59,2026-09-07,1932,N21,VIIRS,n,N,VIIRS_NOAA21_NRT
21.37718,81.68044,307.24,276.36,1.63,0.38,0.59,2026-09-07,1932,N21,VIIRS,n,N,VIIRS_NOAA21_NRT
21.37957,81.68008,298.36,276.57,0.25,0.38,0.59,2026-09-07,1932,N21,VIIRS,n,N,VIIRS_NOAA21_NRT
21.38556,81.65132,302.29,277.01,2.01,0.38,0.59,2026-09-07,1932,N21,VIIRS,n,N,VIIRS_NOAA21_NRT
21.4856,81.76935,308.9,286.9,1.18,0.38,0.59,2026-09-07,1932,N21,VIIRS,n,N,VIIRS_NOAA21_NRT
21.48848,81.76777,307.39,287.12,0.95,0.38,0.59,2026-09-07,1932,N21,VIIRS,n,N,VIIRS_NOAA21_NRT
21.61971,81.79224,305.05,287.47,1.01,0.38,0.59,2026-09-07,1932,N21,VIIRS,n,N,VIIRS_NOAA21_NRT
21.67357,84.0414,304.03,287.79,2.61,0.54,0.51,2026-09-07,1932,N21,VIIRS,n,N,VIIRS_NOAA21_NRT
21.67879,84.03669,312.44,288.62,3.53,0.54,0.51,2026-09-07,1932,N21,VIIRS,n,N,VIIRS_NOAA21_NRT
21.67999,84.04037,309.32,288.14,3.42,0.54,0.51,2026-09-07,1932,N21,VIIRS,n,N,VIIRS_NOAA21_NRT
21.7425,83.84057,307.16,288.59,2.97,0.56,0.51,2026-09-07,1932,N21,VIIRS,n,N,VIIRS_NOAA21_NRT
21.74723,83.84109,318.11,288.42,4.12,0.56,0.51,2026-09-07,1932,N21,VIIRS,n,N,VIIRS_NOAA21_NRT
21.75669,83.84213,308.73,288.36,2.66,0.56,0.51,2026-09-07,1932,N21,VIIRS,n,N,VIIRS_NOAA21_NRT
21.76084,83.84806,311.27,286.58,2.66,0.56,0.51,2026-09-07,1932,N21,VIIRS,n,N,VIIRS_NOAA21_NRT
21.79066,80.01683,306.09,284.0,2.2,0.5,0.66,2026-09-07,1932,N21,VIIRS,n,N,VIIRS_NOAA21_NRT
21.79503,83.8849,305.3,288.23,2.26,0.56,0.51,2026-09-07,1932,N21,VIIRS,n,N,VIIRS_NOAA21_NRT
21.80345,82.03878,307.21,287.02,1.11,0.37,0.58,2026-09-07,1932,N21,VIIRS,n,N,VIIRS_NOAA21_NRT
21.87658,83.49339,302.13,279.79,1.94,0.59,0.53,2026-09-07,1932,N21,VIIRS,n,N,VIIRS_NOAA21_NRT
21.92088,83.35279,313.94,285.99,2.88,0.6,0.53,2026-09-07,1932,N21,VIIRS,n,N,VIIRS_NOAA21_NRT
21.92149,83.34697,307.16,285.24,2.88,0.6,0.53,2026-09-07,1932,N21,VIIRS,n,N,VIIRS_NOAA21_NRT
21.927,83.34171,305.73,285.99,3.11,0.61,0.53,2026-09-07,1932,N21,VIIRS,n,N,VIIRS_NOAA21_NRT
21.98534,83.23161,307.36,286.48,2.16,0.62,0.54,2026-09-07,1932,N21,VIIRS,n,N,VIIRS_NOAA21_NRT
21.98602,82.01473,300.81,277.89,0.39,0.37,0.58,2026-09-07,1932,N21,VIIRS,n,N,VIIRS_NOAA21_NRT
21.98742,82.01503,300.91,278.27,0.5,0.37,0.58,2026-09-07,1932,N21,VIIRS,n,N,VIIRS_NOAA21_NRT
22.00196,82.66714,307.97,287.42,1.1,0.34,0.56,2026-09-07,1932,N21,VIIRS,n,N,VIIRS_NOAA21_NRT
22.00673,82.67106,305.67,286.55,0.7,0.34,0.56,2026-09-07,1932,N21,VIIRS,n,N,VIIRS_NOAA21_NRT
22.02972,83.7425,303.55,284.2,1.37,0.57,0.52,2026-09-07,1932,N21,VIIRS,n,N,VIIRS_NOAA21_NRT
22.0376,83.35199,309.7,286.07,2.77,0.61,0.53,2026-09-07,1932,N21,VIIRS,n,N,VIIRS_NOAA21_NRT
22.0399,83.73799,300.44,280.24,1.17,0.57,0.52,2026-09-07,1932,N21,VIIRS,n,N,VIIRS_NOAA21_NRT
22.04051,83.73247,300.04,277.82,1.04,0.57,0.52,2026-09-07,1932,N21,VIIRS,n,N,VIIRS_NOAA21_NRT
22.04097,83.73392,298.73,277.79,1.43,0.57,0.52,2026-09-07,1932,N21,VIIRS,n,N,VIIRS_NOAA21_NRT
22.21465,84.8704,306.05,285.12,1.4,0.49,0.48,2026-09-07,1932,N21,VIIRS,n,N,VIIRS_NOAA21_NRT
22.2152,84.86568,306.23,283.24,1.4,0.49,0.48,2026-09-07,1932,N21,VIIRS,n,N,VIIRS_NOAA21_NRT
22.31631,82.5633,306.76,283.05,2.74,0.34,0.56,2026-09-07,1932,N21,VIIRS,n,N,VIIRS_NOAA21_NRT
22.32403,82.59084,308.07,280.92,1.02,0.34,0.56,2026-09-07,1932,N21,VIIRS,n,N,VIIRS_NOAA21_NRT
22.32787,82.60461,300.55,279.96,0.79,0.34,0.56,2026-09-07,1932,N21,VIIRS,n,N,VIIRS_NOAA21_NRT
22.33269,82.60851,308.18,279.82,1.24,0.34,0.56,2026-09-07,1932,N21,VIIRS,n,N,VIIRS_NOAA21_NRT
22.37626,87.27948,299.37,277.87,1.87,0.53,0.42,2026-09-07,1932,N21,VIIRS,n,N,VIIRS_NOAA21_NRT
22.47836,90.71011,307.5,291.44,0.51,0.39,0.36,2026-09-07,1932,N21,VIIRS,n,N,VIIRS_NOAA21_NRT
22.86449,89.53908,305.48,284.07,0.54,0.42,0.38,2026-09-07,1932,N21,VIIRS,n,N,VIIRS_NOAA21_NRT
23.55897,87.2391,312.39,283.82,2.65,0.55,0.43,2026-09-07,1932,N21,VIIRS,n,N,VIIRS_NOAA21_NRT
23.55958,87.24075,311.99,281.07,3.11,0.55,0.43,2026-09-07,1932,N21,VIIRS,n,N,VIIRS_NOAA21_NRT
23.68455,86.3901,300.9,284.18,3.58,0.41,0.45,2026-09-07,1932,N21,VIIRS,n,N,VIIRS_NOAA21_NRT
23.70043,90.53055,309.5,291.19,2.16,0.4,0.37,2026-09-07,1932,N21,VIIRS,n,N,VIIRS_NOAA21_NRT
23.75419,85.85508,306.85,286.78,1.94,0.44,0.46,2026-09-07,1932,N21,VIIRS,n,N,VIIRS_NOAA21_NRT
23.78814,85.55099,302.74,285.92,2.88,0.46,0.47,2026-09-07,1932,N21,VIIRS,n,N,VIIRS_NOAA21_NRT
23.8034,86.32811,297.02,278.46,1.33,0.42,0.45,2026-09-07,1932,N21,VIIRS,n,N,VIIRS_NOAA21_NRT
24.13313,82.59035,304.22,278.67,1.25,0.36,0.57,2026-09-07,1932,N21,VIIRS,n,N,VIIRS_NOAA21_NRT
24.20175,82.71009,300.68,277.64,1.28,0.35,0.57,2026-09-07,1932,N21,VIIRS,n,N,VIIRS_NOAA21_NRT
24.32804,81.32866,299.93,287.18,1.27,0.44,0.62,2026-09-07,1932,N21,VIIRS,n,N,VIIRS_NOAA21_NRT
15.02316,78.01364,301.33,278.47,4.18,0.57,0.69,2026-09-07,1934,N21,VIIRS,n,N,VIIRS_NOAA21_NRT
15.17382,77.09942,302.63,286.73,2.65,0.66,0.73,2026-09-07,1934,N21,VIIRS,n,N,VIIRS_NOAA21_NRT
17.46402,80.6552,312.13,288.62,1.61,0.4,0.6,2026-09-07,1934,N21,VIIRS,n,N,VIIRS_NOAA21_NRT
17.46438,80.65501,312.76,288.56,1.42,0.4,0.6,2026-09-07,1934,N21,VIIRS,n,N,VIIRS_NOAA21_NRT
18.72132,79.53968,303.63,287.74,1.41,0.49,0.65,2026-09-07,1934,N21,VIIRS,n,N,VIIRS_NOAA21_NRT
19.09691,82.16727,316.26,289.76,1.16,0.33,0.56,2026-09-07,1934,N21,VIIRS,n,N,VIIRS_NOAA21_NRT
19.09863,82.16817,310.64,289.53,1.73,0.33,0.56,2026-09-07,1934,N21,VIIRS,n,N,VIIRS_NOAA21_NRT
19.10202,82.16782,305.78,290.32,1.16,0.33,0.56,2026-09-07,1934,N21,VIIRS,n,N,VIIRS_NOAA21_NRT
19.10234,82.16467,317.52,289.7,1.16,0.33,0.56,2026-09-07,1934,N21,VIIRS,n,N,VIIRS_NOAA21_NRT
19.10374,82.16871,305.12,289.87,0.93,0.33,0.56,2026-09-07,1934,N21,VIIRS,n,N,VIIRS_NOAA21_NRT
19.10409,82.16557,304.43,289.5,0.95,0.33,0.56,2026-09-07,1934,N21,VIIRS,n,N,VIIRS_NOAA21_NRT
19.9212,79.11353,301.64,283.1,1.45,0.54,0.68,2026-09-07,1934,N21,VIIRS,n,N,VIIRS_NOAA21_NRT
8.43688,77.6253,297.94,273.86,0.53,0.49,0.65,2026-09-07,1936,N21,VIIRS,n,N,VIIRS_NOAA21_NRT
10.82716,78.82903,320.19,291.49,2.81,0.44,0.62,2026-09-07,1936,N21,VIIRS,n,N,VIIRS_NOAA21_NRT
11.8151,77.91316,305.93,291.15,2.0,0.52,0.67,2026-09-07,1936,N21,VIIRS,n,N,VIIRS_NOAA21_NRT
11.81557,77.91275,305.57,290.74,1.99,0.52,0.67,2026-09-07,1936,N21,VIIRS,n,N,VIIRS_NOAA21_NRT
12.02786,79.03661,307.05,291.73,0.85,0.44,0.62,2026-09-07,1936,N21,VIIRS,n,N,VIIRS_NOAA21_NRT
12.74653,77.61774,300.76,288.0,1.69,0.56,0.69,2026-09-07,1936,N21,VIIRS,n,N,VIIRS_NOAA21_NRT
31.3671,76.35385,311.15,289.99,2.46,0.43,0.62,2026-09-07,2006,N,VIIRS,n,N,VIIRS_SNPP_NRT
32.30096,74.31669,305.12,291.62,1.27,0.57,0.69,2026-09-07,2006,N,VIIRS,n,N,VIIRS_SNPP_NRT
21.92332,85.22227,300.52,287.2,1.07,0.38,0.36,2026-09-07,2008,N,VIIRS,n,N,VIIRS_SNPP_NRT
22.01295,83.75442,307.61,289.52,1.24,0.41,0.37,2026-09-07,2008,N,VIIRS,n,N,VIIRS_SNPP_NRT
22.01634,83.75499,307.63,290.06,0.97,0.41,0.37,2026-09-07,2008,N,VIIRS,n,N,VIIRS_SNPP_NRT
22.01691,83.75108,305.81,289.89,1.19,0.41,0.37,2026-09-07,2008,N,VIIRS,n,N,VIIRS_SNPP_NRT
22.02825,83.74499,304.38,287.59,0.63,0.41,0.37,2026-09-07,2008,N,VIIRS,n,N,VIIRS_SNPP_NRT
22.03677,83.73435,305.64,288.32,1.03,0.41,0.37,2026-09-07,2008,N,VIIRS,n,N,VIIRS_SNPP_NRT
22.03716,83.35303,312.58,289.7,1.48,0.42,0.37,2026-09-07,2008,N,VIIRS,n,N,VIIRS_SNPP_NRT
22.03734,83.73043,309.51,288.19,1.29,0.41,0.37,2026-09-07,2008,N,VIIRS,n,N,VIIRS_SNPP_NRT
22.03775,83.34901,309.61,288.74,0.81,0.42,0.37,2026-09-07,2008,N,VIIRS,n,N,VIIRS_SNPP_NRT
22.04016,83.73492,307.47,288.43,1.77,0.41,0.37,2026-09-07,2008,N,VIIRS,n,N,VIIRS_SNPP_NRT
22.06517,83.70693,303.72,278.88,0.88,0.41,0.37,2026-09-07,2008,N,VIIRS,n,N,VIIRS_SNPP_NRT
22.09159,83.12476,306.26,289.68,1.03,0.42,0.38,2026-09-07,2008,N,VIIRS,n,N,VIIRS_SNPP_NRT
22.09291,83.12337,306.99,289.74,0.8,0.42,0.38,2026-09-07,2008,N,VIIRS,n,N,VIIRS_SNPP_NRT
22.20656,84.85925,306.99,291.38,1.63,0.39,0.36,2026-09-07,2008,N,VIIRS,n,N,VIIRS_SNPP_NRT
22.2093,84.86359,310.79,292.15,1.38,0.39,0.36,2026-09-07,2008,N,VIIRS,n,N,VIIRS_SNPP_NRT
22.21032,84.87914,311.4,291.41,2.44,0.39,0.36,2026-09-07,2008,N,VIIRS,n,N,VIIRS_SNPP_NRT
22.2109,84.8754,332.48,292.05,2.44,0.39,0.36,2026-09-07,2008,N,VIIRS,n,N,VIIRS_SNPP_NRT
22.21147,84.87166,321.25,291.36,2.21,0.39,0.36,2026-09-07,2008,N,VIIRS,n,N,VIIRS_SNPP_NRT
22.21205,84.86791,317.55,291.13,2.21,0.39,0.36,2026-09-07,2008,N,VIIRS,n,N,VIIRS_SNPP_NRT
22.21262,84.86417,306.93,291.9,1.38,0.39,0.36,2026-09-07,2008,N,VIIRS,n,N,VIIRS_SNPP_NRT
22.21537,84.8685,311.14,291.15,1.97,0.39,0.36,2026-09-07,2008,N,VIIRS,n,N,VIIRS_SNPP_NRT
22.31507,82.53609,304.74,289.46,2.33,0.45,0.39,2026-09-07,2008,N,VIIRS,n,N,VIIRS_SNPP_NRT
22.31799,82.5677,310.21,290.26,2.46,0.45,0.39,2026-09-07,2008,N,VIIRS,n,N,VIIRS_SNPP_NRT
22.31859,82.56335,316.0,290.56,3.61,0.45,0.39,2026-09-07,2008,N,VIIRS,n,N,VIIRS_SNPP_NRT
22.321,82.54596,306.64,290.35,2.18,0.45,0.39,2026-09-07,2008,N,VIIRS,n,N,VIIRS_SNPP_NRT
22.32211,82.59047,312.49,289.68,2.42,0.45,0.39,2026-09-07,2008,N,VIIRS,n,N,VIIRS_SNPP_NRT
22.32993,82.53404,306.15,289.93,1.51,0.45,0.39,2026-09-07,2008,N,VIIRS,n,N,VIIRS_SNPP_NRT
22.33097,82.60513,320.14,289.97,2.59,0.45,0.39,2026-09-07,2008,N,VIIRS,n,N,VIIRS_SNPP_NRT
22.35425,82.30378,306.13,290.06,1.04,0.46,0.39,2026-09-07,2008,N,VIIRS,n,N,VIIRS_SNPP_NRT
22.35666,87.2903,307.49,287.22,1.66,0.4,0.37,2026-09-07,2008,N,VIIRS,n,N,VIIRS_SNPP_NRT
22.35786,82.30437,321.87,291.04,2.03,0.46,0.39,2026-09-07,2008,N,VIIRS,n,N,VIIRS_SNPP_NRT
22.35847,82.2999,306.3,289.92,1.81,0.46,0.39,2026-09-07,2008,N,VIIRS,n,N,VIIRS_SNPP_NRT
22.36481,87.30393,307.46,288.09,1.06,0.4,0.37,2026-09-07,2008,N,VIIRS,n,N,VIIRS_SNPP_NRT
22.36546,87.30004,318.07,287.62,2.53,0.4,0.37,2026-09-07,2008,N,VIIRS,n,N,VIIRS_SNPP_NRT
22.37614,87.27805,304.92,279.82,1.63,0.4,0.37,2026-09-07,2008,N,VIIRS,n,N,VIIRS_SNPP_NRT
23.69606,86.07864,306.71,286.25,2.29,0.38,0.36,2026-09-07,2008,N,VIIRS,n,N,VIIRS_SNPP_NRT
23.75589,85.85011,304.3,288.83,0.66,0.38,0.36,2026-09-07,2008,N,VIIRS,n,N,VIIRS_SNPP_NRT
23.76423,86.39191,297.67,280.38,1.12,0.39,0.36,2026-09-07,2008,N,VIIRS,n,N,VIIRS_SNPP_NRT
23.77234,86.19652,315.34,290.2,2.42,0.38,0.36,2026-09-07,2008,N,VIIRS,n,N,VIIRS_SNPP_NRT
24.13551,82.59011,313.35,286.91,2.22,0.46,0.39,2026-09-07,2008,N,VIIRS,n,N,VIIRS_SNPP_NRT
24.14507,82.65659,301.21,284.54,0.69,0.46,0.39,2026-09-07,2008,N,VIIRS,n,N,VIIRS_SNPP_NRT
24.1812,82.66249,307.03,286.44,1.4,0.46,0.39,2026-09-07,2008,N,VIIRS,n,N,VIIRS_SNPP_NRT
24.20153,82.7096,305.27,287.83,1.32,0.46,0.39,2026-09-07,2008,N,VIIRS,n,N,VIIRS_SNPP_NRT
24.2045,82.70778,304.64,287.58,1.22,0.46,0.39,2026-09-07,2008,N,VIIRS,n,N,VIIRS_SNPP_NRT
24.20514,82.71014,308.99,287.9,1.6,0.46,0.39,2026-09-07,2008,N,VIIRS,n,N,VIIRS_SNPP_NRT
24.76122,74.60571,303.2,290.66,1.01,0.47,0.64,2026-09-07,2008,N,VIIRS,n,N,VIIRS_SNPP_NRT
24.76444,74.60759,305.29,291.17,1.01,0.47,0.64,2026-09-07,2008,N,VIIRS,n,N,VIIRS_SNPP_NRT
26.77367,94.50772,303.98,287.53,1.96,0.52,0.5,2026-09-07,2008,N,VIIRS,n,N,VIIRS_SNPP_NRT
27.32268,95.27859,305.5,288.17,0.88,0.56,0.51,2026-09-07,2008,N,VIIRS,n,N,VIIRS_SNPP_NRT
27.32445,95.27393,304.83,287.95,1.4,0.56,0.51,2026-09-07,2008,N,VIIRS,n,N,VIIRS_SNPP_NRT
27.3751,95.3355,307.7,288.08,0.94,0.56,0.52,2026-09-07,2008,N,VIIRS,n,N,VIIRS_SNPP_NRT
28.34664,77.22958,305.33,292.45,0.56,0.35,0.57,2026-09-07,2008,N,VIIRS,n,N,VIIRS_SNPP_NRT
28.37362,77.22543,312.87,292.68,0.97,0.35,0.57,2026-09-07,2008,N,VIIRS,n,N,VIIRS_SNPP_NRT
28.66099,77.57737,306.46,293.34,0.67,0.34,0.56,2026-09-07,2008,N,VIIRS,n,N,VIIRS_SNPP_NRT
28.85041,77.14855,306.37,292.68,0.72,0.36,0.57,2026-09-07,2008,N,VIIRS,n,N,VIIRS_SNPP_NRT
29.90967,74.95046,307.94,290.62,6.63,0.5,0.66,2026-09-07,2008,N,VIIRS,n,N,VIIRS_SNPP_NRT
29.91,74.94514,367.0,291.13,10.9,0.5,0.66,2026-09-07,2008,N,VIIRS,h,N,VIIRS_SNPP_NRT
29.91032,74.93981,303.98,290.29,10.9,0.5,0.66,2026-09-07,2008,N,VIIRS,n,N,VIIRS_SNPP_NRT
15.17621,77.1028,303.67,289.79,4.86,0.49,0.49,2026-09-07,2010,N,VIIRS,n,N,VIIRS_SNPP_NRT
17.60513,83.20155,316.15,293.83,2.39,0.4,0.37,2026-09-07,2010,N,VIIRS,n,N,VIIRS_SNPP_NRT
17.61128,83.20637,311.32,293.45,0.96,0.4,0.37,2026-09-07,2010,N,VIIRS,n,N,VIIRS_SNPP_NRT
17.6936,83.24232,309.93,294.74,1.2,0.39,0.37,2026-09-07,2010,N,VIIRS,n,N,VIIRS_SNPP_NRT
17.95531,80.79729,310.34,293.27,1.99,0.49,0.4,2026-09-07,2010,N,VIIRS,n,N,VIIRS_SNPP_NRT
17.95595,80.79268,307.32,293.32,2.72,0.49,0.4,2026-09-07,2010,N,VIIRS,n,N,VIIRS_SNPP_NRT
17.96845,83.15285,307.51,294.04,0.8,0.4,0.37,2026-09-07,2010,N,VIIRS,n,N,VIIRS_SNPP_NRT
18.7168,79.53994,306.37,292.98,1.38,0.39,0.44,2026-09-07,2010,N,VIIRS,n,N,VIIRS_SNPP_NRT
18.72083,79.54057,307.39,293.05,0.99,0.39,0.44,2026-09-07,2010,N,VIIRS,n,N,VIIRS_SNPP_NRT
19.09837,82.16897,324.98,292.16,1.13,0.43,0.38,2026-09-07,2010,N,VIIRS,n,N,VIIRS_SNPP_NRT
19.09908,82.16777,317.36,291.83,1.29,0.43,0.38,2026-09-07,2010,N,VIIRS,n,N,VIIRS_SNPP_NRT
19.10188,82.16952,309.46,292.87,1.13,0.43,0.38,2026-09-07,2010,N,VIIRS,n,N,VIIRS_SNPP_NRT
19.10259,82.16832,310.34,293.22,1.29,0.43,0.38,2026-09-07,2010,N,VIIRS,n,N,VIIRS_SNPP_NRT
19.10317,82.1642,321.03,291.84,1.6,0.43,0.38,2026-09-07,2010,N,VIIRS,n,N,VIIRS_SNPP_NRT
19.82112,79.23884,306.04,292.13,0.75,0.42,0.45,2026-09-07,2010,N,VIIRS,n,N,VIIRS_SNPP_NRT
19.93037,79.12118,307.83,292.39,1.22,0.42,0.46,2026-09-07,2010,N,VIIRS,n,N,VIIRS_SNPP_NRT
19.93666,73.71207,310.84,284.38,1.69,0.47,0.64,2026-09-07,2010,N,VIIRS,n,N,VIIRS_SNPP_NRT
20.69603,78.6388,306.68,291.14,1.29,0.46,0.47,2026-09-07,2010,N,VIIRS,n,N,VIIRS_SNPP_NRT
20.75949,85.2986,324.96,291.89,2.66,0.38,0.36,2026-09-07,2010,N,VIIRS,n,N,VIIRS_SNPP_NRT
20.76007,85.29493,312.01,291.57,1.51,0.38,0.36,2026-09-07,2010,N,VIIRS,n,N,VIIRS_SNPP_NRT
20.76065,85.29126,306.88,291.03,1.51,0.38,0.36,2026-09-07,2010,N,VIIRS,n,N,VIIRS_SNPP_NRT
20.78513,85.26547,313.15,290.61,2.66,0.38,0.36,2026-09-07,2010,N,VIIRS,n,N,VIIRS_SNPP_NRT
20.78571,85.2618,316.32,291.42,3.1,0.38,0.36,2026-09-07,2010,N,VIIRS,n,N,VIIRS_SNPP_NRT
20.7896,85.25873,334.98,291.18,3.1,0.38,0.36,2026-09-07,2010,N,VIIRS,n,N,VIIRS_SNPP_NRT
20.7929,85.25932,306.66,291.29,1.4,0.38,0.36,2026-09-07,2010,N,VIIRS,n,N,VIIRS_SNPP_NRT
20.79349,85.25565,321.86,291.6,6.87,0.38,0.36,2026-09-07,2010,N,VIIRS,n,N,VIIRS_SNPP_NRT
20.79407,85.25198,330.59,290.7,6.87,0.38,0.36,2026-09-07,2010,N,VIIRS,n,N,VIIRS_SNPP_NRT
20.79621,85.2599,316.79,291.21,1.4,0.38,0.36,2026-09-07,2010,N,VIIRS,n,N,VIIRS_SNPP_NRT
20.79949,85.26003,321.45,291.23,2.16,0.38,0.36,2026-09-07,2010,N,VIIRS,n,N,VIIRS_SNPP_NRT
20.80338,85.25696,313.52,291.4,2.79,0.38,0.36,2026-09-07,2010,N,VIIRS,n,N,VIIRS_SNPP_NRT
20.80668,85.25755,328.96,292.94,4.39,0.38,0.36,2026-09-07,2010,N,VIIRS,n,N,VIIRS_SNPP_NRT
20.86272,84.9882,329.87,292.92,1.58,0.38,0.36,2026-09-07,2010,N,VIIRS,n,N,VIIRS_SNPP_NRT
20.86487,84.99614,318.33,292.61,1.87,0.38,0.36,2026-09-07,2010,N,VIIRS,n,N,VIIRS_SNPP_NRT
20.86545,84.99247,315.54,292.53,1.87,0.38,0.36,2026-09-07,2010,N,VIIRS,n,N,VIIRS_SNPP_NRT
20.86602,84.98879,308.0,292.16,1.58,0.38,0.36,2026-09-07,2010,N,VIIRS,n,N,VIIRS_SNPP_NRT
20.86818,84.99673,345.11,294.01,3.91,0.38,0.36,2026-09-07,2010,N,VIIRS,n,N,VIIRS_SNPP_NRT
20.86876,84.99306,312.48,292.77,3.91,0.38,0.36,2026-09-07,2010,N,VIIRS,n,N,VIIRS_SNPP_NRT
20.87148,84.99731,316.29,292.05,3.91,0.38,0.36,2026-09-07,2010,N,VIIRS,n,N,VIIRS_SNPP_NRT
20.88371,84.98437,311.78,292.57,1.57,0.38,0.36,2026-09-07,2010,N,VIIRS,n,N,VIIRS_SNPP_NRT
20.88428,84.9807,320.52,292.25,1.57,0.38,0.36,2026-09-07,2010,N,VIIRS,n,N,VIIRS_SNPP_NRT
20.88702,84.98495,310.15,292.78,1.57,0.38,0.36,2026-09-07,2010,N,VIIRS,n,N,VIIRS_SNPP_NRT
20.88759,84.98129,333.47,292.81,1.57,0.38,0.36,2026-09-07,2010,N,VIIRS,n,N,VIIRS_SNPP_NRT
20.95701,85.01184,311.63,293.53,3.02,0.38,0.36,2026-09-07,2010,N,VIIRS,n,N,VIIRS_SNPP_NRT
20.96017,85.18622,311.27,291.32,2.11,0.38,0.36,2026-09-07,2010,N,VIIRS,n,N,VIIRS_SNPP_NRT
20.96191,85.17519,308.15,291.84,1.78,0.38,0.36,2026-09-07,2010,N,VIIRS,n,N,VIIRS_SNPP_NRT
20.96249,85.17152,322.78,292.1,1.54,0.38,0.36,2026-09-07,2010,N,VIIRS,n,N,VIIRS_SNPP_NRT
20.9629,85.19048,322.56,292.72,3.35,0.38,0.36,2026-09-07,2010,N,VIIRS,n,N,VIIRS_SNPP_NRT
20.96307,85.16784,322.16,292.43,1.54,0.38,0.36,2026-09-07,2010,N,VIIRS,n,N,VIIRS_SNPP_NRT
20.96348,85.18681,335.02,292.68,2.11,0.38,0.36,2026-09-07,2010,N,VIIRS,n,N,VIIRS_SNPP_NRT
20.96406,85.18313,309.94,291.29,2.11,0.38,0.36,2026-09-07,2010,N,VIIRS,n,N,VIIRS_SNPP_NRT
20.96423,85.16049,310.36,291.45,2.96,0.38,0.36,2026-09-07,2010,N,VIIRS,n,N,VIIRS_SNPP_NRT
20.96464,85.17946,306.97,291.42,1.78,0.38,0.36,2026-09-07,2010,N,VIIRS,n,N,VIIRS_SNPP_NRT
20.9658,85.17211,307.3,291.47,1.54,0.38,0.36,2026-09-07,2010,N,VIIRS,n,N,VIIRS_SNPP_NRT
20.96638,85.16843,314.01,291.93,1.54,0.38,0.36,2026-09-07,2010,N,VIIRS,n,N,VIIRS_SNPP_NRT
20.96852,85.17638,337.27,292.39,2.79,0.38,0.36,2026-09-07,2010,N,VIIRS,n,N,VIIRS_SNPP_NRT
20.96869,85.15373,335.81,292.72,5.77,0.38,0.36,2026-09-07,2010,N,VIIRS,n,N,VIIRS_SNPP_NRT
20.9691,85.1727,330.17,292.4,5.18,0.38,0.36,2026-09-07,2010,N,VIIRS,n,N,VIIRS_SNPP_NRT
20.97183,85.17696,313.68,291.68,2.79,0.38,0.36,2026-09-07,2010,N,VIIRS,n,N,VIIRS_SNPP_NRT
20.97571,85.17388,312.16,291.39,1.94,0.38,0.36,2026-09-07,2010,N,VIIRS,n,N,VIIRS_SNPP_NRT
20.97629,85.1702,324.85,291.95,1.94,0.38,0.36,2026-09-07,2010,N,VIIRS,n,N,VIIRS_SNPP_NRT
20.9782,85.13654,316.87,292.36,1.91,0.38,0.36,2026-09-07,2010,N,VIIRS,n,N,VIIRS_SNPP_NRT
20.97878,85.13287,307.81,292.27,1.91,0.38,0.36,2026-09-07,2010,N,VIIRS,n,N,VIIRS_SNPP_NRT
21.07366,85.0472,309.46,292.21,0.97,0.38,0.36,2026-09-07,2010,N,VIIRS,n,N,VIIRS_SNPP_NRT
21.07424,85.04351,312.01,292.07,0.97,0.38,0.36,2026-09-07,2010,N,VIIRS,n,N,VIIRS_SNPP_NRT
21.07539,85.03615,308.1,293.45,2.14,0.38,0.36,2026-09-07,2010,N,VIIRS,n,N,VIIRS_SNPP_NRT
21.07755,85.0441,308.45,292.47,0.69,0.38,0.36,2026-09-07,2010,N,VIIRS,n,N,VIIRS_SNPP_NRT
21.0787,85.03674,316.31,293.7,2.19,0.38,0.36,2026-09-07,2010,N,VIIRS,n,N,VIIRS_SNPP_NRT
21.07928,85.03306,314.21,292.67,1.11,0.38,0.36,2026-09-07,2010,N,VIIRS,n,N,VIIRS_SNPP_NRT
21.1822,81.38818,307.06,287.91,1.54,0.49,0.4,2026-09-07,2010,N,VIIRS,n,N,VIIRS_SNPP_NRT
21.18283,81.38342,305.98,287.66,1.35,0.49,0.4,2026-09-07,2010,N,VIIRS,n,N,VIIRS_SNPP_NRT
21.18593,81.38875,316.12,288.83,1.54,0.49,0.4,2026-09-07,2010,N,VIIRS,n,N,VIIRS_SNPP_NRT
21.19211,81.39938,304.04,288.13,0.44,0.49,0.4,2026-09-07,2010,N,VIIRS,n,N,VIIRS_SNPP_NRT
21.1933,81.41888,327.06,289.37,5.78,0.49,0.4,2026-09-07,2010,N,VIIRS,n,N,VIIRS_SNPP_NRT
21.19393,81.41416,317.08,288.22,9.94,0.49,0.4,2026-09-07,2010,N,VIIRS,n,N,VIIRS_SNPP_NRT
21.19702,81.41945,321.15,288.76,5.78,0.49,0.4,2026-09-07,2010,N,VIIRS,n,N,VIIRS_SNPP_NRT
21.24577,81.77044,305.78,291.23,0.58,0.47,0.4,2026-09-07,2010,N,VIIRS,n,N,VIIRS_SNPP_NRT
21.30586,81.57719,306.64,290.83,1.24,0.48,0.4,2026-09-07,2010,N,VIIRS,n,N,VIIRS_SNPP_NRT
21.33333,78.96702,307.7,288.08,1.28,0.45,0.47,2026-09-07,2010,N,VIIRS,n,N,VIIRS_SNPP_NRT
21.33712,78.97202,305.33,288.8,1.38,0.45,0.47,2026-09-07,2010,N,VIIRS,n,N,VIIRS_SNPP_NRT
21.33766,78.96764,310.9,289.2,1.28,0.45,0.47,2026-09-07,2010,N,VIIRS,n,N,VIIRS_SNPP_NRT
21.34521,81.66624,304.62,288.02,0.58,0.48,0.4,2026-09-07,2010,N,VIIRS,n,N,VIIRS_SNPP_NRT
21.37473,81.64243,307.36,291.31,1.67,0.48,0.4,2026-09-07,2010,N,VIIRS,n,N,VIIRS_SNPP_NRT
21.37708,81.68069,310.66,292.12,2.95,0.48,0.4,2026-09-07,2010,N,VIIRS,n,N,VIIRS_SNPP_NRT
21.48734,81.77048,309.42,290.85,1.97,0.48,0.4,2026-09-07,2010,N,VIIRS,n,N,VIIRS_SNPP_NRT
21.62202,81.79386,306.19,290.65,1.91,0.48,0.4,2026-09-07,2010,N,VIIRS,n,N,VIIRS_SNPP_NRT
21.67835,84.03706,320.73,292.25,3.35,0.4,0.37,2026-09-07,2010,N,VIIRS,n,N,VIIRS_SNPP_NRT
21.68114,84.04147,313.58,292.82,3.14,0.4,0.37,2026-09-07,2010,N,VIIRS,n,N,VIIRS_SNPP_NRT
21.73854,83.84201,316.37,292.56,2.04,0.4,0.37,2026-09-07,2010,N,VIIRS,n,N,VIIRS_SNPP_NRT
21.74192,83.84258,325.8,292.67,4.75,0.4,0.37,2026-09-07,2010,N,VIIRS,n,N,VIIRS_SNPP_NRT
21.74531,83.84315,338.03,292.28,4.75,0.4,0.37,2026-09-07,2010,N,VIIRS,n,N,VIIRS_SNPP_NRT
21.74869,83.84371,336.84,293.31,4.0,0.4,0.37,2026-09-07,2010,N,VIIRS,n,N,VIIRS_SNPP_NRT
21.75208,83.84428,307.52,291.4,4.0,0.4,0.37,2026-09-07,2010,N,VIIRS,n,N,VIIRS_SNPP_NRT
21.75399,84.02219,317.94,291.76,3.68,0.4,0.37,2026-09-07,2010,N,VIIRS,n,N,VIIRS_SNPP_NRT
21.75546,83.84485,329.97,292.96,2.61,0.4,0.37,2026-09-07,2010,N,VIIRS,n,N,VIIRS_SNPP_NRT
21.75611,83.81718,306.86,290.94,0.93,0.4,0.37,2026-09-07,2010,N,VIIRS,n,N,VIIRS_SNPP_NRT
21.75941,83.84155,311.83,291.99,2.61,0.4,0.37,2026-09-07,2010,N,VIIRS,n,N,VIIRS_SNPP_NRT
21.76129,84.0195,313.8,292.64,2.32,0.4,0.37,2026-09-07,2010,N,VIIRS,n,N,VIIRS_SNPP_NRT
21.76164,83.84987,334.32,292.75,3.5,0.4,0.37,2026-09-07,2010,N,VIIRS,n,N,VIIRS_SNPP_NRT
21.76222,83.846,309.75,291.65,2.05,0.4,0.37,2026-09-07,2010,N,VIIRS,n,N,VIIRS_SNPP_NRT
21.76466,84.02008,320.86,292.87,2.32,0.4,0.37,2026-09-07,2010,N,VIIRS,n,N,VIIRS_SNPP_NRT
21.76745,84.0245,307.62,291.2,1.41,0.4,0.37,2026-09-07,2010,N,VIIRS,n,N,VIIRS_SNPP_NRT
21.76802,84.02066,313.33,292.35,1.75,0.4,0.37,2026-09-07,2010,N,VIIRS,n,N,VIIRS_SNPP_NRT
21.77139,84.02124,311.41,291.93,1.75,0.4,0.37,2026-09-07,2010,N,VIIRS,n,N,VIIRS_SNPP_NRT
21.79338,83.98951,306.09,291.23,0.6,0.4,0.37,2026-09-07,2010,N,VIIRS,n,N,VIIRS_SNPP_NRT
21.79533,83.883,311.63,291.24,1.36,0.4,0.37,2026-09-07,2010,N,VIIRS,n,N,VIIRS_SNPP_NRT
21.80094,83.89191,326.63,291.58,2.65,0.4,0.37,2026-09-07,2010,N,VIIRS,n,N,VIIRS_SNPP_NRT
21.81696,83.99355,306.84,291.28,0.75,0.4,0.37,2026-09-07,2010,N,VIIRS,n,N,VIIRS_SNPP_NRT
21.85923,83.96523,308.62,291.63,0.83,0.4,0.37,2026-09-07,2010,N,VIIRS,n,N,VIIRS_SNPP_NRT
21.87663,83.49507,309.03,288.8,1.13,0.41,0.37,2026-09-07,2010,N,VIIRS,n,N,VIIRS_SNPP_NRT
21.87819,83.55629,312.48,290.32,1.08,0.41,0.37,2026-09-07,2010,N,VIIRS,n,N,VIIRS_SNPP_NRT
21.87935,83.54838,305.36,289.86,0.9,0.41,0.37,2026-09-07,2010,N,VIIRS,n,N,VIIRS_SNPP_NRT
21.89918,83.98308,306.18,291.3,0.95,0.4,0.37,2026-09-07,2010,N,VIIRS,n,N,VIIRS_SNPP_NRT
21.91873,83.35078,315.86,280.18,2.05,0.42,0.37,2026-09-07,2010,N,VIIRS,n,N,VIIRS_SNPP_NRT
21.91931,83.34677,297.63,277.3,0.42,0.42,0.37,2026-09-07,2010,N,VIIRS,n,N,VIIRS_SNPP_NRT
21.92216,83.35136,317.07,280.68,1.83,0.42,0.37,2026-09-07,2010,N,VIIRS,n,N,VIIRS_SNPP_NRT
21.92392,83.3393,303.36,283.07,2.13,0.42,0.37,2026-09-07,2010,N,VIIRS,n,N,VIIRS_SNPP_NRT
21.9652,83.77157,306.37,290.43,2.53,0.4,0.37,2026-09-07,2010,N,VIIRS,n,N,VIIRS_SNPP_NRT
21.98398,83.23223,319.49,291.08,2.75,0.42,0.38,2026-09-07,2010,N,VIIRS,n,N,VIIRS_SNPP_NRT
21.98612,83.36504,300.36,281.05,0.33,0.42,0.37,2026-09-07,2010,N,VIIRS,n,N,VIIRS_SNPP_NRT
22.00236,82.66692,307.92,290.1,1.44,0.44,0.38,2026-09-07,2010,N,VIIRS,n,N,VIIRS_SNPP_NRT
22.00529,82.67177,309.98,290.83,1.72,0.44,0.38,2026-09-07,2010,N,VIIRS,n,N,VIIRS_SNPP_NRT
10.61566,77.41953,310.47,293.93,0.66,0.41,0.45,2026-09-07,2012,N,VIIRS,n,N,VIIRS_SNPP_NRT
10.82689,78.8291,313.7,294.42,2.11,0.51,0.41,2026-09-07,2012,N,VIIRS,n,N,VIIRS_SNPP_NRT
11.26702,80.00352,321.1,293.9,1.08,0.45,0.39,2026-09-07,2012,N,VIIRS,n,N,VIIRS_SNPP_NRT
11.76615,76.94112,305.83,290.12,0.87,0.46,0.47,2026-09-07,2012,N,VIIRS,n,N,VIIRS_SNPP_NRT
11.77049,76.9417,304.84,290.95,0.87,0.46,0.47,2026-09-07,2012,N,VIIRS,n,N,VIIRS_SNPP_NRT
11.81668,77.91529,307.02,294.26,1.54,0.4,0.44,2026-09-07,2012,N,VIIRS,n,N,VIIRS_SNPP_NRT
12.09401,76.79564,301.72,290.69,0.55,0.47,0.48,2026-09-07,2012,N,VIIRS,n,N,VIIRS_SNPP_NRT
12.09417,76.79395,302.15,290.74,0.63,0.47,0.48,2026-09-07,2012,N,VIIRS,n,N,VIIRS_SNPP_NRT
12.09841,76.79625,302.32,290.88,0.49,0.47,0.48,2026-09-07,2012,N,VIIRS,n,N,VIIRS_SNPP_NRT
12.09858,76.79456,305.69,290.83,0.66,0.47,0.48,2026-09-07,2012,N,VIIRS,n,N,VIIRS_SNPP_NRT
12.74417,77.6196,306.6,290.3,0.82,0.42,0.46,2026-09-07,2012,N,VIIRS,n,N,VIIRS_SNPP_NRT
26.77256,94.50258,302.32,285.2,0.97,0.64,0.72,2026-09-07,2025,N20,VIIRS,n,N,VIIRS_NOAA20_NRT
27.32047,95.26386,306.29,284.68,0.99,0.69,0.74,2026-09-07,2025,N20,VIIRS,n,N,VIIRS_NOAA20_NRT
28.34616,77.22871,313.07,294.52,1.12,0.46,0.39,2026-09-07,2025,N20,VIIRS,n,N,VIIRS_NOAA20_NRT
28.37247,77.22369,320.3,294.95,2.01,0.46,0.39,2026-09-07,2025,N20,VIIRS,n,N,VIIRS_NOAA20_NRT
28.6644,77.5774,312.09,295.27,1.02,0.45,0.39,2026-09-07,2025,N20,VIIRS,n,N,VIIRS_NOAA20_NRT
28.7105,76.8577,310.6,294.2,1.98,0.48,0.4,2026-09-07,2025,N20,VIIRS,n,N,VIIRS_NOAA20_NRT
28.77723,76.9485,305.39,294.4,0.77,0.48,0.4,2026-09-07,2025,N20,VIIRS,n,N,VIIRS_NOAA20_NRT
28.85133,77.14966,308.04,294.52,1.43,0.47,0.39,2026-09-07,2025,N20,VIIRS,n,N,VIIRS_NOAA20_NRT
29.22673,88.3504,302.23,281.74,1.78,0.49,0.49,2026-09-07,2025,N20,VIIRS,n,N,VIIRS_NOAA20_NRT
29.22729,88.34702,298.87,279.74,1.08,0.49,0.48,2026-09-07,2025,N20,VIIRS,n,N,VIIRS_NOAA20_NRT
29.4769,76.8572,306.33,295.55,0.79,0.49,0.4,2026-09-07,2025,N20,VIIRS,n,N,VIIRS_NOAA20_NRT
29.91073,74.9476,340.01,294.89,5.88,0.41,0.45,2026-09-07,2025,N20,VIIRS,n,N,VIIRS_NOAA20_NRT
31.25988,74.14248,313.18,289.84,1.85,0.48,0.48,2026-09-07,2025,N20,VIIRS,n,N,VIIRS_NOAA20_NRT
31.26055,74.14101,299.12,286.97,1.05,0.48,0.48,2026-09-07,2025,N20,VIIRS,n,N,VIIRS_NOAA20_NRT
31.3681,76.355,309.79,293.52,2.15,0.54,0.42,2026-09-07,2025,N20,VIIRS,n,N,VIIRS_NOAA20_NRT
31.61542,74.37488,310.51,294.29,0.99,0.47,0.47,2026-09-07,2025,N20,VIIRS,n,N,VIIRS_NOAA20_NRT
32.28885,70.73661,306.27,293.16,1.64,0.39,0.59,2026-09-07,2025,N20,VIIRS,n,N,VIIRS_NOAA20_NRT
32.28981,70.73565,306.36,293.04,1.62,0.39,0.59,2026-09-07,2025,N20,VIIRS,n,N,VIIRS_NOAA20_NRT
32.30166,74.31912,305.91,294.64,0.78,0.48,0.48,2026-09-07,2025,N20,VIIRS,n,N,VIIRS_NOAA20_NRT
32.30257,74.31789,305.37,294.07,1.36,0.48,0.48,2026-09-07,2025,N20,VIIRS,n,N,VIIRS_NOAA20_NRT
32.65657,70.47077,313.66,291.93,1.36,0.41,0.6,2026-09-07,2025,N20,VIIRS,n,N,VIIRS_NOAA20_NRT
32.88921,71.61584,306.87,293.46,1.15,0.35,0.57,2026-09-07,2025,N20,VIIRS,n,N,VIIRS_NOAA20_NRT
33.29603,71.18324,307.94,291.55,0.85,0.37,0.58,2026-09-07,2025,N20,VIIRS,n,N,VIIRS_NOAA20_NRT
35.96797,68.68448,303.44,290.08,1.28,0.55,0.68,2026-09-07,2025,N20,VIIRS,n,N,VIIRS_NOAA20_NRT
19.81956,79.33749,308.58,293.32,1.07,0.39,0.36,2026-09-07,2027,N20,VIIRS,n,N,VIIRS_NOAA20_NRT
19.92064,79.114,307.79,293.45,0.86,0.39,0.36,2026-09-07,2027,N20,VIIRS,n,N,VIIRS_NOAA20_NRT
19.92994,79.11945,306.36,292.98,0.63,0.39,0.36,2026-09-07,2027,N20,VIIRS,n,N,VIIRS_NOAA20_NRT
20.65921,78.49281,306.47,292.83,0.83,0.38,0.36,2026-09-07,2027,N20,VIIRS,n,N,VIIRS_NOAA20_NRT
20.69721,78.6387,308.79,293.01,1.46,0.38,0.36,2026-09-07,2027,N20,VIIRS,n,N,VIIRS_NOAA20_NRT
20.75979,85.29578,315.43,289.9,2.13,0.46,0.47,2026-09-07,2027,N20,VIIRS,n,N,VIIRS_NOAA20_NRT
20.76065,85.29149,306.26,289.47,2.13,0.46,0.47,2026-09-07,2027,N20,VIIRS,n,N,VIIRS_NOAA20_NRT
20.7619,85.29752,309.41,289.76,2.08,0.46,0.47,2026-09-07,2027,N20,VIIRS,n,N,VIIRS_NOAA20_NRT
20.76273,85.2932,312.94,289.61,2.08,0.46,0.47,2026-09-07,2027,N20,VIIRS,n,N,VIIRS_NOAA20_NRT
20.78562,85.25613,305.2,289.6,1.64,0.46,0.47,2026-09-07,2027,N20,VIIRS,n,N,VIIRS_NOAA20_NRT
20.78815,85.2658,310.85,290.11,2.77,0.46,0.47,2026-09-07,2027,N20,VIIRS,n,N,VIIRS_NOAA20_NRT
20.78902,85.26144,309.41,289.78,2.77,0.46,0.47,2026-09-07,2027,N20,VIIRS,n,N,VIIRS_NOAA20_NRT
20.7899,85.25706,304.55,289.78,1.64,0.46,0.47,2026-09-07,2027,N20,VIIRS,n,N,VIIRS_NOAA20_NRT
20.79505,85.2536,330.76,289.08,6.13,0.46,0.47,2026-09-07,2027,N20,VIIRS,n,N,VIIRS_NOAA20_NRT
20.80785,85.25658,310.03,288.02,1.67,0.46,0.47,2026-09-07,2027,N20,VIIRS,n,N,VIIRS_NOAA20_NRT
20.86428,84.99252,314.88,290.58,5.35,0.44,0.46,2026-09-07,2027,N20,VIIRS,n,N,VIIRS_NOAA20_NRT
20.86512,84.98824,332.59,290.71,2.47,0.44,0.46,2026-09-07,2027,N20,VIIRS,n,N,VIIRS_NOAA20_NRT
20.86933,84.98911,307.09,290.3,2.47,0.44,0.46,2026-09-07,2027,N20,VIIRS,n,N,VIIRS_NOAA20_NRT
20.87185,84.99863,307.43,289.9,1.85,0.44,0.46,2026-09-07,2027,N20,VIIRS,n,N,VIIRS_NOAA20_NRT
20.87267,84.99441,319.12,289.76,1.85,0.44,0.46,2026-09-07,2027,N20,VIIRS,n,N,VIIRS_NOAA20_NRT
20.88771,84.98469,308.5,290.37,2.14,0.44,0.46,2026-09-07,2027,N20,VIIRS,n,N,VIIRS_NOAA20_NRT
20.88852,84.9805,312.4,289.94,2.14,0.44,0.46,2026-09-07,2027,N20,VIIRS,n,N,VIIRS_NOAA20_NRT
20.9568,85.01089,309.16,290.07,3.12,0.44,0.46,2026-09-07,2027,N20,VIIRS,n,N,VIIRS_NOAA20_NRT
20.96157,85.18867,317.94,290.13,2.61,0.45,0.47,2026-09-07,2027,N20,VIIRS,n,N,VIIRS_NOAA20_NRT
20.96241,85.18433,324.25,289.94,6.6,0.45,0.47,2026-09-07,2027,N20,VIIRS,n,N,VIIRS_NOAA20_NRT
20.96492,85.17151,315.56,289.94,3.68,0.45,0.47,2026-09-07,2027,N20,VIIRS,n,N,VIIRS_NOAA20_NRT
20.96575,85.16727,317.22,289.94,4.91,0.45,0.47,2026-09-07,2027,N20,VIIRS,n,N,VIIRS_NOAA20_NRT
20.96581,85.18961,310.61,289.71,2.61,0.45,0.47,2026-09-07,2027,N20,VIIRS,n,N,VIIRS_NOAA20_NRT
20.96824,85.15453,313.56,289.58,4.9,0.45,0.47,2026-09-07,2027,N20,VIIRS,n,N,VIIRS_NOAA20_NRT
20.96832,85.17673,310.23,289.61,3.68,0.45,0.47,2026-09-07,2027,N20,VIIRS,n,N,VIIRS_NOAA20_NRT
20.96907,85.15025,330.75,289.44,5.39,0.45,0.47,2026-09-07,2027,N20,VIIRS,n,N,VIIRS_NOAA20_NRT
20.96915,85.17249,339.26,290.56,3.68,0.45,0.47,2026-09-07,2027,N20,VIIRS,n,N,VIIRS_NOAA20_NRT
20.97339,85.17346,318.73,289.91,4.56,0.45,0.47,2026-09-07,2027,N20,VIIRS,n,N,VIIRS_NOAA20_NRT
20.97661,85.13421,306.9,290.16,2.96,0.45,0.47,2026-09-07,2027,N20,VIIRS,n,N,VIIRS_NOAA20_NRT
20.97845,85.1702,319.22,290.11,4.4,0.45,0.47,2026-09-07,2027,N20,VIIRS,n,N,VIIRS_NOAA20_NRT
20.98084,85.13518,315.61,290.29,4.2,0.45,0.47,2026-09-07,2027,N20,VIIRS,n,N,VIIRS_NOAA20_NRT
21.07784,85.04143,305.96,289.95,2.05,0.44,0.46,2026-09-07,2027,N20,VIIRS,n,N,VIIRS_NOAA20_NRT
21.07866,85.03729,307.4,290.61,2.05,0.44,0.46,2026-09-07,2027,N20,VIIRS,n,N,VIIRS_NOAA20_NRT
21.07948,85.0331,308.27,290.18,2.51,0.44,0.46,2026-09-07,2027,N20,VIIRS,n,N,VIIRS_NOAA20_NRT
21.18152,81.38511,317.98,293.36,3.65,0.43,0.38,2026-09-07,2027,N20,VIIRS,n,N,VIIRS_NOAA20_NRT
21.18772,81.39056,316.42,293.08,2.68,0.43,0.38,2026-09-07,2027,N20,VIIRS,n,N,VIIRS_NOAA20_NRT
21.18921,81.19809,306.31,291.59,0.64,0.42,0.38,2026-09-07,2027,N20,VIIRS,n,N,VIIRS_NOAA20_NRT
21.19382,81.41719,306.12,291.56,1.7,0.43,0.38,2026-09-07,2027,N20,VIIRS,n,N,VIIRS_NOAA20_NRT
21.19464,81.39192,326.6,292.61,3.2,0.43,0.38,2026-09-07,2027,N20,VIIRS,n,N,VIIRS_NOAA20_NRT
21.19525,81.40897,305.94,291.28,0.87,0.43,0.38,2026-09-07,2027,N20,VIIRS,n,N,VIIRS_NOAA20_NRT
21.19728,81.41787,324.49,291.87,2.88,0.43,0.38,2026-09-07,2027,N20,VIIRS,n,N,VIIRS_NOAA20_NRT
21.23266,79.62911,305.46,285.85,0.72,0.39,0.36,2026-09-07,2027,N20,VIIRS,n,N,VIIRS_NOAA20_NRT
21.23597,79.62972,308.2,285.92,0.72,0.39,0.36,2026-09-07,2027,N20,VIIRS,n,N,VIIRS_NOAA20_NRT
21.24493,81.77022,306.18,291.62,0.92,0.44,0.39,2026-09-07,2027,N20,VIIRS,n,N,VIIRS_NOAA20_NRT
21.24923,79.21099,305.47,284.42,0.9,0.38,0.36,2026-09-07,2027,N20,VIIRS,n,N,VIIRS_NOAA20_NRT
21.29867,81.60771,313.35,291.96,1.24,0.44,0.38,2026-09-07,2027,N20,VIIRS,n,N,VIIRS_NOAA20_NRT
21.33513,78.96964,304.83,290.99,0.66,0.38,0.36,2026-09-07,2027,N20,VIIRS,n,N,VIIRS_NOAA20_NRT
21.33572,78.96597,307.71,291.0,0.66,0.38,0.36,2026-09-07,2027,N20,VIIRS,n,N,VIIRS_NOAA20_NRT
21.34257,81.67107,308.55,291.83,1.01,0.44,0.38,2026-09-07,2027,N20,VIIRS,n,N,VIIRS_NOAA20_NRT
21.37251,81.68565,306.9,292.27,1.03,0.44,0.38,2026-09-07,2027,N20,VIIRS,n,N,VIIRS_NOAA20_NRT
21.37398,81.6773,307.61,292.08,1.09,0.44,0.38,2026-09-07,2027,N20,VIIRS,n,N,VIIRS_NOAA20_NRT
21.37673,81.68217,312.9,292.23,1.76,0.44,0.38,2026-09-07,2027,N20,VIIRS,n,N,VIIRS_NOAA20_NRT
21.39025,81.64609,306.73,290.01,0.75,0.44,0.38,2026-09-07,2027,N20,VIIRS,n,N,VIIRS_NOAA20_NRT
21.48899,81.76856,307.9,291.29,1.86,0.44,0.38,2026-09-07,2027,N20,VIIRS,n,N,VIIRS_NOAA20_NRT
21.57575,82.02109,307.84,291.6,1.33,0.45,0.39,2026-09-07,2027,N20,VIIRS,n,N,VIIRS_NOAA20_NRT
21.62273,81.79314,302.38,284.21,0.67,0.44,0.38,2026-09-07,2027,N20,VIIRS,n,N,VIIRS_NOAA20_NRT
21.67473,82.0799,311.07,292.07,1.08,0.45,0.39,2026-09-07,2027,N20,VIIRS,n,N,VIIRS_NOAA20_NRT
21.68,84.03977,314.18,291.0,3.39,0.57,0.43,2026-09-07,2027,N20,VIIRS,n,N,VIIRS_NOAA20_NRT
21.73061,82.2152,308.64,291.63,1.06,0.46,0.39,2026-09-07,2027,N20,VIIRS,n,N,VIIRS_NOAA20_NRT
21.74161,83.84318,326.19,291.12,3.05,0.55,0.43,2026-09-07,2027,N20,VIIRS,n,N,VIIRS_NOAA20_NRT
21.74547,83.84406,322.29,291.0,3.05,0.55,0.43,2026-09-07,2027,N20,VIIRS,n,N,VIIRS_NOAA20_NRT
21.74646,83.83878,305.91,289.78,3.13,0.55,0.43,2026-09-07,2027,N20,VIIRS,n,N,VIIRS_NOAA20_NRT
21.74881,83.97661,305.69,290.23,1.94,0.56,0.43,2026-09-07,2027,N20,VIIRS,n,N,VIIRS_NOAA20_NRT
21.74932,83.84492,327.62,291.58,8.83,0.55,0.43,2026-09-07,2027,N20,VIIRS,n,N,VIIRS_NOAA20_NRT
21.75032,83.83964,331.05,290.3,4.38,0.55,0.43,2026-09-07,2027,N20,VIIRS,n,N,VIIRS_NOAA20_NRT
21.75417,83.84051,315.8,290.18,4.38,0.55,0.43,2026-09-07,2027,N20,VIIRS,n,N,VIIRS_NOAA20_NRT
21.7564,84.02274,311.19,290.89,3.07,0.56,0.43,2026-09-07,2027,N20,VIIRS,n,N,VIIRS_NOAA20_NRT
21.75705,83.84661,312.94,290.65,2.02,0.55,0.43,2026-09-07,2027,N20,VIIRS,n,N,VIIRS_NOAA20_NRT
21.75803,83.84136,321.18,290.18,3.89,0.55,0.43,2026-09-07,2027,N20,VIIRS,n,N,VIIRS_NOAA20_NRT
21.76091,83.84745,305.86,289.81,2.02,0.55,0.43,2026-09-07,2027,N20,VIIRS,n,N,VIIRS_NOAA20_NRT
21.76458,84.02055,313.73,291.6,4.11,0.56,0.43,2026-09-07,2027,N20,VIIRS,n,N,VIIRS_NOAA20_NRT
21.76477,83.8483,326.08,291.1,4.25,0.55,0.43,2026-09-07,2027,N20,VIIRS,n,N,VIIRS_NOAA20_NRT
21.7652,84.01907,314.52,291.15,2.25,0.56,0.43,2026-09-07,2027,N20,VIIRS,n,N,VIIRS_NOAA20_NRT
21.7691,84.01991,308.55,290.88,2.25,0.56,0.43,2026-09-07,2027,N20,VIIRS,n,N,VIIRS_NOAA20_NRT
21.77238,84.02225,305.69,290.4,2.6,0.56,0.43,2026-09-07,2027,N20,VIIRS,n,N,VIIRS_NOAA20_NRT
21.773,84.02078,305.85,290.33,1.75,0.56,0.43,2026-09-07,2027,N20,VIIRS,n,N,VIIRS_NOAA20_NRT
21.79281,80.01548,312.13,285.72,1.1,0.39,0.36,2026-09-07,2027,N20,VIIRS,n,N,VIIRS_NOAA20_NRT
21.80048,83.89414,308.96,289.67,1.57,0.55,0.43,2026-09-07,2027,N20,VIIRS,n,N,VIIRS_NOAA20_NRT
21.80145,83.88892,306.9,290.24,1.57,0.55,0.43,2026-09-07,2027,N20,VIIRS,n,N,VIIRS_NOAA20_NRT
21.80168,83.89066,321.82,290.34,4.38,0.55,0.43,2026-09-07,2027,N20,VIIRS,n,N,VIIRS_NOAA20_NRT
21.87657,83.4964,301.59,284.08,0.64,0.52,0.42,2026-09-07,2027,N20,VIIRS,n,N,VIIRS_NOAA20_NRT
21.87755,83.55391,308.02,289.15,2.48,0.53,0.42,2026-09-07,2027,N20,VIIRS,n,N,VIIRS_NOAA20_NRT
21.9195,83.35107,318.16,289.17,3.05,0.51,0.41,2026-09-07,2027,N20,VIIRS,n,N,VIIRS_NOAA20_NRT
21.92042,83.34616,316.28,287.63,3.68,0.51,0.41,2026-09-07,2027,N20,VIIRS,n,N,VIIRS_NOAA20_NRT
21.92325,83.35185,316.26,288.86,3.05,0.51,0.41,2026-09-07,2027,N20,VIIRS,n,N,VIIRS_NOAA20_NRT
21.92599,83.33717,314.47,289.11,1.95,0.51,0.41,2026-09-07,2027,N20,VIIRS,n,N,VIIRS_NOAA20_NRT
21.92651,85.22144,307.8,288.97,2.05,0.44,0.46,2026-09-07,2027,N20,VIIRS,n,N,VIIRS_NOAA20_NRT
21.9307,85.22234,305.95,288.97,2.1,0.44,0.46,2026-09-07,2027,N20,VIIRS,n,N,VIIRS_NOAA20_NRT
21.93153,85.2181,303.26,288.45,1.34,0.44,0.46,2026-09-07,2027,N20,VIIRS,n,N,VIIRS_NOAA20_NRT
21.966,83.77103,311.82,289.48,1.42,0.54,0.42,2026-09-07,2027,N20,VIIRS,n,N,VIIRS_NOAA20_NRT
21.98401,83.23322,308.43,283.98,1.47,0.51,0.41,2026-09-07,2027,N20,VIIRS,n,N,VIIRS_NOAA20_NRT
22.00406,82.66653,306.63,289.1,1.6,0.48,0.4,2026-09-07,2027,N20,VIIRS,n,N,VIIRS_NOAA20_NRT
22.00687,82.67179,307.18,289.37,1.6,0.48,0.4,2026-09-07,2027,N20,VIIRS,n,N,VIIRS_NOAA20_NRT
22.01677,83.75517,308.33,289.82,1.68,0.54,0.42,2026-09-07,2027,N20,VIIRS,n,N,VIIRS_NOAA20_NRT
22.01773,83.74997,309.01,289.48,1.57,0.54,0.42,2026-09-07,2027,N20,VIIRS,n,N,VIIRS_NOAA20_NRT
22.03932,83.72992,312.22,290.26,2.24,0.54,0.42,2026-09-07,2027,N20,VIIRS,n,N,VIIRS_NOAA20_NRT
22.04022,83.35356,305.13,285.75,2.62,0.51,0.41,2026-09-07,2027,N20,VIIRS,n,N,VIIRS_NOAA20_NRT
22.04062,83.73363,307.49,289.88,1.8,0.54,0.42,2026-09-07,2027,N20,VIIRS,n,N,VIIRS_NOAA20_NRT
22.04157,83.7285,311.99,289.94,1.8,0.54,0.42,2026-09-07,2027,N20,VIIRS,n,N,VIIRS_NOAA20_NRT
22.09414,83.12456,304.78,288.62,0.71,0.5,0.41,2026-09-07,2027,N20,VIIRS,n,N,VIIRS_NOAA20_NRT
22.20781,84.55033,305.49,289.83,1.63,0.4,0.44,2026-09-07,2027,N20,VIIRS,n,N,VIIRS_NOAA20_NRT
22.21273,84.87658,309.56,289.83,1.58,0.41,0.45,2026-09-07,2027,N20,VIIRS,n,N,VIIRS_NOAA20_NRT
22.2135,84.87266,303.76,289.73,1.58,0.41,0.45,2026-09-07,2027,N20,VIIRS,n,N,VIIRS_NOAA20_NRT
22.21425,84.86874,324.74,289.64,3.96,0.41,0.45,2026-09-07,2027,N20,VIIRS,n,N,VIIRS_NOAA20_NRT
22.31173,82.5285,306.3,289.15,0.78,0.46,0.39,2026-09-07,2027,N20,VIIRS,n,N,VIIRS_NOAA20_NRT
22.31361,84.76813,305.62,286.84,0.85,0.4,0.45,2026-09-07,2027,N20,VIIRS,n,N,VIIRS_NOAA20_NRT
22.31451,82.53368,304.07,288.94,0.78,0.46,0.39,2026-09-07,2027,N20,VIIRS,n,N,VIIRS_NOAA20_NRT
22.31531,82.52923,306.89,289.65,0.78,0.46,0.39,2026-09-07,2027,N20,VIIRS,n,N,VIIRS_NOAA20_NRT
22.31967,82.56704,308.56,290.19,1.52,0.47,0.39,2026-09-07,2027,N20,VIIRS,n,N,VIIRS_NOAA20_NRT
22.32047,82.56259,316.36,290.56,2.14,0.47,0.39,2026-09-07,2027,N20,VIIRS,n,N,VIIRS_NOAA20_NRT
22.32363,82.58646,307.53,289.19,1.05,0.47,0.39,2026-09-07,2027,N20,VIIRS,n,N,VIIRS_NOAA20_NRT
22.32366,82.54478,306.96,290.37,1.3,0.46,0.39,2026-09-07,2027,N20,VIIRS,n,N,VIIRS_NOAA20_NRT
22.33119,82.6066,315.97,289.73,1.81,0.47,0.4,2026-09-07,2027,N20,VIIRS,n,N,VIIRS_NOAA20_NRT
22.35616,82.30089,318.38,290.27,2.5,0.45,0.39,2026-09-07,2027,N20,VIIRS,n,N,VIIRS_NOAA20_NRT
22.35971,82.3016,333.6,291.44,4.89,0.45,0.39,2026-09-07,2027,N20,VIIRS,n,N,VIIRS_NOAA20_NRT
23.10501,70.18776,304.13,293.3,1.43,0.33,0.55,2026-09-07,2027,N20,VIIRS,n,N,VIIRS_NOAA20_NRT
23.16477,82.34253,304.13,287.64,1.69,0.45,0.39,2026-09-07,2027,N20,VIIRS,n,N,VIIRS_NOAA20_NRT
23.16829,82.34321,311.17,288.37,2.26,0.45,0.39,2026-09-07,2027,N20,VIIRS,n,N,VIIRS_NOAA20_NRT
23.1686,82.34158,308.78,287.81,2.01,0.45,0.39,2026-09-07,2027,N20,VIIRS,n,N,VIIRS_NOAA20_NRT
23.70962,85.40145,297.48,284.78,1.55,0.42,0.45,2026-09-07,2027,N20,VIIRS,n,N,VIIRS_NOAA20_NRT
23.77872,86.20898,301.38,282.34,3.14,0.46,0.47,2026-09-07,2027,N20,VIIRS,n,N,VIIRS_NOAA20_NRT
23.98966,79.39109,308.04,293.45,0.8,0.38,0.36,2026-09-07,2027,N20,VIIRS,n,N,VIIRS_NOAA20_NRT
24.0516,80.61429,304.66,292.99,0.62,0.39,0.36,2026-09-07,2027,N20,VIIRS,n,N,VIIRS_NOAA20_NRT
24.15984,82.56591,315.07,287.61,1.7,0.44,0.39,2026-09-07,2027,N20,VIIRS,n,N,VIIRS_NOAA20_NRT
24.19896,80.79641,305.22,293.15,0.76,0.39,0.36,2026-09-07,2027,N20,VIIRS,n,N,VIIRS_NOAA20_NRT
24.52834,81.17003,308.96,292.49,1.76,0.4,0.37,2026-09-07,2027,N20,VIIRS,n,N,VIIRS_NOAA20_NRT
24.66297,74.63495,307.19,294.5,1.58,0.56,0.43,2026-09-07,2027,N20,VIIRS,n,N,VIIRS_NOAA20_NRT
24.66357,74.63328,305.48,294.48,1.55,0.56,0.43,2026-09-07,2027,N20,VIIRS,n,N,VIIRS_NOAA20_NRT
24.76294,74.60492,305.48,292.81,1.84,0.56,0.43,2026-09-07,2027,N20,VIIRS,n,N,VIIRS_NOAA20_NRT
24.76596,74.6056,309.94,293.78,1.52,0.56,0.43,2026-09-07,2027,N20,VIIRS,n,N,VIIRS_NOAA20_NRT
25.3911,68.58174,308.86,294.98,1.67,0.45,0.63,2026-09-07,2027,N20,VIIRS,n,N,VIIRS_NOAA20_NRT
25.39113,68.58118,307.97,294.96,1.05,0.45,0.63,2026-09-07,2027,N20,VIIRS,n,N,VIIRS_NOAA20_NRT
25.39148,68.5767,305.28,294.4,0.99,0.45,0.63,2026-09-07,2027,N20,VIIRS,n,N,VIIRS_NOAA20_NRT
26.64215,79.47706,308.84,292.77,1.46,0.39,0.36,2026-09-07,2027,N20,VIIRS,n,N,VIIRS_NOAA20_NRT
26.87715,73.51378,306.26,294.48,1.52,0.46,0.47,2026-09-07,2027,N20,VIIRS,n,N,VIIRS_NOAA20_NRT
28.03977,69.66682,323.43,295.26,2.92,0.41,0.6,2026-09-07,2027,N20,VIIRS,n,N,VIIRS_NOAA20_NRT
28.04112,69.66916,314.7,295.78,2.3,0.41,0.6,2026-09-07,2027,N20,VIIRS,n,N,VIIRS_NOAA20_NRT
28.42753,69.69756,308.41,294.54,0.91,0.41,0.61,2026-09-07,2027,N20,VIIRS,n,N,VIIRS_NOAA20_NRT
14.44538,80.06449,307.65,291.9,4.06,0.45,0.39,2026-09-07,2029,N20,VIIRS,n,N,VIIRS_NOAA20_NRT
15.64072,79.25414,320.24,291.74,5.14,0.41,0.37,2026-09-07,2029,N20,VIIRS,n,N,VIIRS_NOAA20_NRT
17.46345,80.65253,306.56,290.81,1.59,0.44,0.38,2026-09-07,2029,N20,VIIRS,n,N,VIIRS_NOAA20_NRT
17.60396,83.20155,308.14,292.52,1.02,0.39,0.44,2026-09-07,2029,N20,VIIRS,n,N,VIIRS_NOAA20_NRT
17.60795,83.20236,309.9,293.05,1.26,0.39,0.44,2026-09-07,2029,N20,VIIRS,n,N,VIIRS_NOAA20_NRT
17.61194,83.20317,325.07,293.55,1.26,0.39,0.44,2026-09-07,2029,N20,VIIRS,n,N,VIIRS_NOAA20_NRT
17.62192,83.19389,307.61,293.55,0.95,0.39,0.44,2026-09-07,2029,N20,VIIRS,n,N,VIIRS_NOAA20_NRT
17.69325,83.2424,306.96,293.09,1.24,0.39,0.44,2026-09-07,2029,N20,VIIRS,n,N,VIIRS_NOAA20_NRT
17.95813,80.79538,321.13,294.38,2.53,0.44,0.38,2026-09-07,2029,N20,VIIRS,n,N,VIIRS_NOAA20_NRT
17.9696,83.15144,307.1,292.74,2.32,0.38,0.44,2026-09-07,2029,N20,VIIRS,n,N,VIIRS_NOAA20_NRT
17.98198,80.82828,308.8,294.47,1.88,0.44,0.38,2026-09-07,2029,N20,VIIRS,n,N,VIIRS_NOAA20_NRT
18.71382,79.54076,308.85,294.41,0.92,0.4,0.37,2026-09-07,2029,N20,VIIRS,n,N,VIIRS_NOAA20_NRT
18.71778,79.53763,310.08,294.86,0.92,0.4,0.37,2026-09-07,2029,N20,VIIRS,n,N,VIIRS_NOAA20_NRT
18.72112,79.53823,314.62,295.24,1.67,0.4,0.37,2026-09-07,2029,N20,VIIRS,n,N,VIIRS_NOAA20_NRT
19.09522,82.1682,304.92,293.08,1.04,0.49,0.4,2026-09-07,2029,N20,VIIRS,n,N,VIIRS_NOAA20_NRT
19.09889,82.16894,319.8,291.75,1.88,0.49,0.4,2026-09-07,2029,N20,VIIRS,n,N,VIIRS_NOAA20_NRT
19.10256,82.16969,308.64,292.92,1.88,0.49,0.4,2026-09-07,2029,N20,VIIRS,n,N,VIIRS_NOAA20_NRT
19.36922,71.35462,313.02,292.8,3.8,0.5,0.49,2026-09-07,2029,N20,VIIRS,n,N,VIIRS_NOAA20_NRT
19.53072,71.29751,310.51,292.73,3.62,0.51,0.49,2026-09-07,2029,N20,VIIRS,n,N,VIIRS_NOAA20_NRT
19.57364,71.36234,311.37,292.93,5.33,0.5,0.49,2026-09-07,2029,N20,VIIRS,n,N,VIIRS_NOAA20_NRT
19.78885,79.0649,309.92,294.24,0.9,0.39,0.36,2026-09-07,2029,N20,VIIRS,n,N,VIIRS_NOAA20_NRT
9.00589,77.40939,310.99,295.48,2.45,0.4,0.37,2026-09-07,2032,N20,VIIRS,n,N,VIIRS_NOAA20_NRT
9.97781,76.37621,306.47,294.32,1.54,0.38,0.36,2026-09-07,2032,N20,VIIRS,n,N,VIIRS_NOAA20_NRT
10.27329,77.25101,313.02,292.12,1.07,0.39,0.36,2026-09-07,2032,N20,VIIRS,n,N,VIIRS_NOAA20_NRT
10.61625,77.42105,309.06,294.82,0.84,0.39,0.36,2026-09-07,2032,N20,VIIRS,n,N,VIIRS_NOAA20_NRT
10.83034,78.82838,319.89,295.01,1.77,0.43,0.38,2026-09-07,2032,N20,VIIRS,n,N,VIIRS_NOAA20_NRT
10.92274,77.06081,307.83,293.84,0.83,0.39,0.36,2026-09-07,2032,N20,VIIRS,n,N,VIIRS_NOAA20_NRT
11.0414,77.58978,306.72,293.93,0.66,0.39,0.37,2026-09-07,2032,N20,VIIRS,n,N,VIIRS_NOAA20_NRT
11.1834,79.10074,315.07,295.85,1.75,0.44,0.38,2026-09-07,2032,N20,VIIRS,n,N,VIIRS_NOAA20_NRT
11.18451,79.09956,311.47,294.82,0.95,0.44,0.38,2026-09-07,2032,N20,VIIRS,n,N,VIIRS_NOAA20_NRT
11.20358,77.90948,305.8,293.63,1.66,0.4,0.37,2026-09-07,2032,N20,VIIRS,n,N,VIIRS_NOAA20_NRT
11.20418,77.90585,326.42,293.71,2.13,0.4,0.37,2026-09-07,2032,N20,VIIRS,n,N,VIIRS_NOAA20_NRT
11.81094,77.92367,310.79,296.23,1.84,0.4,0.37,2026-09-07,2032,N20,VIIRS,n,N,VIIRS_NOAA20_NRT
11.81153,77.92004,324.44,295.13,1.84,0.4,0.37,2026-09-07,2032,N20,VIIRS,n,N,VIIRS_NOAA20_NRT
11.81546,77.91698,307.12,295.19,1.36,0.4,0.37,2026-09-07,2032,N20,VIIRS,n,N,VIIRS_NOAA20_NRT
11.81775,77.91743,306.22,294.88,1.53,0.4,0.37,2026-09-07,2032,N20,VIIRS,n,N,VIIRS_NOAA20_NRT
12.09703,76.79622,319.43,291.84,1.29,0.38,0.36,2026-09-07,2032,N20,VIIRS,n,N,VIIRS_NOAA20_NRT
12.59471,76.87408,301.0,290.07,0.39,0.38,0.36,2026-09-07,2032,N20,VIIRS,n,N,VIIRS_NOAA20_NRT
12.74784,77.61866,306.35,291.59,0.99,0.39,0.36,2026-09-07,2032,N20,VIIRS,n,N,VIIRS_NOAA20_NRT
12.96717,77.33203,310.14,292.07,1.57,0.39,0.36,2026-09-07,2032,N20,VIIRS,n,N,VIIRS_NOAA20_NRT
13.02523,77.50134,304.22,290.34,0.9,0.39,0.36,2026-09-07,2032,N20,VIIRS,n,N,VIIRS_NOAA20_NRT
13.0258,77.4978,312.32,290.67,0.9,0.39,0.36,2026-09-07,2032,N20,VIIRS,n,N,VIIRS_NOAA20_NRT
31.25737,76.92625,299.46,286.48,0.91,0.58,0.7,2026-09-07,2146,N,VIIRS,n,N,VIIRS_SNPP_NRT
31.25916,76.92676,298.77,286.22,1.48,0.58,0.7,2026-09-07,2146,N,VIIRS,n,N,VIIRS_SNPP_NRT
31.3673,76.35603,303.33,290.59,0.89,0.53,0.67,2026-09-07,2146,N,VIIRS,n,N,VIIRS_SNPP_NRT
32.12922,74.17644,306.48,292.96,1.06,0.39,0.59,2026-09-07,2146,N,VIIRS,n,N,VIIRS_SNPP_NRT
32.65364,70.47669,309.81,293.16,1.39,0.47,0.48,2026-09-07,2146,N,VIIRS,n,N,VIIRS_SNPP_NRT
32.65474,70.47163,306.08,293.26,1.39,0.47,0.48,2026-09-07,2146,N,VIIRS,n,N,VIIRS_SNPP_NRT
32.65506,70.47351,316.42,293.47,2.55,0.47,0.48,2026-09-07,2146,N,VIIRS,n,N,VIIRS_SNPP_NRT
32.72151,72.92504,304.77,291.26,0.38,0.32,0.54,2026-09-07,2146,N,VIIRS,n,N,VIIRS_SNPP_NRT
26.09564,68.87837,306.77,295.97,0.9,0.51,0.5,2026-09-07,2148,N,VIIRS,n,N,VIIRS_SNPP_NRT
28.03946,69.6724,310.72,296.59,1.96,0.52,0.5,2026-09-07,2148,N,VIIRS,n,N,VIIRS_SNPP_NRT
28.42394,69.70216,312.0,295.38,1.46,0.52,0.5,2026-09-07,2148,N,VIIRS,n,N,VIIRS_SNPP_NRT
29.47196,76.86069,305.54,291.29,1.33,0.63,0.72,2026-09-07,2148,N,VIIRS,n,N,VIIRS_SNPP_NRT
29.90457,74.95105,311.45,290.39,6.0,0.48,0.65,2026-09-07,2148,N,VIIRS,n,N,VIIRS_SNPP_NRT
29.90722,74.95615,313.15,290.66,8.76,0.48,0.65,2026-09-07,2148,N,VIIRS,n,N,VIIRS_SNPP_NRT
29.90849,74.95123,367.0,291.65,10.15,0.48,0.65,2026-09-07,2148,N,VIIRS,h,N,VIIRS_SNPP_NRT
29.90907,74.95796,303.49,290.52,6.0,0.48,0.65,2026-09-07,2148,N,VIIRS,n,N,VIIRS_SNPP_NRT
29.90977,74.9463,303.3,290.0,10.15,0.48,0.65,2026-09-07,2148,N,VIIRS,n,N,VIIRS_SNPP_NRT
29.91037,74.95306,367.0,291.9,6.0,0.48,0.65,2026-09-07,2148,N,VIIRS,h,N,VIIRS_SNPP_NRT
29.91168,74.94814,312.02,290.76,13.68,0.48,0.65,2026-09-07,2148,N,VIIRS,n,N,VIIRS_SNPP_NRT
31.25821,74.14293,309.7,291.84,1.21,0.4,0.6,2026-09-07,2148,N,VIIRS,n,N,VIIRS_SNPP_NRT
20.90812,71.4603,302.6,290.07,1.17,0.47,0.64,2026-09-07,2150,N,VIIRS,n,N,VIIRS_SNPP_NRT
20.91152,71.45925,303.63,289.9,0.85,0.47,0.64,2026-09-07,2150,N,VIIRS,n,N,VIIRS_SNPP_NRT
23.31261,70.1996,301.47,290.92,0.45,0.35,0.57,2026-09-07,2150,N,VIIRS,n,N,VIIRS_SNPP_NRT
23.51418,72.41602,302.64,290.68,0.44,0.48,0.65,2026-09-07,2150,N,VIIRS,n,N,VIIRS_SNPP_NRT
23.54443,72.40617,305.66,290.62,0.62,0.48,0.64,2026-09-07,2150,N,VIIRS,n,N,VIIRS_SNPP_NRT
25.38737,68.58277,319.43,296.03,2.48,0.51,0.49,2026-09-07,2150,N,VIIRS,n,N,VIIRS_SNPP_NRT
25.388,68.58441,326.48,296.04,3.44,0.51,0.49,2026-09-07,2150,N,VIIRS,n,N,VIIRS_SNPP_NRT
32.65737,70.47527,308.01,290.38,1.3,0.55,0.68,2026-09-07,2205,N20,VIIRS,n,N,VIIRS_NOAA20_NRT
32.65755,70.47182,305.96,290.25,1.02,0.55,0.68,2026-09-07,2205,N20,VIIRS,n,N,VIIRS_NOAA20_NRT
33.29739,71.18462,301.71,289.05,0.57,0.58,0.69,2026-09-07,2205,N20,VIIRS,n,N,VIIRS_NOAA20_NRT
35.97022,68.68393,299.06,288.71,0.59,0.36,0.57,2026-09-07,2205,N20,VIIRS,n,N,VIIRS_NOAA20_NRT
28.03864,69.66952,304.49,293.19,1.45,0.64,0.72,2026-09-07,2208,N20,VIIRS,n,N,VIIRS_NOAA20_NRT
29.90771,74.95505,307.34,,12.74,1.72,1.29,2026-09-07,2237,Aqua,MODIS,70,N,MODIS_NRT
29.91898,74.9566,306.65,,11.78,1.72,1.29,2026-09-07,2237,Aqua,MODIS,67,N,MODIS_NRT
21.74409,83.84461,304.79,,9.13,1.75,1.3,2026-09-07,2240,Aqua,MODIS,62,N,MODIS_NRT
21.75527,83.84705,315.34,,25.58,1.75,1.3,2026-09-07,2240,Aqua,MODIS,91,N,MODIS_NRT
22.36208,82.30398,305.64,,7.62,1.34,1.15,2026-09-07,2240,Aqua,MODIS,65,N,MODIS_NRT
28.16673,77.89922,309.59,,8.27,1.57,1.23,2026-09-08,0404,Terra,MODIS,47,D,MODIS_NRT
29.90406,80.18006,302.17,,7.75,2.05,1.39,2026-09-08,0404,Terra,MODIS,33,D,MODIS_NRT
18.77574,79.99059,311.21,,30.31,3.51,1.76,2026-09-08,0406,Terra,MODIS,0,D,MODIS_NRT
19.41606,79.21944,310.72,,22.66,2.97,1.64,2026-09-08,0406,Terra,MODIS,56,D,MODIS_NRT
20.5178,79.11936,311.21,,22.12,2.76,1.59,2026-09-08,0406,Terra,MODIS,56,D,MODIS_NRT
22.54952,71.63548,313.63,,5.27,1.0,1.0,2026-09-08,0406,Terra,MODIS,60,D,MODIS_NRT
24.81408,79.4015,309.6,,13.85,2.34,1.48,2026-09-08,0406,Terra,MODIS,47,D,MODIS_NRT
27.87317,96.85173,325.47,291.61,2.94,0.4,0.6,2026-09-08,0601,N20,VIIRS,n,D,VIIRS_NOAA20_NRT
28.49709,97.02654,330.8,290.63,3.67,0.38,0.58,2026-09-08,0601,N20,VIIRS,n,D,VIIRS_NOAA20_NRT
18.51579,83.0489,329.47,287.13,7.09,0.77,0.77,2026-09-08,0644,N21,VIIRS,n,D,VIIRS_NOAA21_NRT
22.37533,87.27926,331.53,290.29,6.75,0.34,0.56,2026-09-08,0646,N21,VIIRS,n,D,VIIRS_NOAA21_NRT
24.14142,97.00646,337.21,293.26,25.17,0.39,0.36,2026-09-08,0646,N21,VIIRS,n,D,VIIRS_NOAA21_NRT
27.32665,95.2774,332.03,295.08,1.83,0.38,0.36,2026-09-08,0646,N21,VIIRS,n,D,VIIRS_NOAA21_NRT
27.94668,95.25527,342.42,297.97,6.59,0.38,0.36,2026-09-08,0646,N21,VIIRS,n,D,VIIRS_NOAA21_NRT
27.94996,95.25465,330.52,296.35,2.49,0.38,0.36,2026-09-08,0646,N21,VIIRS,n,D,VIIRS_NOAA21_NRT
28.01318,96.66594,333.36,297.95,12.3,0.4,0.37,2026-09-08,0646,N21,VIIRS,n,D,VIIRS_NOAA21_NRT
28.01491,96.65388,329.84,295.39,3.61,0.4,0.37,2026-09-08,0646,N21,VIIRS,n,D,VIIRS_NOAA21_NRT
28.02114,96.64943,332.61,297.6,4.96,0.4,0.37,2026-09-08,0646,N21,VIIRS,n,D,VIIRS_NOAA21_NRT
28.11007,95.48288,336.75,297.17,5.47,0.39,0.36,2026-09-08,0646,N21,VIIRS,n,D,VIIRS_NOAA21_NRT
28.29347,96.58476,330.4,291.44,2.65,0.4,0.37,2026-09-08,0646,N21,VIIRS,n,D,VIIRS_NOAA21_NRT
28.57828,96.9463,329.74,293.13,6.07,0.41,0.37,2026-09-08,0646,N21,VIIRS,n,D,VIIRS_NOAA21_NRT
29.24652,91.86194,335.02,304.64,5.2,0.43,0.38,2026-09-08,0646,N21,VIIRS,n,D,VIIRS_NOAA21_NRT
10.41876,79.25484,335.8,295.51,7.07,0.74,0.76,2026-09-08,0718,N,VIIRS,n,D,VIIRS_SNPP_NRT
10.42313,79.25229,355.09,295.22,10.43,0.73,0.76,2026-09-08,0718,N,VIIRS,n,D,VIIRS_SNPP_NRT
10.42577,79.25342,344.95,295.13,7.07,0.74,0.76,2026-09-08,0718,N,VIIRS,n,D,VIIRS_SNPP_NRT
11.16977,79.58669,330.7,293.92,5.67,0.68,0.74,2026-09-08,0718,N,VIIRS,n,D,VIIRS_SNPP_NRT
11.44852,79.55484,331.28,294.18,6.1,0.67,0.74,2026-09-08,0720,N,VIIRS,n,D,VIIRS_SNPP_NRT
11.71798,79.20487,330.28,294.5,6.98,0.7,0.75,2026-09-08,0720,N,VIIRS,n,D,VIIRS_SNPP_NRT
11.71861,79.20637,333.78,294.92,4.97,0.7,0.75,2026-09-08,0720,N,VIIRS,n,D,VIIRS_SNPP_NRT
11.91456,78.91544,337.28,294.41,4.43,0.73,0.76,2026-09-08,0720,N,VIIRS,n,D,VIIRS_SNPP_NRT
16.86624,79.28669,340.8,287.48,10.5,0.55,0.68,2026-09-08,0720,N,VIIRS,n,D,VIIRS_SNPP_NRT
16.86987,79.28905,349.2,286.91,9.74,0.55,0.68,2026-09-08,0720,N,VIIRS,n,D,VIIRS_SNPP_NRT
17.42077,82.34301,336.64,292.76,2.06,0.34,0.56,2026-09-08,0720,N,VIIRS,n,D,VIIRS_SNPP_NRT
17.42123,82.3414,329.03,292.18,2.8,0.34,0.56,2026-09-08,0720,N,VIIRS,n,D,VIIRS_SNPP_NRT
19.09924,82.16588,327.77,293.54,3.91,0.33,0.55,2026-09-08,0720,N,VIIRS,n,D,VIIRS_SNPP_NRT
22.68995,92.1611,329.81,292.02,2.89,0.41,0.37,2026-09-08,0722,N,VIIRS,n,D,VIIRS_SNPP_NRT
23.67418,86.0887,335.29,289.13,7.74,0.48,0.4,2026-09-08,0722,N,VIIRS,n,D,VIIRS_SNPP_NRT
27.94888,95.25629,332.5,294.32,2.75,0.44,0.46,2026-09-08,0722,N,VIIRS,n,D,VIIRS_SNPP_NRT
28.65772,77.57368,338.07,294.07,3.21,0.39,0.6,2026-09-08,0724,N,VIIRS,n,D,VIIRS_SNPP_NRT
29.9065,74.94508,367.0,295.48,13.87,0.52,0.67,2026-09-08,0724,N,VIIRS,h,D,VIIRS_SNPP_NRT
29.90792,74.9504,333.77,296.05,16.71,0.52,0.67,2026-09-08,0724,N,VIIRS,n,D,VIIRS_SNPP_NRT
29.90838,74.94791,367.0,295.73,15.56,0.52,0.67,2026-09-08,0724,N,VIIRS,h,D,VIIRS_SNPP_NRT
31.21099,75.96707,329.07,295.18,2.47,0.42,0.61,2026-09-08,0724,N,VIIRS,n,D,VIIRS_SNPP_NRT
8.86435,78.08271,353.82,305.22,5.25,0.35,0.57,2026-09-08,0737,N20,VIIRS,n,D,VIIRS_NOAA20_NRT
8.92974,77.49213,336.9,299.62,1.76,0.39,0.59,2026-09-08,0737,N20,VIIRS,n,D,VIIRS_NOAA20_NRT
8.95272,77.88122,335.13,304.15,1.94,0.36,0.58,2026-09-08,0737,N20,VIIRS,n,D,VIIRS_NOAA20_NRT
9.1378,77.53764,339.12,302.41,1.37,0.38,0.59,2026-09-08,0737,N20,VIIRS,n,D,VIIRS_NOAA20_NRT
9.1404,77.53792,338.53,301.57,1.78,0.38,0.59,2026-09-08,0737,N20,VIIRS,n,D,VIIRS_NOAA20_NRT
9.28846,78.58205,352.93,300.55,5.52,0.32,0.55,2026-09-08,0737,N20,VIIRS,n,D,VIIRS_NOAA20_NRT
9.29947,77.67791,330.82,300.73,2.44,0.37,0.58,2026-09-08,0737,N20,VIIRS,n,D,VIIRS_NOAA20_NRT
9.31444,78.7288,334.21,301.12,3.44,0.63,0.54,2026-09-08,0737,N20,VIIRS,n,D,VIIRS_NOAA20_NRT
9.31936,78.7279,343.73,301.61,3.44,0.63,0.54,2026-09-08,0737,N20,VIIRS,n,D,VIIRS_NOAA20_NRT
9.34099,78.82201,337.07,300.39,3.36,0.62,0.54,2026-09-08,0737,N20,VIIRS,n,D,VIIRS_NOAA20_NRT
9.46298,77.59248,356.47,302.33,5.8,0.37,0.58,2026-09-08,0737,N20,VIIRS,n,D,VIIRS_NOAA20_NRT
9.46437,78.80776,330.42,298.47,4.15,0.62,0.54,2026-09-08,0737,N20,VIIRS,n,D,VIIRS_NOAA20_NRT
9.4671,77.59164,367.0,302.52,6.33,0.37,0.58,2026-09-08,0737,N20,VIIRS,h,D,VIIRS_NOAA20_NRT
9.52581,77.79107,367.0,303.86,7.19,0.36,0.57,2026-09-08,0737,N20,VIIRS,h,D,VIIRS_NOAA20_NRT
9.53154,78.64579,355.24,303.0,24.88,0.63,0.54,2026-09-08,0737,N20,VIIRS,n,D,VIIRS_NOAA20_NRT
9.53244,78.64364,345.48,303.95,26.28,0.63,0.54,2026-09-08,0737,N20,VIIRS,n,D,VIIRS_NOAA20_NRT
9.75761,78.38082,332.27,305.11,1.85,0.33,0.55,2026-09-08,0737,N20,VIIRS,l,D,VIIRS_NOAA20_NRT
9.77142,77.74419,338.38,299.05,4.42,0.36,0.57,2026-09-08,0737,N20,VIIRS,n,D,VIIRS_NOAA20_NRT
9.8512,77.64872,337.86,301.41,3.49,0.36,0.58,2026-09-08,0737,N20,VIIRS,n,D,VIIRS_NOAA20_NRT
9.93584,78.25494,337.36,303.72,3.5,0.33,0.55,2026-09-08,0737,N20,VIIRS,n,D,VIIRS_NOAA20_NRT
9.94897,77.83247,367.0,302.37,7.77,0.35,0.57,2026-09-08,0737,N20,VIIRS,h,D,VIIRS_NOAA20_NRT
9.95038,77.8317,367.0,302.14,8.22,0.35,0.57,2026-09-08,0737,N20,VIIRS,h,D,VIIRS_NOAA20_NRT
10.01626,79.18711,332.54,301.07,2.15,0.57,0.52,2026-09-08,0737,N20,VIIRS,n,D,VIIRS_NOAA20_NRT
10.16361,79.21571,333.43,298.81,2.41,0.56,0.52,2026-09-08,0737,N20,VIIRS,n,D,VIIRS_NOAA20_NRT
10.16759,78.79363,341.0,300.08,6.27,0.6,0.53,2026-09-08,0737,N20,VIIRS,n,D,VIIRS_NOAA20_NRT
10.26741,77.25986,332.87,302.06,3.61,0.38,0.59,2026-09-08,0737,N20,VIIRS,n,D,VIIRS_NOAA20_NRT
10.33086,79.31501,330.33,301.21,3.01,0.55,0.51,2026-09-08,0737,N20,VIIRS,l,D,VIIRS_NOAA20_NRT
10.40139,79.38857,330.58,302.55,2.75,0.54,0.51,2026-09-08,0737,N20,VIIRS,l,D,VIIRS_NOAA20_NRT
10.41998,79.25983,343.33,298.72,14.54,0.55,0.51,2026-09-08,0737,N20,VIIRS,n,D,VIIRS_NOAA20_NRT
10.42067,79.25273,342.26,301.0,20.97,0.55,0.51,2026-09-08,0737,N20,VIIRS,n,D,VIIRS_NOAA20_NRT
10.42373,79.25402,348.52,307.26,51.8,0.55,0.51,2026-09-08,0737,N20,VIIRS,n,D,VIIRS_NOAA20_NRT
10.4262,79.25689,338.69,302.91,106.24,0.55,0.51,2026-09-08,0737,N20,VIIRS,n,D,VIIRS_NOAA20_NRT
10.63439,79.71644,337.99,304.58,4.21,0.51,0.49,2026-09-08,0737,N20,VIIRS,n,D,VIIRS_NOAA20_NRT
10.63521,79.72103,339.15,302.01,4.21,0.51,0.49,2026-09-08,0737,N20,VIIRS,n,D,VIIRS_NOAA20_NRT
10.74739,78.56797,331.26,305.01,1.41,0.61,0.53,2026-09-08,0737,N20,VIIRS,l,D,VIIRS_NOAA20_NRT
10.80398,78.93729,335.88,306.18,3.44,0.57,0.52,2026-09-08,0737,N20,VIIRS,l,D,VIIRS_NOAA20_NRT
10.80485,78.93539,335.98,306.59,2.29,0.57,0.52,2026-09-08,0737,N20,VIIRS,l,D,VIIRS_NOAA20_NRT
10.87606,79.16769,335.93,303.2,2.8,0.55,0.51,2026-09-08,0737,N20,VIIRS,n,D,VIIRS_NOAA20_NRT
10.91535,78.45361,330.82,303.79,1.56,0.62,0.54,2026-09-08,0737,N20,VIIRS,l,D,VIIRS_NOAA20_NRT
10.92811,77.06596,330.52,301.28,0.59,0.38,0.59,2026-09-08,0737,N20,VIIRS,l,D,VIIRS_NOAA20_NRT
10.94746,78.17036,337.04,304.57,2.11,0.32,0.55,2026-09-08,0737,N20,VIIRS,n,D,VIIRS_NOAA20_NRT
10.96945,78.0653,350.49,305.17,3.07,0.33,0.55,2026-09-08,0737,N20,VIIRS,n,D,VIIRS_NOAA20_NRT
11.01908,79.83974,334.91,303.9,5.89,0.49,0.49,2026-09-08,0737,N20,VIIRS,n,D,VIIRS_NOAA20_NRT
11.03551,79.73526,333.04,302.85,4.81,0.5,0.49,2026-09-08,0737,N20,VIIRS,n,D,VIIRS_NOAA20_NRT
11.11892,77.18589,330.45,300.09,1.43,0.37,0.58,2026-09-08,0737,N20,VIIRS,n,D,VIIRS_NOAA20_NRT
11.16835,79.58639,341.1,301.93,6.55,0.51,0.49,2026-09-08,0737,N20,VIIRS,n,D,VIIRS_NOAA20_NRT
11.16917,79.591,334.12,300.74,5.19,0.51,0.49,2026-09-08,0737,N20,VIIRS,n,D,VIIRS_NOAA20_NRT
11.17724,79.84092,346.86,303.51,16.38,0.49,0.49,2026-09-08,0737,N20,VIIRS,n,D,VIIRS_NOAA20_NRT
11.17832,79.84326,343.88,303.77,15.83,0.49,0.49,2026-09-08,0737,N20,VIIRS,n,D,VIIRS_NOAA20_NRT
11.22657,77.15887,339.14,300.59,1.82,0.37,0.58,2026-09-08,0737,N20,VIIRS,n,D,VIIRS_NOAA20_NRT
11.2279,77.15961,336.15,300.41,2.17,0.37,0.58,2026-09-08,0737,N20,VIIRS,n,D,VIIRS_NOAA20_NRT
11.36853,77.68331,348.3,305.64,4.31,0.34,0.56,2026-09-08,0737,N20,VIIRS,n,D,VIIRS_NOAA20_NRT
11.37994,79.63191,336.79,305.13,10.93,0.5,0.49,2026-09-08,0737,N20,VIIRS,n,D,VIIRS_NOAA20_NRT
11.44468,79.55418,336.51,301.08,3.23,0.51,0.49,2026-09-08,0737,N20,VIIRS,n,D,VIIRS_NOAA20_NRT
11.44695,79.55542,335.41,301.37,6.92,0.51,0.49,2026-09-08,0737,N20,VIIRS,n,D,VIIRS_NOAA20_NRT
12.08317,79.02713,330.76,302.97,2.54,0.54,0.51,2026-09-08,0737,N20,VIIRS,l,D,VIIRS_NOAA20_NRT
12.097,77.06121,342.82,309.05,8.86,0.36,0.58,2026-09-08,0737,N20,VIIRS,n,D,VIIRS_NOAA20_NRT
12.30269,78.41156,330.4,303.13,6.17,0.59,0.53,2026-09-08,0737,N20,VIIRS,l,D,VIIRS_NOAA20_NRT
12.72328,79.6708,330.54,301.42,3.54,0.47,0.48,2026-09-08,0737,N20,VIIRS,l,D,VIIRS_NOAA20_NRT
12.75017,79.99485,332.77,302.14,2.22,0.45,0.47,2026-09-08,0737,N20,VIIRS,n,D,VIIRS_NOAA20_NRT
12.80382,79.89982,336.69,299.57,3.47,0.46,0.47,2026-09-08,0737,N20,VIIRS,n,D,VIIRS_NOAA20_NRT
12.83612,79.94167,331.02,305.45,7.02,0.45,0.47,2026-09-08,0737,N20,VIIRS,l,D,VIIRS_NOAA20_NRT
12.84465,79.94014,330.65,304.71,4.62,0.45,0.47,2026-09-08,0737,N20,VIIRS,l,D,VIIRS_NOAA20_NRT
12.87861,79.90833,335.9,302.38,7.05,0.45,0.47,2026-09-08,0737,N20,VIIRS,n,D,VIIRS_NOAA20_NRT
13.16077,78.74465,332.49,300.55,3.35,0.54,0.51,2026-09-08,0737,N20,VIIRS,n,D,VIIRS_NOAA20_NRT
13.84408,79.97645,330.11,301.7,2.9,0.43,0.46,2026-09-08,0737,N20,VIIRS,l,D,VIIRS_NOAA20_NRT
13.84826,79.97568,334.38,301.25,2.9,0.43,0.46,2026-09-08,0737,N20,VIIRS,n,D,VIIRS_NOAA20_NRT
14.88231,79.78946,341.48,297.32,4.94,0.43,0.46,2026-09-08,0739,N20,VIIRS,n,D,VIIRS_NOAA20_NRT
15.1602,78.27892,330.6,296.53,8.58,0.53,0.5,2026-09-08,0739,N20,VIIRS,n,D,VIIRS_NOAA20_NRT
15.18101,76.66863,337.79,294.13,2.66,0.34,0.56,2026-09-08,0739,N20,VIIRS,n,D,VIIRS_NOAA20_NRT
15.22604,76.76457,333.7,294.67,5.15,0.33,0.56,2026-09-08,0739,N20,VIIRS,n,D,VIIRS_NOAA20_NRT
16.39561,78.35156,340.22,289.74,3.02,0.5,0.49,2026-09-08,0739,N20,VIIRS,n,D,VIIRS_NOAA20_NRT
17.42646,82.72792,338.08,297.94,4.04,0.42,0.38,2026-09-08,0739,N20,VIIRS,n,D,VIIRS_NOAA20_NRT
17.60495,83.20261,334.29,300.65,4.36,0.41,0.37,2026-09-08,0739,N20,VIIRS,l,D,VIIRS_NOAA20_NRT
17.60893,83.20582,339.56,301.43,4.36,0.41,0.37,2026-09-08,0739,N20,VIIRS,n,D,VIIRS_NOAA20_NRT
17.62962,77.91116,332.2,296.32,5.42,0.51,0.49,2026-09-08,0739,N20,VIIRS,n,D,VIIRS_NOAA20_NRT
17.73318,78.93163,334.18,294.09,2.64,0.43,0.46,2026-09-08,0739,N20,VIIRS,n,D,VIIRS_NOAA20_NRT
19.09773,82.16775,335.87,300.91,9.23,0.43,0.38,2026-09-08,0739,N20,VIIRS,l,D,VIIRS_NOAA20_NRT
19.43899,96.04627,326.7,280.38,3.18,0.5,0.66,2026-09-08,0739,N20,VIIRS,n,D,VIIRS_NOAA20_NRT
20.78967,85.26066,334.69,282.29,5.06,0.39,0.36,2026-09-08,0739,N20,VIIRS,n,D,VIIRS_NOAA20_NRT
20.79765,85.3863,336.48,286.43,3.88,0.39,0.37,2026-09-08,0739,N20,VIIRS,n,D,VIIRS_NOAA20_NRT
20.86174,84.9887,335.67,288.06,2.64,0.39,0.36,2026-09-08,0739,N20,VIIRS,n,D,VIIRS_NOAA20_NRT
20.86505,84.98814,332.84,292.18,6.29,0.39,0.36,2026-09-08,0739,N20,VIIRS,n,D,VIIRS_NOAA20_NRT
21.34945,81.66482,336.39,298.29,5.75,0.42,0.38,2026-09-08,0739,N20,VIIRS,n,D,VIIRS_NOAA20_NRT
21.49219,81.76202,332.12,296.78,1.92,0.42,0.38,2026-09-08,0739,N20,VIIRS,l,D,VIIRS_NOAA20_NRT
21.76666,84.02632,330.12,291.47,2.69,0.38,0.36,2026-09-08,0739,N20,VIIRS,n,D,VIIRS_NOAA20_NRT
21.924,85.22245,332.47,298.89,4.98,0.4,0.37,2026-09-08,0739,N20,VIIRS,n,D,VIIRS_NOAA20_NRT
21.98455,83.23235,333.5,300.03,4.75,0.39,0.36,2026-09-08,0739,N20,VIIRS,n,D,VIIRS_NOAA20_NRT
22.35765,82.30426,343.13,303.15,7.11,0.4,0.37,2026-09-08,0739,N20,VIIRS,n,D,VIIRS_NOAA20_NRT
22.37795,87.27967,338.84,285.46,7.41,0.47,0.4,2026-09-08,0739,N20,VIIRS,n,D,VIIRS_NOAA20_NRT
22.57296,85.89826,340.39,299.52,4.99,0.42,0.37,2026-09-08,0739,N20,VIIRS,n,D,VIIRS_NOAA20_NRT
23.16684,82.34259,335.99,298.83,4.42,0.39,0.36,2026-09-08,0741,N20,VIIRS,n,D,VIIRS_NOAA20_NRT
23.67498,86.08513,331.2,296.88,2.63,0.43,0.38,2026-09-08,0741,N20,VIIRS,n,D,VIIRS_NOAA20_NRT
23.68195,86.08404,330.28,293.56,5.04,0.43,0.38,2026-09-08,0741,N20,VIIRS,n,D,VIIRS_NOAA20_NRT
28.09879,95.47135,331.48,288.83,6.44,0.56,0.69,2026-09-08,0741,N20,VIIRS,n,D,VIIRS_NOAA20_NRT
26.6117,68.16407,331.55,297.68,5.67,0.67,0.74,2026-09-08,0744,N20,VIIRS,n,D,VIIRS_NOAA20_NRT
28.6588,77.57416,331.49,299.83,4.53,0.51,0.41,2026-09-08,0744,N20,VIIRS,n,D,VIIRS_NOAA20_NRT
28.65915,77.57201,330.62,300.45,5.54,0.51,0.41,2026-09-08,0744,N20,VIIRS,n,D,VIIRS_NOAA20_NRT
29.90781,74.94718,340.86,300.6,4.43,0.45,0.47,2026-09-08,0744,N20,VIIRS,n,D,VIIRS_NOAA20_NRT
29.90877,74.95169,331.63,303.04,4.43,0.45,0.47,2026-09-08,0744,N20,VIIRS,l,D,VIIRS_NOAA20_NRT
29.9256,77.28622,332.66,298.54,3.04,0.51,0.41,2026-09-08,0744,N20,VIIRS,n,D,VIIRS_NOAA20_NRT
30.32605,71.9724,333.05,299.83,5.86,0.33,0.55,2026-09-08,0744,N20,VIIRS,n,D,VIIRS_NOAA20_NRT
30.3268,71.97569,355.33,299.19,7.23,0.33,0.55,2026-09-08,0744,N20,VIIRS,n,D,VIIRS_NOAA20_NRT
31.97073,72.31622,335.44,297.84,4.8,0.57,0.52,2026-09-08,0744,N20,VIIRS,n,D,VIIRS_NOAA20_NRT
31.97194,72.31485,330.96,297.47,3.94,0.57,0.52,2026-09-08,0744,N20,VIIRS,n,D,VIIRS_NOAA20_NRT
37.30812,78.87954,339.71,300.53,3.84,0.39,0.36,2026-09-08,0746,N20,VIIRS,n,D,VIIRS_NOAA20_NRT
37.33583,78.96674,338.79,305.76,2.44,0.39,0.36,2026-09-08,0746,N20,VIIRS,n,D,VIIRS_NOAA20_NRT
37.33651,78.97105,346.3,303.72,2.44,0.39,0.36,2026-09-08,0746,N20,VIIRS,n,D,VIIRS_NOAA20_NRT
8.35129,77.57536,337.99,308.27,7.94,0.46,0.39,2026-09-08,0822,N21,VIIRS,l,D,VIIRS_NOAA21_NRT
8.58827,78.13114,338.22,305.91,6.7,0.5,0.41,2026-09-08,0822,N21,VIIRS,n,D,VIIRS_NOAA21_NRT
8.60539,77.96745,340.75,309.4,22.28,0.49,0.4,2026-09-08,0822,N21,VIIRS,n,D,VIIRS_NOAA21_NRT
8.73366,77.81716,339.76,309.85,6.88,0.48,0.4,2026-09-08,0822,N21,VIIRS,l,D,VIIRS_NOAA21_NRT
8.73731,77.81662,338.94,308.82,6.88,0.48,0.4,2026-09-08,0822,N21,VIIRS,n,D,VIIRS_NOAA21_NRT
8.84915,77.81451,337.79,309.67,6.21,0.48,0.4,2026-09-08,0822,N21,VIIRS,l,D,VIIRS_NOAA21_NRT
8.86478,78.08195,343.18,312.93,13.19,0.5,0.41,2026-09-08,0822,N21,VIIRS,n,D,VIIRS_NOAA21_NRT
8.86913,78.08589,343.59,314.46,13.19,0.5,0.41,2026-09-08,0822,N21,VIIRS,l,D,VIIRS_NOAA21_NRT
8.88382,77.79616,336.88,310.04,4.84,0.48,0.4,2026-09-08,0822,N21,VIIRS,l,D,VIIRS_NOAA21_NRT
8.93358,77.49417,335.99,304.15,3.63,0.46,0.39,2026-09-08,0822,N21,VIIRS,n,D,VIIRS_NOAA21_NRT
9.04233,78.01846,339.56,310.43,11.21,0.49,0.41,2026-09-08,0822,N21,VIIRS,l,D,VIIRS_NOAA21_NRT
9.05442,77.6814,338.42,309.31,4.97,0.48,0.4,2026-09-08,0822,N21,VIIRS,l,D,VIIRS_NOAA21_NRT
9.09004,77.77312,348.41,311.34,10.56,0.48,0.4,2026-09-08,0822,N21,VIIRS,n,D,VIIRS_NOAA21_NRT
9.09544,77.34049,336.61,304.17,5.52,0.46,0.39,2026-09-08,0822,N21,VIIRS,n,D,VIIRS_NOAA21_NRT
9.27549,78.66257,338.63,305.96,5.92,0.54,0.42,2026-09-08,0822,N21,VIIRS,n,D,VIIRS_NOAA21_NRT
9.31614,78.72684,345.46,305.14,13.24,0.55,0.42,2026-09-08,0822,N21,VIIRS,n,D,VIIRS_NOAA21_NRT
9.34192,78.82452,337.52,304.14,31.48,0.55,0.43,2026-09-08,0822,N21,VIIRS,n,D,VIIRS_NOAA21_NRT
9.52653,77.79057,342.79,309.7,14.47,0.49,0.4,2026-09-08,0822,N21,VIIRS,n,D,VIIRS_NOAA21_NRT
9.53313,78.64571,346.35,312.4,54.78,0.54,0.42,2026-09-08,0822,N21,VIIRS,n,D,VIIRS_NOAA21_NRT
9.75825,78.38308,336.88,310.77,2.91,0.53,0.42,2026-09-08,0822,N21,VIIRS,l,D,VIIRS_NOAA21_NRT
9.85383,77.64912,335.9,308.28,5.26,0.48,0.4,2026-09-08,0822,N21,VIIRS,l,D,VIIRS_NOAA21_NRT
9.86731,78.65581,336.69,306.77,3.23,0.55,0.43,2026-09-08,0822,N21,VIIRS,l,D,VIIRS_NOAA21_NRT
9.96227,78.9623,336.26,302.92,3.07,0.38,0.43,2026-09-08,0822,N21,VIIRS,n,D,VIIRS_NOAA21_NRT
9.97272,78.71961,331.94,306.26,1.96,0.56,0.43,2026-09-08,0822,N21,VIIRS,l,D,VIIRS_NOAA21_NRT
10.04153,78.05537,338.27,307.97,2.16,0.51,0.41,2026-09-08,0822,N21,VIIRS,n,D,VIIRS_NOAA21_NRT
10.16706,78.7907,338.75,304.92,3.99,0.57,0.43,2026-09-08,0822,N21,VIIRS,n,D,VIIRS_NOAA21_NRT
10.17314,78.80556,332.18,305.28,3.25,0.57,0.43,2026-09-08,0822,N21,VIIRS,l,D,VIIRS_NOAA21_NRT
10.23821,79.09862,344.63,309.9,10.75,0.39,0.44,2026-09-08,0822,N21,VIIRS,n,D,VIIRS_NOAA21_NRT
10.27256,77.2524,341.4,315.02,16.81,0.47,0.39,2026-09-08,0822,N21,VIIRS,l,D,VIIRS_NOAA21_NRT
10.40929,79.80421,338.02,304.04,3.37,0.44,0.46,2026-09-08,0822,N21,VIIRS,n,D,VIIRS_NOAA21_NRT
10.42191,79.25281,367.0,309.42,13.69,0.41,0.45,2026-09-08,0822,N21,VIIRS,h,D,VIIRS_NOAA21_NRT
10.42648,79.25591,350.01,308.23,15.53,0.41,0.45,2026-09-08,0822,N21,VIIRS,n,D,VIIRS_NOAA21_NRT
10.43482,77.7946,341.46,308.28,9.44,0.5,0.41,2026-09-08,0822,N21,VIIRS,n,D,VIIRS_NOAA21_NRT
10.49573,78.17871,335.43,309.55,5.23,0.53,0.42,2026-09-08,0822,N21,VIIRS,l,D,VIIRS_NOAA21_NRT
10.55287,77.33337,340.8,312.49,9.0,0.47,0.4,2026-09-08,0822,N21,VIIRS,l,D,VIIRS_NOAA21_NRT
10.55847,78.78347,341.32,303.61,5.9,0.57,0.43,2026-09-08,0822,N21,VIIRS,n,D,VIIRS_NOAA21_NRT
10.75671,78.84985,335.72,309.18,2.77,0.39,0.44,2026-09-08,0822,N21,VIIRS,l,D,VIIRS_NOAA21_NRT
10.78588,78.80675,338.74,309.45,1.68,0.38,0.44,2026-09-08,0822,N21,VIIRS,l,D,VIIRS_NOAA21_NRT
10.78738,77.37723,340.07,310.99,6.63,0.48,0.4,2026-09-08,0822,N21,VIIRS,l,D,VIIRS_NOAA21_NRT
10.7879,77.37819,340.86,311.05,6.51,0.48,0.4,2026-09-08,0822,N21,VIIRS,l,D,VIIRS_NOAA21_NRT
10.80565,78.98431,346.36,310.46,6.58,0.39,0.44,2026-09-08,0822,N21,VIIRS,n,D,VIIRS_NOAA21_NRT
10.86482,77.44711,338.97,311.12,4.39,0.48,0.4,2026-09-08,0822,N21,VIIRS,l,D,VIIRS_NOAA21_NRT
10.92993,77.06577,337.44,307.43,5.02,0.46,0.39,2026-09-08,0822,N21,VIIRS,n,D,VIIRS_NOAA21_NRT
11.02627,77.50809,338.93,308.69,8.94,0.49,0.4,2026-09-08,0822,N21,VIIRS,n,D,VIIRS_NOAA21_NRT
11.12294,77.05234,343.69,310.02,15.77,0.47,0.39,2026-09-08,0822,N21,VIIRS,n,D,VIIRS_NOAA21_NRT
11.13888,79.6744,330.75,302.67,1.57,0.44,0.46,2026-09-08,0822,N21,VIIRS,l,D,VIIRS_NOAA21_NRT
11.14424,79.74757,331.38,301.7,2.46,0.45,0.47,2026-09-08,0822,N21,VIIRS,l,D,VIIRS_NOAA21_NRT
11.16188,77.30102,339.64,308.34,5.8,0.48,0.4,2026-09-08,0822,N21,VIIRS,n,D,VIIRS_NOAA21_NRT
11.17862,79.84267,336.29,302.6,7.35,0.45,0.47,2026-09-08,0822,N21,VIIRS,n,D,VIIRS_NOAA21_NRT
11.18239,77.23586,337.91,305.16,7.38,0.48,0.4,2026-09-08,0822,N21,VIIRS,n,D,VIIRS_NOAA21_NRT
11.29268,79.53696,340.47,302.23,5.31,0.43,0.46,2026-09-08,0822,N21,VIIRS,n,D,VIIRS_NOAA21_NRT
11.29362,79.53706,336.2,301.32,5.37,0.43,0.46,2026-09-08,0822,N21,VIIRS,n,D,VIIRS_NOAA21_NRT
11.44426,79.2206,330.32,301.33,2.6,0.42,0.45,2026-09-08,0822,N21,VIIRS,l,D,VIIRS_NOAA21_NRT
11.46137,79.28418,332.24,304.44,3.45,0.42,0.45,2026-09-08,0822,N21,VIIRS,l,D,VIIRS_NOAA21_NRT
11.47736,78.03462,338.17,306.83,7.99,0.53,0.42,2026-09-08,0822,N21,VIIRS,n,D,VIIRS_NOAA21_NRT
11.70611,78.73426,337.6,309.21,3.05,0.39,0.44,2026-09-08,0822,N21,VIIRS,n,D,VIIRS_NOAA21_NRT
11.999,79.72091,332.98,303.48,4.93,0.46,0.47,2026-09-08,0822,N21,VIIRS,l,D,VIIRS_NOAA21_NRT
12.09626,77.0597,348.73,316.96,20.08,0.48,0.4,2026-09-08,0822,N21,VIIRS,n,D,VIIRS_NOAA21_NRT
12.47741,78.93455,342.01,301.35,16.2,0.41,0.45,2026-09-08,0824,N21,VIIRS,n,D,VIIRS_NOAA21_NRT
12.53124,78.209,333.37,307.81,3.75,0.56,0.43,2026-09-08,0824,N21,VIIRS,l,D,VIIRS_NOAA21_NRT
12.71969,79.77961,333.09,305.08,6.31,0.47,0.48,2026-09-08,0824,N21,VIIRS,l,D,VIIRS_NOAA21_NRT
13.38639,78.22185,341.05,306.3,3.35,0.38,0.43,2026-09-08,0824,N21,VIIRS,n,D,VIIRS_NOAA21_NRT
13.73269,76.40993,338.63,306.36,5.03,0.46,0.39,2026-09-08,0824,N21,VIIRS,n,D,VIIRS_NOAA21_NRT
13.83928,77.07301,341.14,302.19,7.41,0.5,0.41,2026-09-08,0824,N21,VIIRS,n,D,VIIRS_NOAA21_NRT
13.97903,77.95586,338.88,307.37,17.1,0.56,0.43,2026-09-08,0824,N21,VIIRS,n,D,VIIRS_NOAA21_NRT
13.99043,77.50262,338.3,306.1,4.89,0.53,0.42,2026-09-08,0824,N21,VIIRS,n,D,VIIRS_NOAA21_NRT
14.04394,77.44282,340.46,305.77,12.21,0.53,0.42,2026-09-08,0824,N21,VIIRS,n,D,VIIRS_NOAA21_NRT
14.04906,77.54129,331.43,301.51,3.87,0.53,0.42,2026-09-08,0824,N21,VIIRS,l,D,VIIRS_NOAA21_NRT
14.05006,77.53891,332.19,301.96,7.04,0.53,0.42,2026-09-08,0824,N21,VIIRS,n,D,VIIRS_NOAA21_NRT
14.18716,78.70611,342.37,303.51,2.16,0.42,0.45,2026-09-08,0824,N21,VIIRS,n,D,VIIRS_NOAA21_NRT
14.1913,78.70552,337.8,304.64,4.35,0.42,0.45,2026-09-08,0824,N21,VIIRS,n,D,VIIRS_NOAA21_NRT
14.21133,79.1557,335.5,302.15,5.96,0.45,0.47,2026-09-08,0824,N21,VIIRS,n,D,VIIRS_NOAA21_NRT
14.35181,79.77394,331.42,300.25,5.07,0.5,0.49,2026-09-08,0824,N21,VIIRS,n,D,VIIRS_NOAA21_NRT
14.36157,78.77882,333.15,303.57,3.1,0.43,0.46,2026-09-08,0824,N21,VIIRS,l,D,VIIRS_NOAA21_NRT
14.45216,79.08225,331.66,301.84,1.77,0.45,0.47,2026-09-08,0824,N21,VIIRS,l,D,VIIRS_NOAA21_NRT
14.53657,79.06839,367.0,304.9,41.2,0.45,0.47,2026-09-08,0824,N21,VIIRS,h,D,VIIRS_NOAA21_NRT
14.61038,79.57807,332.01,298.28,3.66,0.48,0.48,2026-09-08,0824,N21,VIIRS,n,D,VIIRS_NOAA21_NRT
14.71398,75.90421,341.75,301.66,4.12,0.45,0.39,2026-09-08,0824,N21,VIIRS,n,D,VIIRS_NOAA21_NRT
14.9011,76.80833,338.46,304.26,9.15,0.5,0.41,2026-09-08,0824,N21,VIIRS,n,D,VIIRS_NOAA21_NRT
15.17509,76.65768,331.27,296.83,3.97,0.49,0.4,2026-09-08,0824,N21,VIIRS,n,D,VIIRS_NOAA21_NRT
15.17756,76.67593,335.87,299.14,5.45,0.49,0.41,2026-09-08,0824,N21,VIIRS,n,D,VIIRS_NOAA21_NRT
15.27007,75.14799,331.02,300.15,4.15,0.42,0.38,2026-09-08,0824,N21,VIIRS,n,D,VIIRS_NOAA21_NRT
16.19677,75.13605,330.82,297.23,3.77,0.43,0.38,2026-09-08,0824,N21,VIIRS,n,D,VIIRS_NOAA21_NRT
16.39796,78.34895,333.49,291.35,13.95,0.43,0.46,2026-09-08,0824,N21,VIIRS,n,D,VIIRS_NOAA21_NRT
16.72304,74.7004,332.97,297.19,3.22,0.42,0.38,2026-09-08,0824,N21,VIIRS,n,D,VIIRS_NOAA21_NRT
17.04641,76.16656,333.1,301.81,5.85,0.49,0.4,2026-09-08,0824,N21,VIIRS,n,D,VIIRS_NOAA21_NRT
17.3413,81.05385,336.4,290.36,3.37,0.33,0.55,2026-09-08,0824,N21,VIIRS,n,D,VIIRS_NOAA21_NRT
19.09082,82.16918,328.92,291.15,2.91,0.41,0.61,2026-09-08,0826,N21,VIIRS,n,D,VIIRS_NOAA21_NRT
19.09543,82.16656,329.77,291.74,10.56,0.41,0.61,2026-09-08,0826,N21,VIIRS,n,D,VIIRS_NOAA21_NRT
19.0964,82.16859,329.9,292.08,2.91,0.41,0.61,2026-09-08,0826,N21,VIIRS,n,D,VIIRS_NOAA21_NRT
19.33149,72.01928,330.26,292.81,1.9,0.38,0.36,2026-09-08,0826,N21,VIIRS,n,D,VIIRS_NOAA21_NRT
19.45337,75.63052,333.22,298.29,3.68,0.49,0.4,2026-09-08,0826,N21,VIIRS,n,D,VIIRS_NOAA21_NRT
21.10306,72.63672,338.43,304.32,18.55,0.39,0.36,2026-09-08,0826,N21,VIIRS,n,D,VIIRS_NOAA21_NRT
21.10469,72.648,339.09,304.87,6.1,0.39,0.36,2026-09-08,0826,N21,VIIRS,n,D,VIIRS_NOAA21_NRT
21.10802,72.64745,345.05,306.03,6.1,0.39,0.36,2026-09-08,0826,N21,VIIRS,n,D,VIIRS_NOAA21_NRT
22.6441,70.74747,345.0,301.73,5.6,0.38,0.36,2026-09-08,0826,N21,VIIRS,n,D,VIIRS_NOAA21_NRT
22.9283,70.10589,338.6,308.02,8.42,0.39,0.36,2026-09-08,0826,N21,VIIRS,n,D,VIIRS_NOAA21_NRT
22.93446,69.6957,333.52,300.99,2.78,0.4,0.37,2026-09-08,0826,N21,VIIRS,n,D,VIIRS_NOAA21_NRT
23.02547,71.60612,335.77,300.71,5.45,0.39,0.36,2026-09-08,0826,N21,VIIRS,n,D,VIIRS_NOAA21_NRT
23.04588,70.13788,338.51,301.42,13.02,0.39,0.36,2026-09-08,0826,N21,VIIRS,n,D,VIIRS_NOAA21_NRT
23.32236,73.02036,333.37,298.97,4.23,0.41,0.37,2026-09-08,0826,N21,VIIRS,n,D,VIIRS_NOAA21_NRT
24.96146,68.29283,337.08,307.58,5.38,0.42,0.37,2026-09-08,0828,N21,VIIRS,l,D,VIIRS_NOAA21_NRT
26.61457,68.1585,345.72,309.88,10.17,0.41,0.37,2026-09-08,0828,N21,VIIRS,n,D,VIIRS_NOAA21_NRT
29.82665,72.6118,335.04,305.58,3.02,0.45,0.39,2026-09-08,0828,N21,VIIRS,l,D,VIIRS_NOAA21_NRT
29.91017,74.95127,335.65,303.23,5.41,0.39,0.44,2026-09-08,0828,N21,VIIRS,n,D,VIIRS_NOAA21_NRT
29.98816,72.85799,332.26,305.39,2.0,0.47,0.4,2026-09-08,0828,N21,VIIRS,l,D,VIIRS_NOAA21_NRT
30.32612,71.97502,334.23,306.54,4.33,0.44,0.38,2026-09-08,0828,N21,VIIRS,l,D,VIIRS_NOAA21_NRT
30.32961,71.97441,344.16,306.29,6.48,0.44,0.38,2026-09-08,0828,N21,VIIRS,n,D,VIIRS_NOAA21_NRT
31.12216,74.68616,339.62,302.34,9.2,0.39,0.44,2026-09-08,0828,N21,VIIRS,n,D,VIIRS_NOAA21_NRT
31.42434,74.57329,332.86,301.2,3.47,0.39,0.44,2026-09-08,0828,N21,VIIRS,n,D,VIIRS_NOAA21_NRT
31.45696,72.13266,335.98,301.91,3.59,0.45,0.39,2026-09-08,0828,N21,VIIRS,n,D,VIIRS_NOAA21_NRT
8.60429,77.96714,337.01,299.88,2.57,0.41,0.6,2026-09-08,0858,N,VIIRS,n,D,VIIRS_SNPP_NRT
9.09733,77.4617,330.93,298.6,1.47,0.38,0.59,2026-09-08,0858,N,VIIRS,n,D,VIIRS_SNPP_NRT
9.09777,77.45968,335.17,298.97,1.46,0.38,0.59,2026-09-08,0858,N,VIIRS,n,D,VIIRS_SNPP_NRT
9.24284,77.45622,367.0,300.12,6.7,0.38,0.59,2026-09-08,0858,N,VIIRS,h,D,VIIRS_SNPP_NRT
9.34336,77.66833,336.37,301.54,1.47,0.4,0.6,2026-09-08,0858,N,VIIRS,n,D,VIIRS_SNPP_NRT
9.34557,78.82265,340.93,294.84,7.49,0.48,0.64,2026-09-08,0858,N,VIIRS,n,D,VIIRS_SNPP_NRT
9.3474,77.66602,348.28,300.93,2.13,0.4,0.6,2026-09-08,0858,N,VIIRS,n,D,VIIRS_SNPP_NRT
9.34892,77.66765,330.81,300.21,1.47,0.4,0.6,2026-09-08,0858,N,VIIRS,n,D,VIIRS_SNPP_NRT
9.48111,78.22231,334.78,297.17,3.12,0.44,0.62,2026-09-08,0858,N,VIIRS,n,D,VIIRS_SNPP_NRT
9.53493,78.64525,358.03,293.97,10.55,0.47,0.64,2026-09-08,0858,N,VIIRS,n,D,VIIRS_SNPP_NRT
9.84427,77.43711,333.04,301.65,1.08,0.39,0.59,2026-09-08,0858,N,VIIRS,n,D,VIIRS_SNPP_NRT
9.84432,77.43795,330.84,301.21,2.31,0.39,0.59,2026-09-08,0858,N,VIIRS,l,D,VIIRS_SNPP_NRT
10.26803,77.25012,333.67,300.52,4.37,0.38,0.59,2026-09-08,0858,N,VIIRS,n,D,VIIRS_SNPP_NRT
10.26851,77.25398,367.0,303.46,13.47,0.39,0.59,2026-09-08,0858,N,VIIRS,h,D,VIIRS_SNPP_NRT
10.26912,77.25885,367.0,303.19,13.47,0.39,0.59,2026-09-08,0858,N,VIIRS,h,D,VIIRS_SNPP_NRT
10.27382,77.25198,367.0,306.94,8.66,0.38,0.59,2026-09-08,0858,N,VIIRS,h,D,VIIRS_SNPP_NRT
10.27434,77.2561,338.94,304.77,7.95,0.39,0.59,2026-09-08,0858,N,VIIRS,n,D,VIIRS_SNPP_NRT
12.06157,77.02383,330.93,298.73,2.86,0.39,0.6,2026-09-08,0900,N,VIIRS,n,D,VIIRS_SNPP_NRT
12.09969,77.06045,331.42,302.11,3.63,0.4,0.6,2026-09-08,0900,N,VIIRS,l,D,VIIRS_SNPP_NRT
12.6018,76.3521,330.43,297.42,1.17,0.36,0.57,2026-09-08,0900,N,VIIRS,n,D,VIIRS_SNPP_NRT
12.68629,79.22961,330.03,290.8,5.0,0.56,0.69,2026-09-08,0900,N,VIIRS,n,D,VIIRS_SNPP_NRT
13.76837,76.63393,334.36,294.39,3.36,0.39,0.59,2026-09-08,0900,N,VIIRS,n,D,VIIRS_SNPP_NRT
14.2825,76.63771,339.44,295.05,4.58,0.4,0.6,2026-09-08,0900,N,VIIRS,n,D,VIIRS_SNPP_NRT
16.83965,76.57693,338.6,289.66,3.65,0.42,0.61,2026-09-08,0902,N,VIIRS,n,D,VIIRS_SNPP_NRT
20.81934,71.06818,330.11,299.88,2.79,0.42,0.45,2026-09-08,0902,N,VIIRS,n,D,VIIRS_SNPP_NRT
21.10201,72.65463,333.48,297.8,4.88,0.53,0.5,2026-09-08,0902,N,VIIRS,n,D,VIIRS_SNPP_NRT
21.10262,72.63547,337.55,298.03,9.33,0.53,0.5,2026-09-08,0902,N,VIIRS,n,D,VIIRS_SNPP_NRT
21.10373,72.64575,343.32,299.18,10.64,0.53,0.5,2026-09-08,0902,N,VIIRS,n,D,VIIRS_SNPP_NRT
21.10607,72.6489,339.2,299.32,10.32,0.53,0.5,2026-09-08,0902,N,VIIRS,n,D,VIIRS_SNPP_NRT
24.67546,68.22954,337.51,302.66,3.29,0.49,0.4,2026-09-08,0905,N,VIIRS,n,D,VIIRS_SNPP_NRT
24.88822,68.00552,343.55,308.6,4.46,0.48,0.4,2026-09-08,0905,N,VIIRS,n,D,VIIRS_SNPP_NRT
25.02114,68.23278,339.49,307.46,3.65,0.49,0.4,2026-09-08,0905,N,VIIRS,n,D,VIIRS_SNPP_NRT
25.02487,68.23222,340.54,308.72,7.97,0.49,0.4,2026-09-08,0905,N,VIIRS,n,D,VIIRS_SNPP_NRT
25.57998,68.63033,331.53,305.96,3.84,0.52,0.42,2026-09-08,0905,N,VIIRS,l,D,VIIRS_SNPP_NRT
26.11402,68.94534,338.33,305.78,5.33,0.55,0.43,2026-09-08,0905,N,VIIRS,n,D,VIIRS_SNPP_NRT
26.11474,68.94655,334.53,305.1,2.47,0.55,0.43,2026-09-08,0905,N,VIIRS,l,D,VIIRS_SNPP_NRT
26.15266,68.60349,340.16,311.45,6.53,0.53,0.42,2026-09-08,0905,N,VIIRS,l,D,VIIRS_SNPP_NRT
26.61547,68.16102,343.67,306.76,10.62,0.51,0.41,2026-09-08,0905,N,VIIRS,n,D,VIIRS_SNPP_NRT
27.97179,68.9266,342.52,307.6,3.99,0.39,0.44,2026-09-08,0905,N,VIIRS,n,D,VIIRS_SNPP_NRT
28.04094,69.6731,333.71,305.84,4.14,0.42,0.46,2026-09-08,0905,N,VIIRS,l,D,VIIRS_SNPP_NRT
29.82304,72.84699,337.52,299.51,2.06,0.34,0.56,2026-09-08,0905,N,VIIRS,n,D,VIIRS_SNPP_NRT
30.33233,71.97624,338.09,300.17,5.02,0.62,0.54,2026-09-08,0905,N,VIIRS,n,D,VIIRS_SNPP_NRT
31.33438,72.16042,333.78,297.11,2.1,0.32,0.55,2026-09-08,0905,N,VIIRS,n,D,VIIRS_SNPP_NRT
31.33746,72.16238,333.87,296.93,3.64,0.32,0.55,2026-09-08,0905,N,VIIRS,n,D,VIIRS_SNPP_NRT
31.45633,72.13813,337.01,297.88,2.5,0.32,0.55,2026-09-08,0905,N,VIIRS,n,D,VIIRS_SNPP_NRT
35.48441,74.07708,331.6,306.33,5.29,0.46,0.64,2026-09-08,0905,N,VIIRS,l,D,VIIRS_SNPP_NRT
33.37469,70.30645,342.48,300.81,3.7,0.53,0.5,2026-09-08,0907,N,VIIRS,n,D,VIIRS_SNPP_NRT
22.92616,70.10849,334.08,295.67,5.74,0.5,0.66,2026-09-08,0922,N20,VIIRS,n,D,VIIRS_NOAA20_NRT
23.33532,70.11651,332.32,295.3,2.4,0.51,0.66,2026-09-08,0922,N20,VIIRS,n,D,VIIRS_NOAA20_NRT
25.0202,68.2333,347.81,302.45,8.07,0.4,0.6,2026-09-08,0922,N20,VIIRS,n,D,VIIRS_NOAA20_NRT
25.02053,68.23731,339.64,300.46,7.29,0.4,0.6,2026-09-08,0922,N20,VIIRS,n,D,VIIRS_NOAA20_NRT
26.61127,68.16167,337.89,303.37,5.04,0.41,0.61,2026-09-08,0924,N20,VIIRS,n,D,VIIRS_NOAA20_NRT
22.35891,82.30371,302.02,,4.13,1.01,1.0,2026-09-08,1459,Terra,MODIS,46,N,MODIS_NRT
23.55976,87.08315,299.24,275.73,1.77,0.37,0.58,2026-09-08,1913,N21,VIIRS,n,N,VIIRS_NOAA21_NRT
23.66449,87.15766,302.53,273.56,0.85,0.37,0.58,2026-09-08,1913,N21,VIIRS,n,N,VIIRS_NOAA21_NRT
23.66482,87.15405,300.74,273.76,0.85,0.37,0.58,2026-09-08,1913,N21,VIIRS,n,N,VIIRS_NOAA21_NRT
23.67803,86.39852,298.04,275.35,1.33,0.41,0.61,2026-09-08,1913,N21,VIIRS,n,N,VIIRS_NOAA21_NRT
23.7144,86.42355,301.37,279.47,2.32,0.41,0.61,2026-09-08,1913,N21,VIIRS,n,N,VIIRS_NOAA21_NRT
23.72031,86.42017,304.29,279.17,2.32,0.41,0.61,2026-09-08,1913,N21,VIIRS,n,N,VIIRS_NOAA21_NRT
23.77853,86.20904,300.67,269.51,1.84,0.42,0.61,2026-09-08,1913,N21,VIIRS,n,N,VIIRS_NOAA21_NRT
23.7941,86.35069,303.83,280.29,2.74,0.41,0.61,2026-09-08,1913,N21,VIIRS,n,N,VIIRS_NOAA21_NRT
23.79843,86.35011,313.88,280.18,3.99,0.41,0.61,2026-09-08,1913,N21,VIIRS,n,N,VIIRS_NOAA21_NRT
23.80013,86.32999,311.88,279.79,2.3,0.42,0.61,2026-09-08,1913,N21,VIIRS,n,N,VIIRS_NOAA21_NRT
23.80574,86.33054,308.66,279.32,1.6,0.42,0.61,2026-09-08,1913,N21,VIIRS,n,N,VIIRS_NOAA21_NRT
19.10295,82.16367,306.2,273.54,1.37,0.53,0.5,2026-09-08,1949,N,VIIRS,n,N,VIIRS_SNPP_NRT
19.96099,79.33219,300.58,269.83,0.78,0.42,0.61,2026-09-08,1949,N,VIIRS,n,N,VIIRS_SNPP_NRT
20.78671,85.26124,298.84,272.8,2.18,0.54,0.42,2026-09-08,1949,N,VIIRS,n,N,VIIRS_SNPP_NRT
20.79587,85.25201,315.69,272.81,3.87,0.54,0.42,2026-09-08,1949,N,VIIRS,n,N,VIIRS_SNPP_NRT
20.80691,85.25891,300.08,268.92,2.19,0.54,0.42,2026-09-08,1949,N,VIIRS,n,N,VIIRS_SNPP_NRT
20.86284,84.98545,298.67,270.94,1.25,0.56,0.43,2026-09-08,1949,N,VIIRS,n,N,VIIRS_SNPP_NRT
20.86435,84.99242,296.94,269.84,1.16,0.56,0.43,2026-09-08,1949,N,VIIRS,n,N,VIIRS_SNPP_NRT
20.86501,84.98708,306.75,271.06,1.16,0.56,0.43,2026-09-08,1949,N,VIIRS,n,N,VIIRS_SNPP_NRT
20.86611,84.99142,299.33,270.68,1.96,0.56,0.43,2026-09-08,1949,N,VIIRS,n,N,VIIRS_SNPP_NRT
20.88556,84.98448,298.64,268.71,1.3,0.56,0.43,2026-09-08,1949,N,VIIRS,n,N,VIIRS_SNPP_NRT
20.89022,84.97961,305.39,268.48,1.48,0.56,0.43,2026-09-08,1949,N,VIIRS,n,N,VIIRS_SNPP_NRT
20.95109,86.04737,310.27,271.42,1.38,0.5,0.41,2026-09-08,1949,N,VIIRS,n,N,VIIRS_SNPP_NRT
20.95175,86.04957,310.7,272.04,1.4,0.5,0.41,2026-09-08,1949,N,VIIRS,n,N,VIIRS_SNPP_NRT
20.96103,85.1719,297.17,272.55,1.48,0.55,0.43,2026-09-08,1949,N,VIIRS,n,N,VIIRS_SNPP_NRT
20.96147,85.17611,298.83,272.18,2.6,0.55,0.43,2026-09-08,1949,N,VIIRS,n,N,VIIRS_SNPP_NRT
20.96218,85.17078,300.26,272.53,3.59,0.55,0.43,2026-09-08,1949,N,VIIRS,n,N,VIIRS_SNPP_NRT
20.96296,85.18839,307.2,268.75,1.24,0.55,0.43,2026-09-08,1949,N,VIIRS,n,N,VIIRS_SNPP_NRT
20.96362,85.18311,296.46,271.8,1.24,0.55,0.43,2026-09-08,1949,N,VIIRS,n,N,VIIRS_SNPP_NRT
20.96399,85.18727,307.6,270.26,2.38,0.55,0.43,2026-09-08,1949,N,VIIRS,n,N,VIIRS_SNPP_NRT
20.96497,85.17246,301.6,273.25,1.63,0.55,0.43,2026-09-08,1949,N,VIIRS,n,N,VIIRS_SNPP_NRT
20.96564,85.16711,301.3,273.54,2.31,0.55,0.43,2026-09-08,1949,N,VIIRS,n,N,VIIRS_SNPP_NRT
20.96801,86.01303,298.69,273.17,1.58,0.5,0.41,2026-09-08,1949,N,VIIRS,n,N,VIIRS_SNPP_NRT
20.96823,85.17837,305.13,273.49,1.63,0.55,0.43,2026-09-08,1949,N,VIIRS,n,N,VIIRS_SNPP_NRT
20.96824,85.15533,299.2,272.53,1.8,0.55,0.43,2026-09-08,1949,N,VIIRS,n,N,VIIRS_SNPP_NRT
20.9689,85.17302,309.48,274.62,1.63,0.55,0.43,2026-09-08,1949,N,VIIRS,n,N,VIIRS_SNPP_NRT
20.97303,86.00401,299.09,272.26,1.05,0.5,0.41,2026-09-08,1949,N,VIIRS,n,N,VIIRS_SNPP_NRT
20.97745,85.16879,301.13,275.55,1.53,0.55,0.43,2026-09-08,1949,N,VIIRS,n,N,VIIRS_SNPP_NRT
21.07918,85.03577,300.85,272.89,2.47,0.56,0.43,2026-09-08,1949,N,VIIRS,n,N,VIIRS_SNPP_NRT
21.24244,79.22527,306.63,287.33,1.09,0.44,0.62,2026-09-08,1949,N,VIIRS,n,N,VIIRS_SNPP_NRT
21.33592,78.96922,313.41,283.01,1.74,0.46,0.63,2026-09-08,1949,N,VIIRS,n,N,VIIRS_SNPP_NRT
21.3374,78.96973,314.29,283.02,2.12,0.45,0.63,2026-09-08,1949,N,VIIRS,n,N,VIIRS_SNPP_NRT
21.67748,84.04029,304.58,283.06,1.83,0.44,0.46,2026-09-08,1949,N,VIIRS,n,N,VIIRS_SNPP_NRT
21.68175,84.04088,306.79,283.25,1.39,0.44,0.46,2026-09-08,1949,N,VIIRS,n,N,VIIRS_SNPP_NRT
21.91912,83.35267,297.13,268.48,0.71,0.48,0.48,2026-09-08,1949,N,VIIRS,n,N,VIIRS_SNPP_NRT
21.91968,83.34795,300.5,268.28,0.71,0.49,0.48,2026-09-08,1949,N,VIIRS,n,N,VIIRS_SNPP_NRT
21.92199,83.3504,308.56,267.01,1.63,0.49,0.48,2026-09-08,1949,N,VIIRS,n,N,VIIRS_SNPP_NRT
22.21111,84.86725,296.64,265.75,0.93,0.4,0.44,2026-09-08,1949,N,VIIRS,n,N,VIIRS_SNPP_NRT
22.32055,82.56607,296.17,265.75,1.13,0.55,0.51,2026-09-08,1949,N,VIIRS,n,N,VIIRS_SNPP_NRT
22.33052,82.60535,296.65,264.1,0.57,0.55,0.51,2026-09-08,1949,N,VIIRS,n,N,VIIRS_SNPP_NRT
22.4775,90.71188,296.91,270.8,0.43,0.38,0.36,2026-09-08,1949,N,VIIRS,n,N,VIIRS_SNPP_NRT
22.78655,86.19794,303.72,282.63,1.5,0.51,0.41,2026-09-08,1949,N,VIIRS,n,N,VIIRS_SNPP_NRT
22.79034,86.19852,312.09,283.06,2.54,0.51,0.41,2026-09-08,1949,N,VIIRS,n,N,VIIRS_SNPP_NRT
22.79099,86.19352,316.28,284.3,2.54,0.51,0.41,2026-09-08,1949,N,VIIRS,n,N,VIIRS_SNPP_NRT
23.55746,87.24306,316.67,285.87,5.33,0.46,0.39,2026-09-08,1949,N,VIIRS,n,N,VIIRS_SNPP_NRT
23.55808,87.23852,331.0,286.14,5.48,0.46,0.39,2026-09-08,1949,N,VIIRS,n,N,VIIRS_SNPP_NRT
23.55933,87.22939,317.11,285.55,2.15,0.46,0.39,2026-09-08,1949,N,VIIRS,n,N,VIIRS_SNPP_NRT
23.5617,87.2391,315.55,285.37,5.48,0.46,0.39,2026-09-08,1949,N,VIIRS,n,N,VIIRS_SNPP_NRT
23.61153,87.1468,306.1,283.12,0.84,0.47,0.4,2026-09-08,1949,N,VIIRS,n,N,VIIRS_SNPP_NRT
23.66251,87.15499,307.21,278.78,1.3,0.47,0.4,2026-09-08,1949,N,VIIRS,n,N,VIIRS_SNPP_NRT
23.66553,87.1602,303.3,280.63,1.3,0.47,0.4,2026-09-08,1949,N,VIIRS,n,N,VIIRS_SNPP_NRT
23.67217,86.11553,308.55,283.62,1.25,0.53,0.42,2026-09-08,1949,N,VIIRS,n,N,VIIRS_SNPP_NRT
23.68253,86.09591,314.45,283.44,1.63,0.53,0.42,2026-09-08,1949,N,VIIRS,n,N,VIIRS_SNPP_NRT
23.69677,86.07681,321.72,283.98,3.27,0.53,0.42,2026-09-08,1949,N,VIIRS,n,N,VIIRS_SNPP_NRT
23.7728,86.20103,303.01,284.66,2.29,0.52,0.42,2026-09-08,1949,N,VIIRS,n,N,VIIRS_SNPP_NRT
23.77346,86.19588,308.14,284.71,1.73,0.52,0.42,2026-09-08,1949,N,VIIRS,n,N,VIIRS_SNPP_NRT
23.77914,86.21259,311.63,284.99,1.55,0.52,0.42,2026-09-08,1949,N,VIIRS,n,N,VIIRS_SNPP_NRT
23.7798,86.20742,309.32,285.51,2.44,0.52,0.42,2026-09-08,1949,N,VIIRS,n,N,VIIRS_SNPP_NRT
23.80277,86.33076,303.31,277.22,0.85,0.52,0.41,2026-09-08,1949,N,VIIRS,n,N,VIIRS_SNPP_NRT
23.83902,85.30463,303.99,287.28,1.02,0.39,0.44,2026-09-08,1949,N,VIIRS,n,N,VIIRS_SNPP_NRT
23.83938,85.30389,302.27,287.36,0.51,0.39,0.44,2026-09-08,1949,N,VIIRS,n,N,VIIRS_SNPP_NRT
24.92294,84.15626,306.82,286.0,1.73,0.47,0.48,2026-09-08,1949,N,VIIRS,n,N,VIIRS_SNPP_NRT
26.64162,79.47488,304.22,290.65,0.53,0.48,0.65,2026-09-08,1949,N,VIIRS,n,N,VIIRS_SNPP_NRT
11.86825,79.20898,308.07,291.62,0.69,0.33,0.56,2026-09-08,1951,N,VIIRS,n,N,VIIRS_SNPP_NRT
11.86972,79.20905,308.67,291.66,0.73,0.33,0.56,2026-09-08,1951,N,VIIRS,n,N,VIIRS_SNPP_NRT
12.69771,76.40362,296.02,285.99,2.14,0.53,0.67,2026-09-08,1951,N,VIIRS,n,N,VIIRS_SNPP_NRT
14.60695,79.35424,295.06,284.72,2.36,0.36,0.57,2026-09-08,1951,N,VIIRS,n,N,VIIRS_SNPP_NRT
15.17607,76.65705,301.42,278.43,2.31,0.55,0.68,2026-09-08,1951,N,VIIRS,n,N,VIIRS_SNPP_NRT
17.46397,80.65453,305.67,289.37,1.51,0.64,0.54,2026-09-08,1951,N,VIIRS,n,N,VIIRS_SNPP_NRT
17.60929,83.20439,306.12,275.54,0.83,0.44,0.46,2026-09-08,1951,N,VIIRS,n,N,VIIRS_SNPP_NRT
19.0977,82.16817,303.81,273.29,1.64,0.53,0.5,2026-09-08,1951,N,VIIRS,n,N,VIIRS_SNPP_NRT
8.10951,79.96661,307.71,292.32,2.24,0.53,0.5,2026-09-08,1953,N,VIIRS,n,N,VIIRS_SNPP_NRT
9.93439,78.31834,308.55,292.76,0.7,0.36,0.57,2026-09-08,1953,N,VIIRS,n,N,VIIRS_SNPP_NRT
10.26213,77.25868,300.67,289.55,0.89,0.43,0.62,2026-09-08,1953,N,VIIRS,n,N,VIIRS_SNPP_NRT
10.39128,79.30709,311.77,293.29,2.85,0.63,0.54,2026-09-08,1953,N,VIIRS,n,N,VIIRS_SNPP_NRT
33.29721,71.17942,302.58,290.73,0.7,0.71,0.75,2026-09-08,2006,N20,VIIRS,n,N,VIIRS_NOAA20_NRT
23.48239,87.35986,301.59,281.83,1.23,0.45,0.39,2026-09-08,2008,N20,VIIRS,n,N,VIIRS_NOAA20_NRT
23.55852,87.24055,329.15,282.3,4.05,0.45,0.39,2026-09-08,2008,N20,VIIRS,n,N,VIIRS_NOAA20_NRT
23.56004,87.23193,314.22,282.57,1.67,0.45,0.39,2026-09-08,2008,N20,VIIRS,n,N,VIIRS_NOAA20_NRT
23.66479,87.15403,313.07,279.32,1.29,0.44,0.39,2026-09-08,2008,N20,VIIRS,n,N,VIIRS_NOAA20_NRT
23.66904,86.09098,309.7,288.68,1.69,0.41,0.37,2026-09-08,2008,N20,VIIRS,n,N,VIIRS_NOAA20_NRT
23.67019,86.09061,307.53,287.71,1.24,0.41,0.37,2026-09-08,2008,N20,VIIRS,n,N,VIIRS_NOAA20_NRT
23.67624,86.4016,299.17,282.04,0.94,0.42,0.37,2026-09-08,2008,N20,VIIRS,n,N,VIIRS_NOAA20_NRT
23.67694,86.39756,298.25,281.62,0.94,0.42,0.37,2026-09-08,2008,N20,VIIRS,n,N,VIIRS_NOAA20_NRT
23.67763,86.39355,300.64,282.29,1.38,0.42,0.37,2026-09-08,2008,N20,VIIRS,n,N,VIIRS_NOAA20_NRT
23.6783,86.08407,312.69,288.52,1.33,0.41,0.37,2026-09-08,2008,N20,VIIRS,n,N,VIIRS_NOAA20_NRT
23.68031,86.09264,310.59,287.58,2.12,0.41,0.37,2026-09-08,2008,N20,VIIRS,n,N,VIIRS_NOAA20_NRT
23.68167,86.08475,306.58,288.33,1.33,0.41,0.37,2026-09-08,2008,N20,VIIRS,n,N,VIIRS_NOAA20_NRT
23.68368,86.09333,313.97,287.88,1.59,0.41,0.37,2026-09-08,2008,N20,VIIRS,n,N,VIIRS_NOAA20_NRT
23.68445,86.39489,295.21,279.19,1.1,0.42,0.37,2026-09-08,2008,N20,VIIRS,n,N,VIIRS_NOAA20_NRT
23.68449,85.36116,301.27,288.6,0.89,0.39,0.36,2026-09-08,2008,N20,VIIRS,n,N,VIIRS_NOAA20_NRT
23.6965,86.07959,313.63,287.74,1.05,0.41,0.37,2026-09-08,2008,N20,VIIRS,n,N,VIIRS_NOAA20_NRT
23.73927,85.00942,304.26,288.62,1.26,0.39,0.36,2026-09-08,2008,N20,VIIRS,n,N,VIIRS_NOAA20_NRT
23.77162,86.19611,305.83,286.43,1.03,0.41,0.37,2026-09-08,2008,N20,VIIRS,n,N,VIIRS_NOAA20_NRT
23.77389,86.366,301.38,281.9,1.57,0.41,0.37,2026-09-08,2008,N20,VIIRS,n,N,VIIRS_NOAA20_NRT
23.77458,86.36201,312.81,283.3,2.65,0.41,0.37,2026-09-08,2008,N20,VIIRS,n,N,VIIRS_NOAA20_NRT
23.77633,86.20937,304.62,286.23,1.44,0.41,0.37,2026-09-08,2008,N20,VIIRS,n,N,VIIRS_NOAA20_NRT
23.77972,86.21004,332.23,287.92,4.26,0.41,0.37,2026-09-08,2008,N20,VIIRS,n,N,VIIRS_NOAA20_NRT
23.78941,85.55109,299.57,287.62,0.82,0.4,0.37,2026-09-08,2008,N20,VIIRS,n,N,VIIRS_NOAA20_NRT
23.80456,86.33068,298.63,279.33,1.06,0.41,0.37,2026-09-08,2008,N20,VIIRS,n,N,VIIRS_NOAA20_NRT
23.8053,85.53831,301.78,289.46,0.96,0.4,0.37,2026-09-08,2008,N20,VIIRS,n,N,VIIRS_NOAA20_NRT
24.92361,84.15542,315.48,284.27,1.78,0.38,0.36,2026-09-08,2008,N20,VIIRS,n,N,VIIRS_NOAA20_NRT
25.03734,87.38728,305.89,282.68,0.76,0.44,0.38,2026-09-08,2008,N20,VIIRS,n,N,VIIRS_NOAA20_NRT
29.63154,77.24386,306.6,293.04,1.57,0.57,0.52,2026-09-08,2008,N20,VIIRS,n,N,VIIRS_NOAA20_NRT
16.8707,80.02052,308.39,292.92,2.42,0.43,0.38,2026-09-08,2010,N20,VIIRS,n,N,VIIRS_NOAA20_NRT
17.13901,77.17599,307.6,289.04,1.45,0.4,0.44,2026-09-08,2010,N20,VIIRS,n,N,VIIRS_NOAA20_NRT
17.14211,77.18411,305.74,288.59,1.05,0.4,0.44,2026-09-08,2010,N20,VIIRS,n,N,VIIRS_NOAA20_NRT
17.46311,80.65279,315.81,292.11,1.91,0.41,0.37,2026-09-08,2010,N20,VIIRS,n,N,VIIRS_NOAA20_NRT
17.60461,83.20285,298.35,271.1,0.83,0.39,0.36,2026-09-08,2010,N20,VIIRS,n,N,VIIRS_NOAA20_NRT
17.6084,83.20293,299.37,271.82,0.66,0.39,0.36,2026-09-08,2010,N20,VIIRS,n,N,VIIRS_NOAA20_NRT
17.6117,83.20351,310.0,271.54,0.66,0.39,0.36,2026-09-08,2010,N20,VIIRS,n,N,VIIRS_NOAA20_NRT
17.62334,83.19441,298.11,273.46,0.41,0.39,0.36,2026-09-08,2010,N20,VIIRS,n,N,VIIRS_NOAA20_NRT
17.95627,80.79686,314.13,294.0,2.2,0.41,0.37,2026-09-08,2010,N20,VIIRS,n,N,VIIRS_NOAA20_NRT
17.95685,80.79299,309.43,293.77,1.46,0.41,0.37,2026-09-08,2010,N20,VIIRS,n,N,VIIRS_NOAA20_NRT
17.95742,80.78911,310.6,293.95,1.46,0.41,0.37,2026-09-08,2010,N20,VIIRS,n,N,VIIRS_NOAA20_NRT
18.54178,83.34262,305.31,285.37,0.75,0.39,0.36,2026-09-08,2010,N20,VIIRS,n,N,VIIRS_NOAA20_NRT
18.69419,73.03756,303.46,290.9,1.35,0.39,0.59,2026-09-08,2010,N20,VIIRS,n,N,VIIRS_NOAA20_NRT
18.70609,72.87003,306.87,290.83,2.65,0.4,0.6,2026-09-08,2010,N20,VIIRS,n,N,VIIRS_NOAA20_NRT
18.71854,79.5375,309.46,290.28,1.23,0.47,0.4,2026-09-08,2010,N20,VIIRS,n,N,VIIRS_NOAA20_NRT
18.72217,79.53808,307.87,290.3,1.23,0.47,0.4,2026-09-08,2010,N20,VIIRS,n,N,VIIRS_NOAA20_NRT
19.09279,82.16982,302.02,284.31,0.5,0.39,0.36,2026-09-08,2010,N20,VIIRS,n,N,VIIRS_NOAA20_NRT
19.09667,82.1667,302.7,283.88,1.27,0.39,0.36,2026-09-08,2010,N20,VIIRS,n,N,VIIRS_NOAA20_NRT
19.09999,82.16727,318.82,284.34,1.27,0.39,0.36,2026-09-08,2010,N20,VIIRS,n,N,VIIRS_NOAA20_NRT
19.10331,82.16782,309.92,285.67,1.44,0.39,0.36,2026-09-08,2010,N20,VIIRS,n,N,VIIRS_NOAA20_NRT
19.10387,82.16415,314.83,284.16,0.71,0.39,0.36,2026-09-08,2010,N20,VIIRS,n,N,VIIRS_NOAA20_NRT
19.92167,79.1118,304.22,285.09,0.75,0.51,0.41,2026-09-08,2010,N20,VIIRS,n,N,VIIRS_NOAA20_NRT
19.96512,79.33562,310.64,282.09,1.12,0.5,0.41,2026-09-08,2010,N20,VIIRS,n,N,VIIRS_NOAA20_NRT
20.69721,78.63435,313.44,291.11,2.24,0.55,0.43,2026-09-08,2010,N20,VIIRS,n,N,VIIRS_NOAA20_NRT
20.76014,85.29642,306.47,271.26,1.25,0.41,0.37,2026-09-08,2010,N20,VIIRS,n,N,VIIRS_NOAA20_NRT
20.7608,85.29257,296.4,270.87,0.43,0.41,0.37,2026-09-08,2010,N20,VIIRS,n,N,VIIRS_NOAA20_NRT
20.78421,85.25719,302.3,274.55,1.29,0.41,0.37,2026-09-08,2010,N20,VIIRS,n,N,VIIRS_NOAA20_NRT
20.78628,85.26556,300.79,274.07,1.15,0.41,0.37,2026-09-08,2010,N20,VIIRS,n,N,VIIRS_NOAA20_NRT
20.78693,85.2617,314.81,275.03,1.15,0.41,0.37,2026-09-08,2010,N20,VIIRS,n,N,VIIRS_NOAA20_NRT
20.79096,85.25847,299.66,274.73,2.25,0.41,0.37,2026-09-08,2010,N20,VIIRS,n,N,VIIRS_NOAA20_NRT
20.79498,85.25523,329.52,275.54,2.25,0.41,0.37,2026-09-08,2010,N20,VIIRS,n,N,VIIRS_NOAA20_NRT
20.79564,85.25138,305.58,273.58,2.46,0.41,0.37,2026-09-08,2010,N20,VIIRS,n,N,VIIRS_NOAA20_NRT
20.7977,85.25974,302.54,274.06,1.06,0.41,0.37,2026-09-08,2010,N20,VIIRS,n,N,VIIRS_NOAA20_NRT
20.80509,85.25718,307.49,274.92,1.04,0.41,0.37,2026-09-08,2010,N20,VIIRS,n,N,VIIRS_NOAA20_NRT
20.80846,85.25784,306.9,275.55,1.04,0.41,0.37,2026-09-08,2010,N20,VIIRS,n,N,VIIRS_NOAA20_NRT
20.86412,84.98782,311.09,271.7,1.13,0.4,0.37,2026-09-08,2010,N20,VIIRS,n,N,VIIRS_NOAA20_NRT
20.8662,84.99608,298.96,272.69,1.64,0.4,0.37,2026-09-08,2010,N20,VIIRS,n,N,VIIRS_NOAA20_NRT
20.95103,86.04613,306.89,271.69,0.63,0.43,0.38,2026-09-08,2010,N20,VIIRS,n,N,VIIRS_NOAA20_NRT
20.96319,85.17136,310.75,276.72,1.04,0.4,0.37,2026-09-08,2010,N20,VIIRS,n,N,VIIRS_NOAA20_NRT
20.96383,85.16753,309.99,277.56,1.04,0.4,0.37,2026-09-08,2010,N20,VIIRS,n,N,VIIRS_NOAA20_NRT
20.96398,85.18736,323.58,275.41,2.05,0.4,0.37,2026-09-08,2010,N20,VIIRS,n,N,VIIRS_NOAA20_NRT
20.96462,85.1835,307.45,275.53,2.05,0.4,0.37,2026-09-08,2010,N20,VIIRS,n,N,VIIRS_NOAA20_NRT
20.96484,86.04884,299.02,276.0,0.66,0.43,0.38,2026-09-08,2010,N20,VIIRS,n,N,VIIRS_NOAA20_NRT
20.96503,86.00687,307.22,272.75,1.58,0.43,0.38,2026-09-08,2010,N20,VIIRS,n,N,VIIRS_NOAA20_NRT
20.96718,85.16818,302.47,276.44,1.04,0.4,0.37,2026-09-08,2010,N20,VIIRS,n,N,VIIRS_NOAA20_NRT
20.96777,86.01161,313.83,272.21,1.82,0.43,0.38,2026-09-08,2010,N20,VIIRS,n,N,VIIRS_NOAA20_NRT
20.96927,85.17648,313.08,275.3,1.21,0.4,0.37,2026-09-08,2010,N20,VIIRS,n,N,VIIRS_NOAA20_NRT
20.96974,85.15288,319.68,278.68,2.62,0.4,0.37,2026-09-08,2010,N20,VIIRS,n,N,VIIRS_NOAA20_NRT
20.9698,86.02042,297.32,272.2,0.5,0.43,0.38,2026-09-08,2010,N20,VIIRS,n,N,VIIRS_NOAA20_NRT
20.96991,85.17265,322.79,276.18,2.74,0.4,0.37,2026-09-08,2010,N20,VIIRS,n,N,VIIRS_NOAA20_NRT
20.97263,85.17712,298.89,272.6,1.21,0.4,0.37,2026-09-08,2010,N20,VIIRS,n,N,VIIRS_NOAA20_NRT
20.97263,86.00419,296.7,269.81,0.69,0.43,0.38,2026-09-08,2010,N20,VIIRS,n,N,VIIRS_NOAA20_NRT
20.97662,85.17394,297.49,272.51,0.8,0.4,0.37,2026-09-08,2010,N20,VIIRS,n,N,VIIRS_NOAA20_NRT
20.97726,85.17011,310.14,273.98,0.8,0.4,0.37,2026-09-08,2010,N20,VIIRS,n,N,VIIRS_NOAA20_NRT
20.97964,85.13502,301.67,271.52,1.33,0.4,0.37,2026-09-08,2010,N20,VIIRS,n,N,VIIRS_NOAA20_NRT
21.07584,85.04662,295.58,269.85,0.83,0.4,0.37,2026-09-08,2010,N20,VIIRS,n,N,VIIRS_NOAA20_NRT
21.07711,85.03904,299.0,271.88,1.76,0.4,0.37,2026-09-08,2010,N20,VIIRS,n,N,VIIRS_NOAA20_NRT
21.08109,85.03587,297.14,271.3,0.78,0.4,0.37,2026-09-08,2010,N20,VIIRS,n,N,VIIRS_NOAA20_NRT
21.17996,81.38689,300.91,270.78,1.7,0.42,0.37,2026-09-08,2010,N20,VIIRS,n,N,VIIRS_NOAA20_NRT
21.18682,81.38802,299.66,272.29,0.88,0.42,0.37,2026-09-08,2010,N20,VIIRS,n,N,VIIRS_NOAA20_NRT
21.24456,79.22421,309.79,291.66,2.17,0.52,0.41,2026-09-08,2010,N20,VIIRS,n,N,VIIRS_NOAA20_NRT
21.25031,79.2098,308.71,291.66,1.27,0.52,0.42,2026-09-08,2010,N20,VIIRS,n,N,VIIRS_NOAA20_NRT
21.33642,78.96896,320.39,290.76,3.29,0.54,0.42,2026-09-08,2010,N20,VIIRS,n,N,VIIRS_NOAA20_NRT
21.48824,81.76783,307.0,287.59,0.84,0.41,0.37,2026-09-08,2010,N20,VIIRS,n,N,VIIRS_NOAA20_NRT
21.56038,81.7552,305.0,286.1,0.64,0.41,0.37,2026-09-08,2010,N20,VIIRS,n,N,VIIRS_NOAA20_NRT
21.67267,84.04087,298.16,275.63,0.44,0.38,0.36,2026-09-08,2010,N20,VIIRS,n,N,VIIRS_NOAA20_NRT
21.67297,82.07998,305.47,287.93,0.69,0.4,0.37,2026-09-08,2010,N20,VIIRS,n,N,VIIRS_NOAA20_NRT
21.67985,84.03839,306.27,271.47,0.6,0.38,0.36,2026-09-08,2010,N20,VIIRS,n,N,VIIRS_NOAA20_NRT
21.68255,84.04268,299.34,274.02,0.54,0.38,0.36,2026-09-08,2010,N20,VIIRS,n,N,VIIRS_NOAA20_NRT
21.73041,82.21562,298.77,277.94,0.35,0.4,0.37,2026-09-08,2010,N20,VIIRS,n,N,VIIRS_NOAA20_NRT
21.74176,83.84124,300.66,269.72,1.19,0.38,0.36,2026-09-08,2010,N20,VIIRS,n,N,VIIRS_NOAA20_NRT
21.74505,83.84184,307.07,270.06,3.24,0.38,0.36,2026-09-08,2010,N20,VIIRS,n,N,VIIRS_NOAA20_NRT
21.74834,83.84244,335.56,270.63,3.24,0.38,0.36,2026-09-08,2010,N20,VIIRS,n,N,VIIRS_NOAA20_NRT
21.75209,83.84266,297.53,272.22,1.24,0.38,0.36,2026-09-08,2010,N20,VIIRS,n,N,VIIRS_NOAA20_NRT
21.75538,83.84325,318.48,274.6,1.24,0.38,0.36,2026-09-08,2010,N20,VIIRS,n,N,VIIRS_NOAA20_NRT
21.75868,83.84386,301.99,275.4,1.13,0.38,0.36,2026-09-08,2010,N20,VIIRS,n,N,VIIRS_NOAA20_NRT
21.76138,83.84814,307.35,275.36,1.13,0.38,0.36,2026-09-08,2010,N20,VIIRS,n,N,VIIRS_NOAA20_NRT
21.76467,83.84873,311.56,275.64,1.3,0.38,0.36,2026-09-08,2010,N20,VIIRS,n,N,VIIRS_NOAA20_NRT
21.83345,72.65038,314.23,290.82,1.46,0.45,0.63,2026-09-08,2010,N20,VIIRS,n,N,VIIRS_NOAA20_NRT
21.8341,72.64875,313.92,290.71,1.56,0.45,0.63,2026-09-08,2010,N20,VIIRS,n,N,VIIRS_NOAA20_NRT
21.87877,83.55486,303.39,276.02,0.76,0.38,0.36,2026-09-08,2010,N20,VIIRS,n,N,VIIRS_NOAA20_NRT
21.92041,83.35355,307.03,280.53,1.62,0.39,0.36,2026-09-08,2010,N20,VIIRS,n,N,VIIRS_NOAA20_NRT
21.92099,83.34985,323.22,281.33,1.62,0.39,0.36,2026-09-08,2010,N20,VIIRS,n,N,VIIRS_NOAA20_NRT
21.92429,83.35045,310.94,278.51,1.56,0.39,0.36,2026-09-08,2010,N20,VIIRS,n,N,VIIRS_NOAA20_NRT
22.00491,82.67097,303.36,271.26,1.16,0.39,0.36,2026-09-08,2010,N20,VIIRS,n,N,VIIRS_NOAA20_NRT
22.0398,83.35128,297.42,265.89,0.49,0.39,0.36,2026-09-08,2010,N20,VIIRS,n,N,VIIRS_NOAA20_NRT
22.21029,84.86179,303.09,284.7,1.32,0.39,0.36,2026-09-08,2010,N20,VIIRS,n,N,VIIRS_NOAA20_NRT
22.21299,84.86617,310.66,283.95,1.82,0.39,0.36,2026-09-08,2010,N20,VIIRS,n,N,VIIRS_NOAA20_NRT
22.31684,82.55962,298.45,269.52,0.55,0.4,0.37,2026-09-08,2010,N20,VIIRS,n,N,VIIRS_NOAA20_NRT
22.31904,82.56783,298.41,271.07,0.54,0.4,0.37,2026-09-08,2010,N20,VIIRS,n,N,VIIRS_NOAA20_NRT
22.31961,82.56403,303.78,269.13,0.54,0.4,0.37,2026-09-08,2010,N20,VIIRS,n,N,VIIRS_NOAA20_NRT
22.32247,82.54494,295.52,270.08,0.38,0.4,0.37,2026-09-08,2010,N20,VIIRS,n,N,VIIRS_NOAA20_NRT
22.32287,82.58804,309.51,279.82,1.07,0.4,0.37,2026-09-08,2010,N20,VIIRS,n,N,VIIRS_NOAA20_NRT
22.3306,82.605,315.24,282.69,1.91,0.39,0.37,2026-09-08,2010,N20,VIIRS,n,N,VIIRS_NOAA20_NRT
22.35846,82.30285,320.05,273.84,2.29,0.4,0.37,2026-09-08,2010,N20,VIIRS,n,N,VIIRS_NOAA20_NRT
23.16456,82.34003,305.45,267.81,0.76,0.4,0.37,2026-09-08,2010,N20,VIIRS,n,N,VIIRS_NOAA20_NRT
23.16513,82.33613,299.78,265.0,0.41,0.4,0.37,2026-09-08,2010,N20,VIIRS,n,N,VIIRS_NOAA20_NRT
23.16735,82.34455,299.26,269.34,0.76,0.4,0.37,2026-09-08,2010,N20,VIIRS,n,N,VIIRS_NOAA20_NRT
23.16793,82.34064,303.45,268.48,0.76,0.4,0.37,2026-09-08,2010,N20,VIIRS,n,N,VIIRS_NOAA20_NRT
23.66994,84.9961,304.14,289.02,1.62,0.39,0.36,2026-09-08,2010,N20,VIIRS,n,N,VIIRS_NOAA20_NRT
23.71885,85.00939,309.48,287.85,1.3,0.39,0.36,2026-09-08,2010,N20,VIIRS,n,N,VIIRS_NOAA20_NRT
24.66136,74.63292,303.18,292.19,1.46,0.36,0.58,2026-09-08,2010,N20,VIIRS,n,N,VIIRS_NOAA20_NRT
24.76466,74.60454,305.12,291.58,1.05,0.37,0.58,2026-09-08,2010,N20,VIIRS,n,N,VIIRS_NOAA20_NRT
10.93019,77.06474,304.11,291.26,0.77,0.51,0.41,2026-09-08,2012,N20,VIIRS,n,N,VIIRS_NOAA20_NRT
10.93062,77.0621,309.18,291.59,0.69,0.51,0.41,2026-09-08,2012,N20,VIIRS,n,N,VIIRS_NOAA20_NRT
11.17587,79.0892,311.36,296.37,1.18,0.42,0.38,2026-09-08,2012,N20,VIIRS,n,N,VIIRS_NOAA20_NRT
11.18397,79.10142,308.84,295.67,0.75,0.42,0.38,2026-09-08,2012,N20,VIIRS,n,N,VIIRS_NOAA20_NRT
11.26849,80.0023,327.55,291.66,2.29,0.4,0.37,2026-09-08,2012,N20,VIIRS,n,N,VIIRS_NOAA20_NRT
12.29816,79.09348,315.74,292.92,0.8,0.43,0.38,2026-09-08,2012,N20,VIIRS,n,N,VIIRS_NOAA20_NRT
12.69391,76.40387,302.13,288.6,0.38,0.39,0.44,2026-09-08,2012,N20,VIIRS,n,N,VIIRS_NOAA20_NRT
13.39299,80.10088,307.33,291.23,1.63,0.4,0.37,2026-09-08,2012,N20,VIIRS,n,N,VIIRS_NOAA20_NRT
13.44663,80.09742,304.01,285.76,0.57,0.4,0.37,2026-09-08,2012,N20,VIIRS,n,N,VIIRS_NOAA20_NRT
13.49294,78.53581,309.71,292.43,3.01,0.46,0.39,2026-09-08,2012,N20,VIIRS,n,N,VIIRS_NOAA20_NRT
13.71046,79.61947,308.81,294.03,3.52,0.42,0.38,2026-09-08,2012,N20,VIIRS,n,N,VIIRS_NOAA20_NRT
15.17266,76.69178,307.8,289.97,1.28,0.41,0.45,2026-09-08,2012,N20,VIIRS,n,N,VIIRS_NOAA20_NRT
15.17472,76.67653,302.55,286.93,0.87,0.41,0.45,2026-09-08,2012,N20,VIIRS,n,N,VIIRS_NOAA20_NRT
15.17729,76.65754,319.56,291.39,3.3,0.41,0.45,2026-09-08,2012,N20,VIIRS,n,N,VIIRS_NOAA20_NRT
15.1778,76.65374,319.44,291.02,3.01,0.41,0.45,2026-09-08,2012,N20,VIIRS,n,N,VIIRS_NOAA20_NRT
15.17884,76.67707,315.93,285.51,0.87,0.41,0.45,2026-09-08,2012,N20,VIIRS,n,N,VIIRS_NOAA20_NRT
15.18346,76.64287,306.98,290.63,1.02,0.41,0.45,2026-09-08,2012,N20,VIIRS,n,N,VIIRS_NOAA20_NRT
15.18449,76.66625,305.53,288.45,0.7,0.41,0.45,2026-09-08,2012,N20,VIIRS,n,N,VIIRS_NOAA20_NRT
15.22484,76.76362,311.23,290.36,1.41,0.4,0.45,2026-09-08,2012,N20,VIIRS,n,N,VIIRS_NOAA20_NRT
15.22534,76.75986,305.51,289.79,0.8,0.4,0.45,2026-09-08,2012,N20,VIIRS,n,N,VIIRS_NOAA20_NRT
15.30919,76.2511,302.1,288.26,0.56,0.44,0.46,2026-09-08,2012,N20,VIIRS,n,N,VIIRS_NOAA20_NRT
17.06564,76.97866,306.96,288.14,1.1,0.41,0.45,2026-09-08,2012,N20,VIIRS,n,N,VIIRS_NOAA20_NRT
8.10904,79.9649,321.1,294.74,2.92,0.39,0.36,2026-09-08,2014,N20,VIIRS,n,N,VIIRS_NOAA20_NRT
8.1095,79.87567,330.72,295.58,4.11,0.39,0.36,2026-09-08,2014,N20,VIIRS,n,N,VIIRS_NOAA20_NRT
9.93341,78.31886,311.34,295.43,0.74,0.44,0.38,2026-09-08,2014,N20,VIIRS,n,N,VIIRS_NOAA20_NRT
10.26284,77.26017,313.43,291.21,1.97,0.49,0.4,2026-09-08,2014,N20,VIIRS,n,N,VIIRS_NOAA20_NRT
10.26525,77.25865,314.25,291.16,1.94,0.49,0.41,2026-09-08,2014,N20,VIIRS,n,N,VIIRS_NOAA20_NRT
10.39337,79.30788,325.49,294.98,3.02,0.41,0.37,2026-09-08,2014,N20,VIIRS,n,N,VIIRS_NOAA20_NRT
10.44144,77.51208,304.24,292.54,0.4,0.48,0.4,2026-09-08,2014,N20,VIIRS,n,N,VIIRS_NOAA20_NRT
10.44217,77.50991,304.78,291.39,0.98,0.48,0.4,2026-09-08,2014,N20,VIIRS,n,N,VIIRS_NOAA20_NRT
10.61581,77.41911,307.17,293.19,0.74,0.49,0.4,2026-09-08,2014,N20,VIIRS,n,N,VIIRS_NOAA20_NRT
35.45044,73.76525,309.15,286.53,0.95,0.39,0.36,2026-09-08,2051,N21,VIIRS,n,N,VIIRS_NOAA21_NRT
20.79208,85.25125,296.8,264.34,3.74,0.74,0.76,2026-09-08,2053,N21,VIIRS,n,N,VIIRS_NOAA21_NRT
21.24916,79.20591,303.58,287.1,1.08,0.59,0.53,2026-09-08,2053,N21,VIIRS,n,N,VIIRS_NOAA21_NRT
21.33687,78.96786,305.76,289.61,1.54,0.57,0.52,2026-09-08,2053,N21,VIIRS,n,N,VIIRS_NOAA21_NRT
21.33834,78.96877,303.37,289.18,1.37,0.57,0.52,2026-09-08,2053,N21,VIIRS,n,N,VIIRS_NOAA21_NRT
21.74261,83.84052,300.13,267.8,3.69,0.57,0.69,2026-09-08,2053,N21,VIIRS,n,N,VIIRS_NOAA21_NRT
21.74874,83.84246,324.49,266.7,3.69,0.57,0.69,2026-09-08,2053,N21,VIIRS,n,N,VIIRS_NOAA21_NRT
21.75488,83.84436,295.77,262.88,1.45,0.57,0.69,2026-09-08,2053,N21,VIIRS,n,N,VIIRS_NOAA21_NRT
21.83302,72.65292,319.91,294.46,2.09,0.4,0.37,2026-09-08,2053,N21,VIIRS,n,N,VIIRS_NOAA21_NRT
22.2642,75.13484,309.54,294.06,1.61,0.49,0.4,2026-09-08,2053,N21,VIIRS,n,N,VIIRS_NOAA21_NRT
22.35583,82.30267,315.43,274.13,2.7,0.44,0.63,2026-09-08,2053,N21,VIIRS,n,N,VIIRS_NOAA21_NRT
22.3568,82.29849,296.49,272.55,1.96,0.44,0.63,2026-09-08,2053,N21,VIIRS,n,N,VIIRS_NOAA21_NRT
22.35914,82.30242,315.69,274.07,3.22,0.44,0.63,2026-09-08,2053,N21,VIIRS,n,N,VIIRS_NOAA21_NRT
23.25705,70.26215,310.22,294.01,2.15,0.39,0.36,2026-09-08,2053,N21,VIIRS,n,N,VIIRS_NOAA21_NRT
23.31549,70.48596,312.78,295.94,1.86,0.39,0.36,2026-09-08,2053,N21,VIIRS,n,N,VIIRS_NOAA21_NRT
23.42921,68.7126,305.09,293.48,1.97,0.44,0.38,2026-09-08,2053,N21,VIIRS,n,N,VIIRS_NOAA21_NRT
24.66074,74.63229,306.29,295.42,1.23,0.44,0.38,2026-09-08,2053,N21,VIIRS,n,N,VIIRS_NOAA21_NRT
24.76343,74.60809,312.0,295.88,1.66,0.44,0.38,2026-09-08,2053,N21,VIIRS,n,N,VIIRS_NOAA21_NRT
24.82075,73.09358,313.84,296.53,1.32,0.39,0.37,2026-09-08,2053,N21,VIIRS,n,N,VIIRS_NOAA21_NRT
24.93482,74.63259,309.0,294.76,1.55,0.43,0.38,2026-09-08,2053,N21,VIIRS,n,N,VIIRS_NOAA21_NRT
25.38644,68.58231,325.77,296.54,2.4,0.46,0.39,2026-09-08,2053,N21,VIIRS,n,N,VIIRS_NOAA21_NRT
25.38845,68.58139,321.16,296.28,2.32,0.46,0.39,2026-09-08,2053,N21,VIIRS,n,N,VIIRS_NOAA21_NRT
27.66572,76.13033,307.72,295.39,2.16,0.46,0.39,2026-09-08,2053,N21,VIIRS,n,N,VIIRS_NOAA21_NRT
28.27609,77.18248,307.53,294.65,0.99,0.51,0.41,2026-09-08,2053,N21,VIIRS,n,N,VIIRS_NOAA21_NRT
28.34451,77.23112,311.99,294.72,1.54,0.51,0.41,2026-09-08,2053,N21,VIIRS,n,N,VIIRS_NOAA21_NRT
28.34715,77.25851,306.92,294.38,3.45,0.51,0.41,2026-09-08,2053,N21,VIIRS,n,N,VIIRS_NOAA21_NRT
28.42428,69.69835,315.76,297.87,2.15,0.44,0.39,2026-09-08,2053,N21,VIIRS,n,N,VIIRS_NOAA21_NRT
28.85114,77.14791,311.21,294.16,3.15,0.5,0.41,2026-09-08,2053,N21,VIIRS,n,N,VIIRS_NOAA21_NRT
29.6315,77.24976,305.32,294.45,0.75,0.49,0.4,2026-09-08,2053,N21,VIIRS,n,N,VIIRS_NOAA21_NRT
30.08338,70.17281,308.92,297.62,2.24,0.44,0.38,2026-09-08,2053,N21,VIIRS,n,N,VIIRS_NOAA21_NRT
30.44674,70.56655,312.48,300.77,0.9,0.43,0.38,2026-09-08,2053,N21,VIIRS,n,N,VIIRS_NOAA21_NRT
32.29046,70.7383,310.12,299.12,3.19,0.44,0.38,2026-09-08,2053,N21,VIIRS,n,N,VIIRS_NOAA21_NRT
32.37861,72.13979,308.95,298.84,1.03,0.4,0.37,2026-09-08,2053,N21,VIIRS,n,N,VIIRS_NOAA21_NRT
32.38057,72.13855,309.09,298.92,2.39,0.4,0.37,2026-09-08,2053,N21,VIIRS,n,N,VIIRS_NOAA21_NRT
32.57512,72.5635,313.96,297.51,2.52,0.39,0.37,2026-09-08,2053,N21,VIIRS,n,N,VIIRS_NOAA21_NRT
32.65304,70.47336,314.53,298.04,1.47,0.45,0.39,2026-09-08,2053,N21,VIIRS,n,N,VIIRS_NOAA21_NRT
32.71785,72.77577,312.2,295.73,1.49,0.39,0.36,2026-09-08,2053,N21,VIIRS,n,N,VIIRS_NOAA21_NRT
32.71963,72.92428,305.09,295.04,1.02,0.39,0.36,2026-09-08,2053,N21,VIIRS,n,N,VIIRS_NOAA21_NRT
32.88968,71.6192,307.76,297.01,2.86,0.42,0.37,2026-09-08,2053,N21,VIIRS,n,N,VIIRS_NOAA21_NRT
33.29688,71.18692,312.13,295.39,1.47,0.43,0.38,2026-09-08,2053,N21,VIIRS,n,N,VIIRS_NOAA21_NRT
33.54583,71.55003,308.02,296.55,1.91,0.42,0.38,2026-09-08,2053,N21,VIIRS,n,N,VIIRS_NOAA21_NRT
33.54665,71.55161,306.9,295.95,1.8,0.42,0.38,2026-09-08,2053,N21,VIIRS,n,N,VIIRS_NOAA21_NRT
33.68939,72.71101,315.02,296.24,1.56,0.4,0.37,2026-09-08,2053,N21,VIIRS,n,N,VIIRS_NOAA21_NRT
33.90155,74.64181,327.28,285.96,3.7,0.38,0.36,2026-09-08,2053,N21,VIIRS,n,N,VIIRS_NOAA21_NRT
35.96765,68.68378,303.0,292.29,1.14,0.4,0.44,2026-09-08,2053,N21,VIIRS,n,N,VIIRS_NOAA21_NRT
13.03041,77.87395,310.53,288.5,1.04,0.35,0.57,2026-09-08,2055,N21,VIIRS,n,N,VIIRS_NOAA21_NRT
13.03228,77.87708,301.88,288.37,1.11,0.35,0.57,2026-09-08,2055,N21,VIIRS,n,N,VIIRS_NOAA21_NRT
13.03289,77.87395,313.38,288.65,1.11,0.35,0.57,2026-09-08,2055,N21,VIIRS,n,N,VIIRS_NOAA21_NRT
14.42481,79.67995,295.39,285.35,4.49,0.43,0.62,2026-09-08,2055,N21,VIIRS,n,N,VIIRS_NOAA21_NRT
15.16434,76.37961,301.25,289.41,0.78,0.51,0.49,2026-09-08,2055,N21,VIIRS,n,N,VIIRS_NOAA21_NRT
15.16665,76.37827,302.06,290.02,1.36,0.51,0.49,2026-09-08,2055,N21,VIIRS,n,N,VIIRS_NOAA21_NRT
15.16879,76.38054,303.85,290.24,1.79,0.51,0.49,2026-09-08,2055,N21,VIIRS,n,N,VIIRS_NOAA21_NRT
15.17728,76.65664,327.82,290.89,6.33,0.53,0.5,2026-09-08,2055,N21,VIIRS,n,N,VIIRS_NOAA21_NRT
15.17819,76.67695,309.68,289.75,3.17,0.53,0.5,2026-09-08,2055,N21,VIIRS,n,N,VIIRS_NOAA21_NRT
15.1791,76.67211,303.5,289.17,1.6,0.53,0.5,2026-09-08,2055,N21,VIIRS,n,N,VIIRS_NOAA21_NRT
15.18,76.66727,307.35,289.75,1.6,0.53,0.5,2026-09-08,2055,N21,VIIRS,n,N,VIIRS_NOAA21_NRT
15.18634,76.65858,307.6,289.89,2.48,0.53,0.5,2026-09-08,2055,N21,VIIRS,n,N,VIIRS_NOAA21_NRT
15.2236,76.76345,309.35,290.59,1.71,0.53,0.5,2026-09-08,2055,N21,VIIRS,n,N,VIIRS_NOAA21_NRT
15.33856,76.27937,319.13,290.46,2.49,0.49,0.49,2026-09-08,2055,N21,VIIRS,n,N,VIIRS_NOAA21_NRT
15.33924,76.25131,303.55,290.3,0.75,0.49,0.49,2026-09-08,2055,N21,VIIRS,n,N,VIIRS_NOAA21_NRT
15.6576,73.99148,304.03,291.68,0.84,0.53,0.42,2026-09-08,2055,N21,VIIRS,n,N,VIIRS_NOAA21_NRT
16.51887,79.73135,302.84,290.34,1.59,0.4,0.6,2026-09-08,2055,N21,VIIRS,n,N,VIIRS_NOAA21_NRT
16.87159,80.02135,304.24,287.16,2.38,0.41,0.61,2026-09-08,2055,N21,VIIRS,n,N,VIIRS_NOAA21_NRT
17.9596,80.79324,303.82,283.35,2.48,0.44,0.62,2026-09-08,2055,N21,VIIRS,n,N,VIIRS_NOAA21_NRT
18.57353,74.15674,328.04,291.4,4.21,0.49,0.41,2026-09-08,2055,N21,VIIRS,n,N,VIIRS_NOAA21_NRT
18.69045,73.04063,322.23,291.12,3.74,0.44,0.38,2026-09-08,2055,N21,VIIRS,n,N,VIIRS_NOAA21_NRT
19.17728,70.94631,314.83,294.6,2.74,0.39,0.36,2026-09-08,2055,N21,VIIRS,n,N,VIIRS_NOAA21_NRT
19.37115,71.35227,324.07,295.38,3.92,0.39,0.36,2026-09-08,2055,N21,VIIRS,n,N,VIIRS_NOAA21_NRT
19.81688,79.33522,307.31,287.56,1.06,0.32,0.55,2026-09-08,2055,N21,VIIRS,n,N,VIIRS_NOAA21_NRT
19.93704,73.71299,319.13,290.15,2.1,0.45,0.39,2026-09-08,2055,N21,VIIRS,n,N,VIIRS_NOAA21_NRT
20.91085,71.46191,307.85,295.65,0.81,0.39,0.36,2026-09-08,2055,N21,VIIRS,n,N,VIIRS_NOAA21_NRT
20.91144,71.45822,306.58,295.57,0.81,0.39,0.36,2026-09-08,2055,N21,VIIRS,n,N,VIIRS_NOAA21_NRT
21.10085,72.6372,306.97,291.08,2.33,0.41,0.37,2026-09-08,2055,N21,VIIRS,n,N,VIIRS_NOAA21_NRT
21.10228,72.64941,308.29,290.33,3.13,0.41,0.37,2026-09-08,2055,N21,VIIRS,n,N,VIIRS_NOAA21_NRT
21.10292,72.64555,316.94,290.84,3.13,0.41,0.37,2026-09-08,2055,N21,VIIRS,n,N,VIIRS_NOAA21_NRT
21.10357,72.64169,307.13,291.43,1.45,0.41,0.37,2026-09-08,2055,N21,VIIRS,n,N,VIIRS_NOAA21_NRT
21.105,72.65392,307.63,295.67,3.04,0.41,0.37,2026-09-08,2055,N21,VIIRS,n,N,VIIRS_NOAA21_NRT
21.10565,72.65005,311.3,292.86,3.13,0.41,0.37,2026-09-08,2055,N21,VIIRS,n,N,VIIRS_NOAA21_NRT
21.10629,72.64619,338.63,294.58,3.13,0.41,0.37,2026-09-08,2055,N21,VIIRS,n,N,VIIRS_NOAA21_NRT
21.10694,72.64233,308.96,291.91,1.45,0.41,0.37,2026-09-08,2055,N21,VIIRS,n,N,VIIRS_NOAA21_NRT
21.10758,72.63847,308.96,294.62,1.45,0.41,0.37,2026-09-08,2055,N21,VIIRS,n,N,VIIRS_NOAA21_NRT
21.10966,72.64683,308.17,295.71,3.46,0.41,0.37,2026-09-08,2055,N21,VIIRS,n,N,VIIRS_NOAA21_NRT
23.69509,85.28782,298.32,282.62,3.04,0.64,0.72,2026-09-08,2055,N21,VIIRS,n,N,VIIRS_NOAA21_NRT
23.75601,86.40096,295.65,273.03,4.46,0.74,0.76,2026-09-08,2055,N21,VIIRS,n,N,VIIRS_NOAA21_NRT
23.76281,86.40294,298.71,272.2,5.06,0.74,0.76,2026-09-08,2055,N21,VIIRS,n,N,VIIRS_NOAA21_NRT
23.76368,86.39948,297.72,273.22,3.91,0.74,0.76,2026-09-08,2055,N21,VIIRS,n,N,VIIRS_NOAA21_NRT
24.16105,82.56412,297.3,257.01,3.94,0.42,0.61,2026-09-08,2055,N21,VIIRS,n,N,VIIRS_NOAA21_NRT
24.16183,82.56509,295.7,257.68,3.95,0.42,0.61,2026-09-08,2055,N21,VIIRS,n,N,VIIRS_NOAA21_NRT
26.09373,68.87742,313.82,297.44,1.71,0.45,0.39,2026-09-08,2055,N21,VIIRS,n,N,VIIRS_NOAA21_NRT
26.2584,74.09742,313.85,296.61,1.15,0.41,0.37,2026-09-08,2055,N21,VIIRS,n,N,VIIRS_NOAA21_NRT
26.70292,77.84827,310.07,293.72,3.58,0.39,0.44,2026-09-08,2055,N21,VIIRS,n,N,VIIRS_NOAA21_NRT
26.87415,73.51509,308.59,296.63,1.57,0.39,0.36,2026-09-08,2055,N21,VIIRS,n,N,VIIRS_NOAA21_NRT
26.87747,73.51576,311.23,296.76,1.48,0.39,0.36,2026-09-08,2055,N21,VIIRS,n,N,VIIRS_NOAA21_NRT
26.92614,73.46925,308.18,296.71,1.19,0.39,0.36,2026-09-08,2055,N21,VIIRS,n,N,VIIRS_NOAA21_NRT
28.03767,69.67236,324.15,298.92,2.76,0.44,0.38,2026-09-08,2055,N21,VIIRS,n,N,VIIRS_NOAA21_NRT
8.96161,77.40189,306.06,293.72,0.56,0.38,0.59,2026-09-08,2057,N21,VIIRS,n,N,VIIRS_NOAA21_NRT
10.26176,77.25022,308.6,289.86,1.08,0.35,0.57,2026-09-08,2057,N21,VIIRS,n,N,VIIRS_NOAA21_NRT
10.26518,77.26077,300.34,290.14,0.64,0.35,0.57,2026-09-08,2057,N21,VIIRS,n,N,VIIRS_NOAA21_NRT
10.61471,77.42147,302.44,290.34,0.4,0.36,0.57,2026-09-08,2057,N21,VIIRS,n,N,VIIRS_NOAA21_NRT
10.61572,77.41997,304.11,289.39,0.25,0.36,0.57,2026-09-08,2057,N21,VIIRS,n,N,VIIRS_NOAA21_NRT
11.03921,77.58987,303.79,291.03,0.36,0.36,0.57,2026-09-08,2057,N21,VIIRS,n,N,VIIRS_NOAA21_NRT
11.18072,79.10183,305.61,292.61,2.15,0.46,0.63,2026-09-08,2057,N21,VIIRS,n,N,VIIRS_NOAA21_NRT
11.1821,79.09983,311.76,293.07,1.75,0.46,0.63,2026-09-08,2057,N21,VIIRS,n,N,VIIRS_NOAA21_NRT
11.42799,77.36931,314.3,290.94,1.28,0.34,0.56,2026-09-08,2057,N21,VIIRS,n,N,VIIRS_NOAA21_NRT
28.34513,77.23094,307.2,291.84,0.78,0.38,0.58,2026-09-08,2127,N,VIIRS,n,N,VIIRS_SNPP_NRT
28.744,76.92703,309.02,291.79,0.88,0.35,0.57,2026-09-08,2127,N,VIIRS,n,N,VIIRS_SNPP_NRT
28.74435,76.92632,305.77,291.99,1.24,0.35,0.57,2026-09-08,2127,N,VIIRS,n,N,VIIRS_SNPP_NRT
28.77183,77.56693,306.21,290.42,0.51,0.39,0.59,2026-09-08,2127,N,VIIRS,n,N,VIIRS_SNPP_NRT
29.47554,76.86042,310.75,292.51,0.75,0.34,0.56,2026-09-08,2127,N,VIIRS,n,N,VIIRS_SNPP_NRT
29.47636,76.85699,304.91,291.99,0.75,0.34,0.56,2026-09-08,2127,N,VIIRS,n,N,VIIRS_SNPP_NRT
29.63118,77.24579,303.99,291.79,0.58,0.35,0.57,2026-09-08,2127,N,VIIRS,n,N,VIIRS_SNPP_NRT
32.28975,70.74053,313.42,299.03,2.4,0.44,0.38,2026-09-08,2127,N,VIIRS,n,N,VIIRS_SNPP_NRT
32.65488,70.47535,312.61,297.87,1.05,0.42,0.38,2026-09-08,2127,N,VIIRS,n,N,VIIRS_SNPP_NRT
32.88793,71.61536,312.55,297.11,2.77,0.46,0.39,2026-09-08,2127,N,VIIRS,n,N,VIIRS_SNPP_NRT
33.29699,71.18787,308.57,294.99,0.84,0.44,0.38,2026-09-08,2127,N,VIIRS,n,N,VIIRS_SNPP_NRT
33.54652,71.54891,306.94,295.96,1.34,0.45,0.39,2026-09-08,2127,N,VIIRS,n,N,VIIRS_SNPP_NRT
33.80086,72.09872,306.87,295.32,1.52,0.47,0.4,2026-09-08,2127,N,VIIRS,n,N,VIIRS_SNPP_NRT
33.90252,74.64256,303.02,283.88,1.2,0.41,0.45,2026-09-08,2127,N,VIIRS,n,N,VIIRS_SNPP_NRT
35.96978,68.6861,306.24,292.39,1.1,0.38,0.36,2026-09-08,2127,N,VIIRS,n,N,VIIRS_SNPP_NRT
22.26371,75.1344,305.94,289.82,1.06,0.38,0.59,2026-09-08,2129,N,VIIRS,n,N,VIIRS_SNPP_NRT
23.2817,72.41914,310.48,292.49,0.89,0.49,0.49,2026-09-08,2129,N,VIIRS,n,N,VIIRS_SNPP_NRT
23.28408,72.41761,307.05,292.41,0.91,0.49,0.49,2026-09-08,2129,N,VIIRS,n,N,VIIRS_SNPP_NRT
24.6623,74.63559,305.55,292.59,1.89,0.63,0.54,2026-09-08,2129,N,VIIRS,n,N,VIIRS_SNPP_NRT
24.66258,74.636,304.85,292.63,1.81,0.63,0.54,2026-09-08,2129,N,VIIRS,n,N,VIIRS_SNPP_NRT
24.69026,73.00349,304.37,293.62,1.03,0.5,0.49,2026-09-08,2129,N,VIIRS,n,N,VIIRS_SNPP_NRT
24.93405,74.6332,303.84,292.51,1.36,0.62,0.54,2026-09-08,2129,N,VIIRS,n,N,VIIRS_SNPP_NRT
25.38731,68.58466,319.6,295.89,1.19,0.43,0.38,2026-09-08,2129,N,VIIRS,n,N,VIIRS_SNPP_NRT
26.09434,68.87854,315.79,297.03,1.69,0.44,0.38,2026-09-08,2129,N,VIIRS,n,N,VIIRS_SNPP_NRT
26.87394,73.51777,305.58,295.45,1.38,0.49,0.48,2026-09-08,2129,N,VIIRS,n,N,VIIRS_SNPP_NRT
27.66834,76.12954,304.87,293.68,0.87,0.34,0.56,2026-09-08,2129,N,VIIRS,n,N,VIIRS_SNPP_NRT
28.42417,69.70237,322.16,298.08,1.8,0.44,0.39,2026-09-08,2129,N,VIIRS,n,N,VIIRS_SNPP_NRT
15.13748,76.71239,304.03,287.39,1.38,0.67,0.73,2026-09-08,2131,N,VIIRS,n,N,VIIRS_SNPP_NRT
15.17795,76.657,308.23,287.68,3.05,0.66,0.73,2026-09-08,2131,N,VIIRS,n,N,VIIRS_SNPP_NRT
15.17892,76.66013,304.46,287.58,2.95,0.66,0.73,2026-09-08,2131,N,VIIRS,n,N,VIIRS_SNPP_NRT
15.18275,76.67428,302.85,287.4,1.89,0.66,0.73,2026-09-08,2131,N,VIIRS,n,N,VIIRS_SNPP_NRT
15.22613,76.76373,301.41,287.0,1.03,0.67,0.74,2026-09-08,2131,N,VIIRS,n,N,VIIRS_SNPP_NRT
15.65884,73.9893,310.62,288.94,1.44,0.44,0.62,2026-09-08,2131,N,VIIRS,n,N,VIIRS_SNPP_NRT
15.6609,73.98779,300.61,288.62,1.28,0.43,0.62,2026-09-08,2131,N,VIIRS,n,N,VIIRS_SNPP_NRT
18.57086,74.15802,301.48,289.11,0.94,0.39,0.59,2026-09-08,2131,N,VIIRS,n,N,VIIRS_SNPP_NRT
18.57162,74.15484,303.27,289.09,0.82,0.39,0.59,2026-09-08,2131,N,VIIRS,n,N,VIIRS_SNPP_NRT
18.68038,73.04181,303.95,290.64,2.04,0.33,0.55,2026-09-08,2131,N,VIIRS,n,N,VIIRS_SNPP_NRT
18.68104,73.0387,311.31,290.91,1.06,0.33,0.55,2026-09-08,2131,N,VIIRS,n,N,VIIRS_SNPP_NRT
18.6817,73.03559,303.54,291.62,1.06,0.33,0.55,2026-09-08,2131,N,VIIRS,n,N,VIIRS_SNPP_NRT
18.68233,73.04176,310.34,290.94,1.64,0.33,0.55,2026-09-08,2131,N,VIIRS,n,N,VIIRS_SNPP_NRT
18.68296,73.03863,305.36,291.24,2.36,0.33,0.55,2026-09-08,2131,N,VIIRS,n,N,VIIRS_SNPP_NRT
18.68424,73.03241,313.03,291.62,1.8,0.33,0.55,2026-09-08,2131,N,VIIRS,n,N,VIIRS_SNPP_NRT
18.68609,73.03984,303.23,290.86,1.06,0.33,0.55,2026-09-08,2131,N,VIIRS,n,N,VIIRS_SNPP_NRT
18.6874,73.03365,303.69,291.25,2.33,0.33,0.55,2026-09-08,2131,N,VIIRS,n,N,VIIRS_SNPP_NRT
18.69113,73.041,316.05,290.89,2.15,0.33,0.55,2026-09-08,2131,N,VIIRS,n,N,VIIRS_SNPP_NRT
18.69305,73.04095,316.93,291.47,2.21,0.33,0.55,2026-09-08,2131,N,VIIRS,n,N,VIIRS_SNPP_NRT
19.82081,79.33638,300.96,277.48,1.84,0.78,0.78,2026-09-08,2131,N,VIIRS,n,N,VIIRS_SNPP_NRT
19.93463,73.71231,301.71,287.55,0.43,0.35,0.56,2026-09-08,2131,N,VIIRS,n,N,VIIRS_SNPP_NRT
20.35331,72.95158,302.88,290.82,2.13,0.6,0.53,2026-09-08,2131,N,VIIRS,n,N,VIIRS_SNPP_NRT
20.91132,71.46037,311.82,294.96,1.86,0.48,0.48,2026-09-08,2131,N,VIIRS,n,N,VIIRS_SNPP_NRT
21.10329,72.63621,309.85,291.32,2.74,0.56,0.51,2026-09-08,2131,N,VIIRS,n,N,VIIRS_SNPP_NRT
21.10576,72.64803,305.61,291.86,2.49,0.56,0.51,2026-09-08,2131,N,VIIRS,n,N,VIIRS_SNPP_NRT
22.92725,70.10981,310.63,292.31,4.11,0.55,0.43,2026-09-08,2131,N,VIIRS,n,N,VIIRS_SNPP_NRT
33.80192,72.09927,305.29,292.8,0.84,0.34,0.56,2026-09-08,2146,N20,VIIRS,n,N,VIIRS_NOAA20_NRT
28.42371,69.70055,312.61,296.28,1.47,0.33,0.55,2026-09-08,2148,N20,VIIRS,n,N,VIIRS_NOAA20_NRT
28.42466,69.70048,316.27,296.38,1.68,0.33,0.55,2026-09-08,2148,N20,VIIRS,n,N,VIIRS_NOAA20_NRT
32.38068,72.13797,308.67,295.53,2.19,0.37,0.58,2026-09-08,2148,N20,VIIRS,n,N,VIIRS_NOAA20_NRT
32.65426,70.47233,311.32,295.49,2.8,0.59,0.53,2026-09-08,2148,N20,VIIRS,n,N,VIIRS_NOAA20_NRT
32.88803,71.61674,311.05,294.72,1.72,0.34,0.56,2026-09-08,2148,N20,VIIRS,n,N,VIIRS_NOAA20_NRT
33.2957,71.18346,304.11,292.98,1.07,0.62,0.54,2026-09-08,2148,N20,VIIRS,n,N,VIIRS_NOAA20_NRT
33.40773,71.93846,305.69,293.55,0.71,0.34,0.56,2026-09-08,2148,N20,VIIRS,n,N,VIIRS_NOAA20_NRT
26.25705,74.09361,302.25,291.98,1.01,0.68,0.74,2026-09-08,2150,N20,VIIRS,n,N,VIIRS_NOAA20_NRT
21.10759,72.64679,307.59,,10.14,1.37,1.16,2026-09-08,2316,Aqua,MODIS,72,N,MODIS_NRT
21.74266,83.84487,304.53,,5.32,1.15,1.07,2026-09-09,0308,Terra,MODIS,37,D,MODIS_NRT
9.47193,78.64805,330.47,293.78,3.7,0.67,0.74,2026-09-09,0720,N20,VIIRS,n,D,VIIRS_NOAA20_NRT
17.32554,80.95416,326.41,283.61,1.91,0.33,0.55,2026-09-09,0720,N20,VIIRS,n,D,VIIRS_NOAA20_NRT
22.37596,87.27834,330.26,290.61,4.77,0.39,0.37,2026-09-09,0722,N20,VIIRS,n,D,VIIRS_NOAA20_NRT
23.55772,87.24059,334.66,294.07,3.12,0.39,0.36,2026-09-09,0722,N20,VIIRS,n,D,VIIRS_NOAA20_NRT
23.66329,87.15471,339.78,298.1,3.13,0.39,0.36,2026-09-09,0722,N20,VIIRS,n,D,VIIRS_NOAA20_NRT
23.66389,87.15851,335.58,296.65,3.13,0.39,0.36,2026-09-09,0722,N20,VIIRS,n,D,VIIRS_NOAA20_NRT
23.69552,86.07839,332.85,288.71,4.86,0.41,0.37,2026-09-09,0722,N20,VIIRS,n,D,VIIRS_NOAA20_NRT
23.71214,86.45125,334.91,293.46,4.66,0.4,0.37,2026-09-09,0722,N20,VIIRS,n,D,VIIRS_NOAA20_NRT
24.87994,97.06812,330.79,289.2,1.74,0.33,0.55,2026-09-09,0722,N20,VIIRS,n,D,VIIRS_NOAA20_NRT
25.17406,97.27593,351.73,291.17,5.49,0.34,0.56,2026-09-09,0722,N20,VIIRS,n,D,VIIRS_NOAA20_NRT
27.01406,87.4416,345.56,302.78,15.12,0.38,0.36,2026-09-09,0724,N20,VIIRS,n,D,VIIRS_NOAA20_NRT
27.79294,95.92587,331.25,290.81,2.87,0.61,0.53,2026-09-09,0724,N20,VIIRS,n,D,VIIRS_NOAA20_NRT
27.8131,96.25957,331.39,292.33,1.89,0.32,0.54,2026-09-09,0724,N20,VIIRS,n,D,VIIRS_NOAA20_NRT
27.87007,96.91795,332.8,291.81,2.58,0.35,0.57,2026-09-09,0724,N20,VIIRS,n,D,VIIRS_NOAA20_NRT
28.01386,96.66398,347.14,293.99,26.78,0.34,0.56,2026-09-09,0724,N20,VIIRS,n,D,VIIRS_NOAA20_NRT
28.01411,96.66708,343.3,289.66,16.74,0.34,0.56,2026-09-09,0724,N20,VIIRS,n,D,VIIRS_NOAA20_NRT
31.36776,72.37775,351.82,296.63,8.62,0.55,0.68,2026-09-09,0726,N20,VIIRS,n,D,VIIRS_NOAA20_NRT
31.36939,72.37938,343.79,296.35,5.28,0.55,0.68,2026-09-09,0726,N20,VIIRS,n,D,VIIRS_NOAA20_NRT
36.7701,81.79086,338.75,310.86,6.67,0.42,0.38,2026-09-09,0726,N20,VIIRS,l,D,VIIRS_NOAA20_NRT
